"path","type","bytes","sha256","consumers","scope","ownership"
"data/texture/amazu/amazu_w_05.bmp","ground_texture","66612","not_yet_hashed","ab_lava1","unknown","not_verified"
"data/texture/aurora/aurora_bot02_.bmp","ground_texture","66612","not_yet_hashed","ch2safe3;deadroot","unknown","not_verified"
"data/texture/BACKSIDE.BMP","ground_texture","65604","not_yet_hashed","06guild_r;1@20cn2;1@4drk;1@4inq;1@4mst;1@4sac;1@4tro;1@4win;1@adv;1@advs;1@air1;1@air2;1@alta;1@ba_go;1@bamn;1@bamq;1@cash;1@cata;1@ch1a;1@ch1b;1@ch2a;1@ch2b;1@cor;1@drdo;1@ecl;1@ep21a;1@ep21b;1@ep21c;1@exds;1@exhn;1@exnw;1@exsr;1@f_lake;1@face;1@ffp;1@gat;1@ge_sn;1@ge_st;1@gef;1@ghg;1@gl_he;1@gl_he2;1@gl_k;1@gl_k2;1@gl_kh;1@gl_prq;1@glast;1@gol2;1@herbs;1@hgd1;1@iwp;1@jorchs;1@jorlab;1@krns;1@lab;1@lhz;1@lost;1@ma_c;1@mdtem;1@mjo1;1@mjo2;1@nyd;1@nyr;1@odin;1@orcs;1@os_a;1@os_b;1@oz;1@pop2;1@pop3;1@pump;1@rev;1@rgsr;1@slw;1@spa;1@spa2;1@sthb;1@swat;1@tcamp;1@thts;1@tnm1;1@tnm3;1@twig;1@uns;1@vrac1;1@vrcas;1@vrclo;1@vrev;1@vrgen;1@vrhha;1@vrpo;1@vrpop;1@vrsn;1@whl;1@wtgs;1@xm_d;1@xm_d2;2@cata;2@gl_k;2@gl_k2;2@gl_kh;2@mdtem;2@nyd;2@nyr;2@orcs;2@pump;2@thts;2025arena2;2025arena5;25ros03_01;3@thts;4@thts;5@thts;6@thts;7@thts;ab_ground1;ab_ice1;ab_lava1;ab_venom1;abbey01;abbey03;abyss_02;abyss_04;air_if;airplane;airplane2;airport;alb_ship;alb2trea;alberta_in;alde_alche;alde_dun01;alde_dun02;alde_dun04;aldeba_in;aldebaran;aldeg_cas01;aldeg_cas02;aldeg_cas03;aldeg_cas04;aldeg_cas05;ama_dun02;ama_fild01;amatsu;amicit01;amicit02;amicitia1;amicitia2;ant_d02_i;anthell01;anthell02;arena_room;arug_cas01;arug_cas03;auction_01;auction_02;ayo_fild02;ayo_in01;ba_2whs01;ba_2whs02;ba_bath;ba_chess;ba_go;ba_in01;ba_lib;ba_lost;ba_maison;ba_pw01;ba_pw02;ba_pw03;ba_void;bat_a01;bat_c01;bat_room;beach_dun2;beach_dun3;bif_fild01;bif_fild02;bl_depth2;bl_grass;bl_ice;bl_temple;bl_venom;bra_dun01;bra_dun02;bra_fild01;bra_in01;brasilis;c_tower2;c_tower2_;c_tower3;c_tower3_;cave;ch1_dw;ch1_geffen;ch1_gfn01;ch1_gfn03;ch1_sf01;ch1_sf02;ch1_sf03;ch1_vrgef2;ch1fild1;ch1zero2;ch1zero3;ch1zero4;ch2gms;ch2safe1;ch2safe2;ch2safe3;ch2safe4;clock_01;cmd_bhole;cmd_fild01;cmd_fild03;cmd_fild05;cmd_fild06;cmd_fild07;cmd_fild08;cmd_fild09;cmd_in02;com_d02_i;deadroot;dew_dun01;dew_fild01;dew_in01;dic_dun01;dic_dun02;dic_fild01;dic_fild02;dic_in01;dicastes01;dicastes02;e_tower;ecl_hub01;ecl_in01;ecl_in02;ecl_in03;ein_dun03;ein_fild01;ein_fild02;ein_fild03;ein_fild05;ein_fild06;ein_fild07;ein_fild08;ein_in01;einbech;evt_bomb;evt_mobroom;for_dun01;for_dun02;force_map1;force_map2;force_map3;gef_dun00;gef_fild00;gef_fild01;gef_fild02;gef_fild03;gef_fild04;gef_fild05;gef_fild06;gef_fild07;gef_fild08;gef_fild09;gef_fild10;gef_fild11;gef_fild12;gef_fild13;geffen;gl_knt01;gl_knt02;gl_sew02;glast_01;gld_dun02;gld2_gef;gld2_prt;gon_fild01;grademk;gw_fild01;gw_fild02;hem_dun01;hem_dun02;hem_fild;hero_dun1;hero_ent2;hero_in1;hero_in2;hero_in3;hero_in4;hero_out1;hero_out2;hero_out3;hero_out4;hu_fild02;hu_fild03;hu_fild04;hu_fild06;hu_fild07;hu_in01;icas_in;icas_in2;ice_d03_i;ice_dun01;ice_dun02;ice_dun03;ice_dun04;icecastle;in_moc_16;in_orcs01;in_sphinx2;in_sphinx3;in_sphinx4;in_sphinx5;int_land;int_land01;int_land02;int_land03;int_land04;iz_ac01;iz_ac01_a;iz_ac01_b;iz_ac01_c;iz_ac01_d;iz_d04_i;iz_d05_i;iz_dun03;iz_dun04;iz_dun05;iz_ng01;izlude;izlude_a;izlude_b;izlude_c;izlude_d;jalbe_in;jawaii;jawaii_in;job_cru;job_gun;job_hunte;job_hunter;job_monk;job_priest;job_prist;job_sage;job_soul;job_star;job_sword1;job_thief1;job_wiz;job3_arch01;job3_arch02;job3_gen01;job3_guil01;job3_guil02;job3_guil03;job3_rang01;job3_rang02;job3_rune01;job3_rune02;job3_sha01;job3_war01;job4_bio;job4_tro;jor_ab01;jor_ab02;jor_back1;jor_back3;jor_base;jor_crk;jor_crk_p;jor_dun01;jor_dun02;jor_dun03;jor_maze;jor_mbase;jor_nest;jor_que;jor_raise1;jor_raise2;jor_root1;jor_root2;jor_root3;jor_safty2;jor_sanct;jor_sklf1;jor_sklf2;jor_tail;jor_tmple1;jor_tmple2;jor_twig;jupe_area1;jupe_area2;jupe_cave;jupe_core;jupe_ele;kh_dun01;kh_dun02;kh_kiehl01;kh_kiehl02;kh_mansion;kh_rossi;kh_school;kh_vila;kin_in01;kindlbrk;lasa_dun01;lasa_dun02;lasa_fild01;lasa_sea;lasagna;lhz_cube;lhz_d_n2;lhz_dun01;lhz_dun02;lhz_dun04;lhz_fild02;lhz_fild03;lhz_in01;lhz_in02;lhz_in03;lhz_que01;lou_dun03;lou_in01;lou_in02;luna_sf1;luna_sf2;ma_in01;mal_dun01;mal_in01;malaya;man_fild01;man_fild02;man_fild03;man_in01;manuk;memohall;mid_camp;mjo_dun01;mjo_dun02;mjo_dun03;mjo_wst01;mjolnir_01;mjolnir_02;mjolnir_03;mjolnir_04;mjolnir_04_1;mjolnir_05;mjolnir_06;mjolnir_07;mjolnir_08;mjolnir_09;mjolnir_10;mjolnir_11;mjolnir_12;moc_akhet;moc_fild01;moc_fild02;moc_fild03;moc_fild04;moc_fild05;moc_fild06;moc_fild07;moc_fild08;moc_fild09;moc_fild10;moc_fild11;moc_fild12;moc_fild13;moc_fild14;moc_fild15;moc_fild16;moc_fild17;moc_fild18;moc_fild19;moc_fild21;moc_fild22;moc_fild22b;moc_para01;moc_pryd01;moc_pryd02;moc_pryd03;moc_pryd04;moc_pryd05;moc_pryd06;moc_prydb1;moc_prydn1;moc_prydn2;moc_ruins;monk_in;monk_test;mora;moro_cav;moro_vol;morocc;moscovia;mosk_dun02;mosk_dun03;mosk_in;mosk_que;mu_dun01;mu_dun02;mu_fild01;mu_fild02;mu_fild03;n_castle;nakhyang;nameless_i;nameless_in;nameless_n;new_event;new_zone01;new_zone03;nif_dun01;nif_dun02;nif_fild03;nyd_dun01;nyd_dun02;odin_past;odin_tem01;odin_tem02;odin_tem03;orcsdun01;orcsdun02;ordeal_a02;oz_dun01;oz_dun02;paramk;pay_dun04;pay_fild01;pay_fild02;pay_fild03;pay_fild04;pay_fild05;pay_fild06;pay_fild07;pay_fild08;pay_fild09;pay_fild10;pay_fild11;pay_gld;payg_cas02;payg_cas05;poring_w02;prt_cas;prt_fild00;prt_fild01;prt_fild02;prt_fild03;prt_fild04;prt_fild05;prt_fild06;prt_fild07;prt_fild08;prt_fild08a;prt_fild08b;prt_fild08c;prt_fild08d;prt_fild09;prt_fild10;prt_maze01;prt_maze02;prt_maze03;prt_mk;prt_monk;prt_mz03_i;prt_prison;prt_sewb1;prt_sewb2;prt_sewb3;prt_sewb4;prtg_cas02;prtg_cas04;prtg_cas05;pub_cat;pvp_2vs2;pvp_room;pvp_y_1-2;pvp_y_2-2;pvp_y_3-2;pvp_y_4-2;pvp_y_5-2;pvp_y_6-2;pvp_y_7-2;pvp_y_8-2;que_avan01;que_ba;que_bingo;que_dan01;que_dan02;que_god01;que_hugel;que_job01;que_job02;que_lhz;que_ng;que_qsch01;que_rachel;que_swat;que_thor;que_thr;quiz_01;quiz_02;ra_fild01;ra_fild02;ra_fild03;ra_fild05;ra_fild06;ra_fild08;ra_fild09;ra_fild10;ra_fild11;ra_fild12;ra_fild13;ra_pol01;ra_san03;ra_san04;ra_san05;ra_temin;ra_temple;rachel;rag_fes;rag_fes_a;rgsr_in;rockmi1;rockmi2;rockrdg1;rockrdg2;s_atelier;schg_dun01;sec_in01;sec_in02;silk_lair;slabw01;sp_cor;sp_os;sp_rudus;sp_rudus2;sp_rudus3;sp_rudus4;spl_fild01;spl_fild02;spl_fild03;spl_in01;splendide;starhall;t_garden;te_aldecas1;te_aldecas2;te_aldecas3;te_aldecas4;te_aldecas5;te_prtcas02;te_prtcas04;te_prtcas05;teg_dun02;tha_t02;tha_t03;tha_t04;tha_t05;tha_t06;tha_t07;tha_t08;tha_t09;tha_t10;tha_t11;tha_t12;thana_step;thor_camp;thor_v03;tra_fild;tra_fild01;tra_fild02;tra_fild03;tur_d03_i;tur_dun01;tur_dun03;umbala;un_bk_q;un_bunker;un_myst;ve_fild02;ve_fild03;ve_fild07;ve_in02;veins;veledor;ver_tunn;verus01;verus03;verus04;vr_bob;vr_cas;vr_clo1;vr_gen;vr_po;vr_pop1;wolfvill;x_lhz;x_prt;x_prt_evt;x_ra;xmas_dun01;xmas_dun02;xmas_fild01;ygg_fruit;ygg_roots;yuno;yuno_fild01;yuno_fild02;yuno_fild03;yuno_fild04;yuno_fild05;yuno_fild06;yuno_fild07;yuno_fild08;yuno_fild09;yuno_fild12;yuno_pre","unknown","not_verified"
"data/texture/backtrans.bmp","ground_texture","65604","not_yet_hashed","force_map1;force_map2;job_cru;job_knight;job_knt;job_prist;job_sage;job_wiz;monk_test","unknown","not_verified"
"data/texture/bifrost/bif_bottom00.bmp","ground_texture","66612","not_yet_hashed","grademk;mora;paramk","unknown","not_verified"
"data/texture/bifrost/bif_bottom01.bmp","ground_texture","66612","not_yet_hashed","mora","unknown","not_verified"
"data/texture/bifrost/bif_bottom02.bmp","ground_texture","66612","not_yet_hashed","mora","unknown","not_verified"
"data/texture/bifrost/bif_bottom03.bmp","ground_texture","66612","not_yet_hashed","mora","unknown","not_verified"
"data/texture/bifrost/bif_bottom04.bmp","ground_texture","66612","not_yet_hashed","mora","unknown","not_verified"
"data/texture/bifrost/bif_bottom06.bmp","ground_texture","66612","not_yet_hashed","mora","unknown","not_verified"
"data/texture/bifrost/bif_bottom07.bmp","ground_texture","66612","not_yet_hashed","mora","unknown","not_verified"
"data/texture/bifrost/bif_bottom08.bmp","ground_texture","66612","not_yet_hashed","mora","unknown","not_verified"
"data/texture/bifrost/bif_bottom09.bmp","ground_texture","66612","not_yet_hashed","mora","unknown","not_verified"
"data/texture/bifrost/bif_bottom10.bmp","ground_texture","66612","not_yet_hashed","mora","unknown","not_verified"
"data/texture/bifrost/bif_bottom11.bmp","ground_texture","66612","not_yet_hashed","mora","unknown","not_verified"
"data/texture/bifrost/bif_field01.bmp","ground_texture","66612","not_yet_hashed","1@mist;2@vrpop;3@vrpop;bif_fild01;bif_fild02;vr_pop2;vr_pop3","unknown","not_verified"
"data/texture/bifrost/bif_field02.bmp","ground_texture","66612","not_yet_hashed","1@mist;2@vrpop;bif_fild01;bif_fild02;vr_pop2","unknown","not_verified"
"data/texture/bifrost/bif_field03.bmp","ground_texture","66612","not_yet_hashed","1@mist;2@vrpop;3@vrpop;bif_fild01;bif_fild02;vr_pop2;vr_pop3","unknown","not_verified"
"data/texture/bifrost/bif_field04.bmp","ground_texture","66612","not_yet_hashed","1@mist;2@vrpop;bif_fild01;bif_fild02;vr_pop2","unknown","not_verified"
"data/texture/bifrost/bif_field05.bmp","ground_texture","66612","not_yet_hashed","1@mist;2@vrpop;3@vrpop;bif_fild01;bif_fild02;vr_pop2;vr_pop3","unknown","not_verified"
"data/texture/bifrost/bif_field06.bmp","ground_texture","66612","not_yet_hashed","1@mist;2@vrpop;bif_fild01;bif_fild02;vr_pop2","unknown","not_verified"
"data/texture/bifrost/bif_p27.bmp","ground_texture","66616","not_yet_hashed","1@mist;bif_fild02","unknown","not_verified"
"data/texture/bifrost/bif_wall01.bmp","ground_texture","66612","not_yet_hashed","grademk;mora;paramk","unknown","not_verified"
"data/texture/bifrost/bif_wall02.bmp","ground_texture","66612","not_yet_hashed","mora","unknown","not_verified"
"data/texture/bifrost/bif_wall03.bmp","ground_texture","66612","not_yet_hashed","mora","unknown","not_verified"
"data/texture/bifrost/bif_wall04.bmp","ground_texture","66612","not_yet_hashed","mora","unknown","not_verified"
"data/texture/bifrost/bif_wall05.bmp","ground_texture","66612","not_yet_hashed","mora","unknown","not_verified"
"data/texture/BLACK.BMP","ground_texture","2104","not_yet_hashed","1@20cn1;1@4igd;1@air1;1@air2;1@ch_t;1@ch_u;1@def01;1@dime;1@exsh;1@gef_in;1@gol1;1@iwp;1@jorchs;1@jtb;1@ma_b;1@ma_h;1@mcd;1@mir;1@pop2;1@sara;1@slug;1@slw;1@soul;1@spa;1@spa2;1@sthc;1@tower;1@tre;1@twsd;1@vrac2;2@ch_t;2@mir;2@tower;2@vrpop;2025arena1;2025arena4;2025arena5;3@ch_t;3@tower;3@vrpop;4@tower;5@tower;6@tower;abbey02;abyss_01;abyss_03;abyss_04;alberta;alde_tt02;alde_tt03;aldeg_cas01;aldeg_cas02;aldeg_cas03;aldeg_cas04;aldeg_cas05;ama_dun01;ama_dun03;ama_in01;ama_in02;ama_test;aru_gld;arug_cas02;arug_dun01;arug_que01;ayo_dun01;ayo_dun02;ayo_fild01;ayo_in02;bl_lava;ch1_gef_in;ch1_gfn01;ch1_gfn03;ch1_vrgef1;ch1fild1;ch1zero1;ch1zero3;ch1zero4;cmd_fild02;cmd_fild04;conch_in;dew_dun02;dewata;e_hugel;ecl_tdun01;ecl_tdun02;ecl_tdun03;ecl_tdun04;eclage;ein_d02_i;ein_dun01;ein_dun02;ein_fild04;ein_fild08;ein_fild09;ein_in01;einbroch;gef_fild11;gef_fild14;gefenia01;gefenia02;gefenia03;gefenia04;geffen_in;gefg_cas01;gefg_cas02;gefg_cas03;gefg_cas04;gefg_cas05;gld_dun03;gld_dun04;gld2_pay;gon_dun01;gon_dun02;gon_dun03;gon_in;gon_test;guild_vs1;guild_vs2;guild_vs3;guild_vs4;guild_vs5;har_in01;harboro1;harboro2;hem_dun02;hero_ent1;hero_ent3;hero_tra;httyd_01;httyd_02;hu_fild01;hu_fild05;hugel;in_rogue;in_sphinx1;iz_ac02;iz_ac02_a;iz_ac02_b;iz_ac02_c;iz_ac02_d;iz_dun02;iz_in_a;iz_in_b;iz_in_c;iz_in_d;iz_int;iz_int01;iz_int02;iz_int03;iz_int04;iz_ng01;izlude;izlude_a;izlude_b;izlude_c;izlude_d;izlude_in;jawaii_in;job_duncer;job_ko;jor_ab01;jor_albe;jor_back1;jor_back2;jor_back4;jor_back5;jor_back6;jor_dun01;jor_nest;jor_safty1;jor_twice;juperos_01;juperos_02;lasa_dun_q;lasa_dun03;lasa_fild02;lasa_in01;lhz_d_n2;lhz_dun_n;lhz_dun03;lhz_dun04;lhz_fild01;lhz_fild02;lighthalzen;lou_dun01;lou_dun02;louyang;ma_dun01;ma_fild01;ma_fild02;mag_dun01;mag_dun02;mag_dun03;mal_in02;malangdo;mbase_in;mid_campin;mjolnir_03;mjolnir_04;mjolnir_04_1;mjolnir_08;mjolnir_10;moc_fild20;mosk_dun01;mosk_fild01;mosk_fild02;mosk_in;mosk_ship;nif_fild02;nif_in;niflheim;niflxmas;pay_arche;pay_fild08;payg_cas01;payg_cas02;payg_cas03;payg_cas04;payg_cas05;payon;payon_in01;payon_in02;payon_in03;prt_are_in;prt_are01;prt_castle;prt_fild10;prt_fild11;prt_gld;prt_lib;prt_lib_q;prt_q;prtg_cas01;prtg_cas02;prtg_cas03;prtg_cas05;pvp_y_1-2;pvp_y_2-2;pvp_y_3-2;pvp_y_4-2;pvp_y_5-2;pvp_y_6-2;pvp_y_7-2;pvp_y_8-2;que_house_s;que_lhz;que_sign01;quiz_00;quiz_02;ra_fild04;ra_fild07;ra_in01;ra_san01;ra_san02;rebel_in;s_atelier;schg_cas02;schg_cas03;sec_pri;siege_test;star_frst;star_in;te_aldecas1;te_aldecas2;te_aldecas3;te_aldecas4;te_aldecas5;te_prt_gld;te_prtcas01;te_prtcas02;te_prtcas03;te_prtcas05;teg_dun01;tha_scene01;tha_t01;thor_v01;thor_v02;treasure_n1;treasure_n2;treasure01;treasure02;tur_d04_i;tur_d04ia;tur_d04ib;tur_dun02;tur_dun04;tur_dun05;tur_dun06;turbo_room;um_dun01;um_dun02;um_fild01;um_fild02;um_fild03;um_fild04;um_in;ve_fild01;ve_fild04;ve_fild05;ve_fild06;ve_in;ver_eju;verus02;verus02_a;verus02_b;vr_pop2;vr_pop3;xmas;xmas_in;yggdrasil01;yuno_fild08;yuno_fild10;yuno_fild11;yuno_in01;yuno_in02;yuno_in03;yuno_in04;yuno_in05","unknown","not_verified"
"data/texture/blue.bmp","ground_texture","328","not_yet_hashed","ch1fild1;ch2safe1;veledor","unknown","not_verified"
"data/texture/brasilis/bra_bottom01.bmp","ground_texture","66612","not_yet_hashed","brasilis","unknown","not_verified"
"data/texture/brasilis/bra_bottom02.bmp","ground_texture","66612","not_yet_hashed","brasilis","unknown","not_verified"
"data/texture/brown.bmp","ground_texture","328","not_yet_hashed","jor_sklf1;jor_tmple1","unknown","not_verified"
"data/texture/camp/jt_campi001.bmp","ground_texture","17460","not_yet_hashed","mbase_in;mid_campin","unknown","not_verified"
"data/texture/camp/jt_campin001.bmp","ground_texture","66612","not_yet_hashed","mbase_in;mid_campin","unknown","not_verified"
"data/texture/camp/jt_campin002.bmp","ground_texture","66612","not_yet_hashed","mbase_in;mid_campin","unknown","not_verified"
"data/texture/camp/jt_campin003.bmp","ground_texture","66612","not_yet_hashed","mbase_in;mid_campin","unknown","not_verified"
"data/texture/camp/jt_camps002.bmp","ground_texture","66612","not_yet_hashed","un_myst","unknown","not_verified"
"data/texture/chch2-side1.bmp","ground_texture","33846","not_yet_hashed","alde_tt02;alde_tt03","unknown","not_verified"
"data/texture/comodo/comodo_s_02.bmp","ground_texture","263220","not_yet_hashed","ab_lava1;ch2safe2;ch2safe3;deadroot;mu_dun02;mu_fild02;mu_fild03","unknown","not_verified"
"data/texture/crazy_i/crazy_b01.bmp","ground_texture","66616","not_yet_hashed","1@herbs;ba_2whs01;ba_2whs02","unknown","not_verified"
"data/texture/crazy_i/crazy_b02.bmp","ground_texture","66616","not_yet_hashed","1@herbs","unknown","not_verified"
"data/texture/dewata/ind_dun01.bmp","ground_texture","66612","not_yet_hashed","dew_dun02","unknown","not_verified"
"data/texture/dewata/ind_dun02.bmp","ground_texture","66612","not_yet_hashed","dew_dun02","unknown","not_verified"
"data/texture/dewata/ind_dun03.bmp","ground_texture","66612","not_yet_hashed","dew_dun02","unknown","not_verified"
"data/texture/dewata/ind_dun04.bmp","ground_texture","66612","not_yet_hashed","dew_dun02","unknown","not_verified"
"data/texture/dewata/indo_46.bmp","ground_texture","66612","not_yet_hashed","ba_lib","unknown","not_verified"
"data/texture/dewata/indo_54.bmp","ground_texture","66612","not_yet_hashed","dew_in01","unknown","not_verified"
"data/texture/dewata/indo_55.bmp","ground_texture","66612","not_yet_hashed","dew_in01","unknown","not_verified"
"data/texture/dewata/indo_56.bmp","ground_texture","66612","not_yet_hashed","dew_in01","unknown","not_verified"
"data/texture/dewata/indo_57.bmp","ground_texture","66612","not_yet_hashed","dew_in01","unknown","not_verified"
"data/texture/dewata/indo_60.bmp","ground_texture","66612","not_yet_hashed","dewata","unknown","not_verified"
"data/texture/dewata/krakatau001.bmp","ground_texture","66612","not_yet_hashed","dew_dun01","unknown","not_verified"
"data/texture/dewata/krakatau002.bmp","ground_texture","66612","not_yet_hashed","dew_dun01","unknown","not_verified"
"data/texture/dewata/krakatau003.bmp","ground_texture","66612","not_yet_hashed","dew_dun01","unknown","not_verified"
"data/texture/dicastes/black.bmp","ground_texture","324","not_yet_hashed","1@exhn;1@exse","unknown","not_verified"
"data/texture/dicastes/dic_block01.bmp","ground_texture","66612","not_yet_hashed","dicastes01","unknown","not_verified"
"data/texture/dicastes/dic_block02.bmp","ground_texture","66612","not_yet_hashed","dicastes01","unknown","not_verified"
"data/texture/dicastes/dic_block03.bmp","ground_texture","66612","not_yet_hashed","dicastes01","unknown","not_verified"
"data/texture/dicastes/dic_block04.bmp","ground_texture","66612","not_yet_hashed","dicastes01","unknown","not_verified"
"data/texture/dicastes/dic_block05.bmp","ground_texture","66612","not_yet_hashed","dicastes01","unknown","not_verified"
"data/texture/dicastes/dic_block06.bmp","ground_texture","66612","not_yet_hashed","dicastes01","unknown","not_verified"
"data/texture/dicastes/dic_block07.bmp","ground_texture","66612","not_yet_hashed","dicastes01","unknown","not_verified"
"data/texture/dicastes/dic_block08.bmp","ground_texture","66612","not_yet_hashed","dic_in01;dicastes01","unknown","not_verified"
"data/texture/dicastes/dic_bottom01.bmp","ground_texture","66612","not_yet_hashed","bl_ice;dic_fild01;dic_in01;dicastes01;dicastes02","unknown","not_verified"
"data/texture/dicastes/dic_bottom02.bmp","ground_texture","66612","not_yet_hashed","bl_ice;dic_fild01;dicastes01;dicastes02","unknown","not_verified"
"data/texture/dicastes/dic_bottom03.bmp","ground_texture","66612","not_yet_hashed","bl_ice;dic_fild01;dicastes01;dicastes02","unknown","not_verified"
"data/texture/dicastes/dic_bottom04.bmp","ground_texture","66612","not_yet_hashed","bl_ice;dic_fild01;dicastes01;dicastes02","unknown","not_verified"
"data/texture/dicastes/dic_bottom05.bmp","ground_texture","66612","not_yet_hashed","bl_ice;dic_fild01;dicastes01;dicastes02","unknown","not_verified"
"data/texture/dicastes/dic_bottom06.bmp","ground_texture","66612","not_yet_hashed","bl_ice;dic_fild01;dic_fild02;dicastes01;dicastes02","unknown","not_verified"
"data/texture/dicastes/dic_bottom07.bmp","ground_texture","66612","not_yet_hashed","bl_ice;dic_fild01;dicastes01;dicastes02","unknown","not_verified"
"data/texture/dicastes/dic_bridge01.bmp","ground_texture","66584","not_yet_hashed","dic_in01","unknown","not_verified"
"data/texture/dicastes/dic_dgbt01.bmp","ground_texture","66612","not_yet_hashed","dic_dun01","unknown","not_verified"
"data/texture/dicastes/dic_dgbt02.bmp","ground_texture","66612","not_yet_hashed","dic_dun01;dic_dun02","unknown","not_verified"
"data/texture/dicastes/dic_dgpl02.bmp","ground_texture","66612","not_yet_hashed","dic_dun01","unknown","not_verified"
"data/texture/dicastes/dic_dgwl01.bmp","ground_texture","66612","not_yet_hashed","dic_dun01","unknown","not_verified"
"data/texture/dicastes/dic_dgwl02.bmp","ground_texture","66612","not_yet_hashed","dic_dun01;rockrdg1","unknown","not_verified"
"data/texture/dicastes/dic_dgwl03.bmp","ground_texture","66612","not_yet_hashed","dic_dun01;rockrdg1","unknown","not_verified"
"data/texture/dicastes/dic_dgwl04.bmp","ground_texture","66612","not_yet_hashed","dic_dun01;dic_dun02","unknown","not_verified"
"data/texture/dicastes/dic_dgwl05.bmp","ground_texture","66612","not_yet_hashed","dic_dun01;dic_dun02","unknown","not_verified"
"data/texture/dicastes/dic_dgwl06.bmp","ground_texture","66612","not_yet_hashed","dic_dun01;dic_dun02","unknown","not_verified"
"data/texture/dicastes/dic_ground01.bmp","ground_texture","66612","not_yet_hashed","dicastes01","unknown","not_verified"
"data/texture/dicastes/dic_ground02.bmp","ground_texture","66612","not_yet_hashed","dicastes01","unknown","not_verified"
"data/texture/dicastes/dic_ground03.bmp","ground_texture","66612","not_yet_hashed","dicastes01","unknown","not_verified"
"data/texture/dicastes/dic_ground04.bmp","ground_texture","66612","not_yet_hashed","dicastes01","unknown","not_verified"
"data/texture/dicastes/dic_in_bottom01.bmp","ground_texture","66612","not_yet_hashed","1@gol1;1@lab;1@rgsr;1@vrhha;1@vrsn;dic_in01;pub_cat;rgsr_in;un_bk_q;un_bunker;un_myst","unknown","not_verified"
"data/texture/dicastes/dic_in_bottom02.bmp","ground_texture","66612","not_yet_hashed","1@gol1;1@slw;dic_in01;slabw01;un_bk_q;un_bunker","unknown","not_verified"
"data/texture/dicastes/dic_in_bottom03.bmp","ground_texture","66612","not_yet_hashed","1@slw;dic_in01;grademk;paramk;un_bk_q;un_bunker","unknown","not_verified"
"data/texture/dicastes/dic_in_bottom04.bmp","ground_texture","66612","not_yet_hashed","dic_in01;un_bk_q;un_bunker","unknown","not_verified"
"data/texture/dicastes/dic_in_bottom05.bmp","ground_texture","66612","not_yet_hashed","dic_in01","unknown","not_verified"
"data/texture/dicastes/dic_in_bottom06.bmp","ground_texture","66612","not_yet_hashed","1@vrac1;1@vrac2;ba_in01;dic_in01;iz_ac01;iz_ac01_a;iz_ac01_b;iz_ac01_c;iz_ac01_d;iz_ac02;iz_ac02_a;iz_ac02_b;iz_ac02_c;iz_ac02_d","unknown","not_verified"
"data/texture/dicastes/dic_in_ftr03.bmp","ground_texture","33844","not_yet_hashed","dicastes01","unknown","not_verified"
"data/texture/dicastes/dic_in_wall01.bmp","ground_texture","66612","not_yet_hashed","dic_in01;dicastes01","unknown","not_verified"
"data/texture/dicastes/dic_in_wall02.bmp","ground_texture","66612","not_yet_hashed","dic_in01;grademk;paramk","unknown","not_verified"
"data/texture/dicastes/dic_in_wall03.bmp","ground_texture","66612","not_yet_hashed","1@exnw;1@vrhha;dic_in01;rebel_in","unknown","not_verified"
"data/texture/dicastes/dic_in_wall04.bmp","ground_texture","66612","not_yet_hashed","dic_in01;rebel_in","unknown","not_verified"
"data/texture/dicastes/dic_in_wall05.bmp","ground_texture","66612","not_yet_hashed","dic_in01","unknown","not_verified"
"data/texture/eclage/ecl_door01.bmp","ground_texture","66612","not_yet_hashed","ecl_tdun04;grademk;paramk","unknown","not_verified"
"data/texture/eclage/ecl_fild_bottom01.bmp","ground_texture","66612","not_yet_hashed","1@ba_go;1@dth1;1@dth2;1@dth3;1@ecl;1@ghg;1@lost;1@pdb;ba_go;ba_lost;bl_depth1;ecl_fild01;ecl_in02;hero_lb;hero_out1","unknown","not_verified"
"data/texture/eclage/ecl_fild_bottom02.bmp","ground_texture","66612","not_yet_hashed","1@ba_go;1@lost;ba_go;ba_lost","unknown","not_verified"
"data/texture/eclage/ecl_flower.bmp","ground_texture","66612","not_yet_hashed","bl_depth1;bl_depth2","unknown","not_verified"
"data/texture/eclage/ecl_in_bottom01.bmp","ground_texture","66612","not_yet_hashed","ecl_in03;que_avan01","unknown","not_verified"
"data/texture/eclage/ecl_in_cape.bmp","ground_texture","66612","not_yet_hashed","ecl_in03","unknown","not_verified"
"data/texture/eclage/ecl_in_cape2.bmp","ground_texture","66612","not_yet_hashed","1@vrcas;ecl_in03;prt_cas;vr_cas","unknown","not_verified"
"data/texture/eclage/ecl_in_redca.bmp","ground_texture","33844","not_yet_hashed","ecl_in01;ecl_in03","unknown","not_verified"
"data/texture/eclage/ecl_in_wall01.bmp","ground_texture","66612","not_yet_hashed","ecl_in03;grademk;paramk","unknown","not_verified"
"data/texture/eclage/ecl_obj03_01.bmp","ground_texture","66612","not_yet_hashed","grademk;paramk","unknown","not_verified"
"data/texture/eclage/ecl_obj03.bmp","ground_texture","66612","not_yet_hashed","ecl_tdun01","unknown","not_verified"
"data/texture/eclage/ecl_obj04.bmp","ground_texture","66612","not_yet_hashed","ecl_tdun01","unknown","not_verified"
"data/texture/eclage/ecl_sq_bottom01.bmp","ground_texture","66612","not_yet_hashed","ecl_in01","unknown","not_verified"
"data/texture/eclage/ecl_sq_bottom02.bmp","ground_texture","66612","not_yet_hashed","ecl_in01","unknown","not_verified"
"data/texture/eclage/ecl_sq_bottom03.bmp","ground_texture","66612","not_yet_hashed","1@ecl;ecl_in02","unknown","not_verified"
"data/texture/eclage/ecl_sq_bottom04.bmp","ground_texture","66612","not_yet_hashed","ecl_in01;ecl_in03","unknown","not_verified"
"data/texture/eclage/ecl_sq_wall01.bmp","ground_texture","66612","not_yet_hashed","ecl_in01","unknown","not_verified"
"data/texture/eclage/ecl_t_dun_bottom01.bmp","ground_texture","66612","not_yet_hashed","1@ecl;1@pdb;ecl_in02;ecl_tdun01;ecl_tdun02;ecl_tdun03;ecl_tdun04;grademk;paramk","unknown","not_verified"
"data/texture/eclage/ecl_t_dun_wall01.bmp","ground_texture","66612","not_yet_hashed","1@pdb;ecl_tdun01;ecl_tdun02;ecl_tdun03;ecl_tdun04;grademk;paramk;que_avan01","unknown","not_verified"
"data/texture/endpiece/edp_h_bot1.bmp","ground_texture","66612","not_yet_hashed","kindlbrk","unknown","not_verified"
"data/texture/endpiece/edp_h_bot2.bmp","ground_texture","66612","not_yet_hashed","kindlbrk","unknown","not_verified"
"data/texture/endpiece/edp_h_bot3.bmp","ground_texture","66612","not_yet_hashed","kindlbrk","unknown","not_verified"
"data/texture/endpiece/edp_h_bot4.bmp","ground_texture","66612","not_yet_hashed","kindlbrk","unknown","not_verified"
"data/texture/endpiece/edp_h_road0.bmp","ground_texture","66612","not_yet_hashed","kindlbrk","unknown","not_verified"
"data/texture/endpiece/edp_h_road1.bmp","ground_texture","66612","not_yet_hashed","kindlbrk","unknown","not_verified"
"data/texture/endpiece/edp_h_road2.bmp","ground_texture","66612","not_yet_hashed","kindlbrk","unknown","not_verified"
"data/texture/endpiece/edp_h_road3.bmp","ground_texture","66612","not_yet_hashed","kindlbrk","unknown","not_verified"
"data/texture/endpiece/edp_h_wal0.bmp","ground_texture","66612","not_yet_hashed","kindlbrk","unknown","not_verified"
"data/texture/endpiece/edp_h_wal1.bmp","ground_texture","66612","not_yet_hashed","kindlbrk","unknown","not_verified"
"data/texture/endpiece/edp_h_wal2.bmp","ground_texture","66612","not_yet_hashed","kindlbrk","unknown","not_verified"
"data/texture/endpiece/edp_h_wal3.bmp","ground_texture","66612","not_yet_hashed","kindlbrk","unknown","not_verified"
"data/texture/endpiece/edp_h_wal4.bmp","ground_texture","66612","not_yet_hashed","kindlbrk","unknown","not_verified"
"data/texture/endpiece/edp_h_wal5.bmp","ground_texture","66612","not_yet_hashed","kindlbrk","unknown","not_verified"
"data/texture/endpiece/for_y_bot01.bmp","ground_texture","66612","not_yet_hashed","ch2safe1;mu_fild02;mu_fild03","unknown","not_verified"
"data/texture/endpiece/for_y_bot010.bmp","ground_texture","66612","not_yet_hashed","ch2safe1;mu_fild02;mu_fild03","unknown","not_verified"
"data/texture/endpiece/for_y_bot011.bmp","ground_texture","66612","not_yet_hashed","ch2safe1;mu_fild02;mu_fild03","unknown","not_verified"
"data/texture/endpiece/for_y_bot012.bmp","ground_texture","66612","not_yet_hashed","ch2safe1;ch2safe2;kindlbrk;mu_fild02;mu_fild03","unknown","not_verified"
"data/texture/endpiece/for_y_bot013.bmp","ground_texture","66612","not_yet_hashed","ch2safe1;mu_fild02;mu_fild03","unknown","not_verified"
"data/texture/endpiece/for_y_bot02.bmp","ground_texture","66612","not_yet_hashed","ch2safe1;mu_fild02;mu_fild03","unknown","not_verified"
"data/texture/endpiece/for_y_bot03.bmp","ground_texture","66612","not_yet_hashed","ch2safe1;mu_fild02;mu_fild03","unknown","not_verified"
"data/texture/endpiece/for_y_bot04.bmp","ground_texture","66612","not_yet_hashed","ch2safe1;ch2safe2;mu_fild02;mu_fild03","unknown","not_verified"
"data/texture/endpiece/for_y_bot05.bmp","ground_texture","66612","not_yet_hashed","ch2safe1;mu_fild02;mu_fild03","unknown","not_verified"
"data/texture/endpiece/for_y_bot06.bmp","ground_texture","66612","not_yet_hashed","ch2safe1;mu_fild02;mu_fild03","unknown","not_verified"
"data/texture/endpiece/for_y_bot07.bmp","ground_texture","66612","not_yet_hashed","ch2safe1;ch2safe2;mu_fild02;mu_fild03","unknown","not_verified"
"data/texture/endpiece/for_y_bot08.bmp","ground_texture","66612","not_yet_hashed","ch2safe1;mu_fild02;mu_fild03","unknown","not_verified"
"data/texture/endpiece/for_y_bot09.bmp","ground_texture","66612","not_yet_hashed","ch2safe1;mu_fild02;mu_fild03","unknown","not_verified"
"data/texture/endpiece/kinin_y_bot01.bmp","ground_texture","1049652","not_yet_hashed","kin_in01","unknown","not_verified"
"data/texture/endpiece/kinin_y_bot02.bmp","ground_texture","66612","not_yet_hashed","kin_in01","unknown","not_verified"
"data/texture/endpiece/root_y_bot01.bmp","ground_texture","66612","not_yet_hashed","ch2safe3;deadroot","unknown","not_verified"
"data/texture/endpiece/root_y_bot02.bmp","ground_texture","66612","not_yet_hashed","ch2safe3;deadroot","unknown","not_verified"
"data/texture/endpiece/root_y_bot03.bmp","ground_texture","66612","not_yet_hashed","ch2safe3;deadroot","unknown","not_verified"
"data/texture/event/3rd_bottom01.bmp","ground_texture","66612","not_yet_hashed","job3_rune01","unknown","not_verified"
"data/texture/event/3rd_bottom02.bmp","ground_texture","66612","not_yet_hashed","job3_guil01;job3_guil02","unknown","not_verified"
"data/texture/event/3rd_bottom03.bmp","ground_texture","66612","not_yet_hashed","job3_rang01","unknown","not_verified"
"data/texture/event/3rd_bottom04.bmp","ground_texture","66612","not_yet_hashed","job3_war01","unknown","not_verified"
"data/texture/event/3rd_bottom05.bmp","ground_texture","66612","not_yet_hashed","job3_arch01","unknown","not_verified"
"data/texture/event/3rd_tabt01.bmp","ground_texture","66612","not_yet_hashed","job3_sha01","unknown","not_verified"
"data/texture/event/cc_bottom01.bmp","ground_texture","66612","not_yet_hashed","1@herbs","unknown","not_verified"
"data/texture/event/pay_yut_bt01.bmp","ground_texture","66612","not_yet_hashed","ecl_tdun01;ecl_tdun02;ecl_tdun03;malangdo","unknown","not_verified"
"data/texture/event/pay_yut_bt02.bmp","ground_texture","66612","not_yet_hashed","ecl_tdun01;ecl_tdun02;ecl_tdun03;malangdo","unknown","not_verified"
"data/texture/event/prtevt_y_bot01.bmp","ground_texture","66612","not_yet_hashed","x_prt_evt","unknown","not_verified"
"data/texture/event/val_pron003.BMP","ground_texture","66612","not_yet_hashed","icecastle","unknown","not_verified"
"data/texture/exdun/izsea_y_bot01.bmp","ground_texture","66608","not_yet_hashed","cmd_bhole","unknown","not_verified"
"data/texture/exdun/izsea_y_wall01.bmp","ground_texture","66612","not_yet_hashed","cmd_bhole","unknown","not_verified"
"data/texture/exdun/izsea_y_wall02.bmp","ground_texture","66612","not_yet_hashed","cmd_bhole","unknown","not_verified"
"data/texture/exdun/izsea_y_wall03.bmp","ground_texture","66612","not_yet_hashed","cmd_bhole","unknown","not_verified"
"data/texture/exdun/izsea_y_wall04.bmp","ground_texture","66612","not_yet_hashed","cmd_bhole","unknown","not_verified"
"data/texture/exdun/izsea_y_wall05.bmp","ground_texture","66608","not_yet_hashed","cmd_bhole","unknown","not_verified"
"data/texture/exdun/izsea_y_wall06.bmp","ground_texture","66608","not_yet_hashed","cmd_bhole","unknown","not_verified"
"data/texture/exdun/izsea_y_wall07.bmp","ground_texture","66612","not_yet_hashed","cmd_bhole","unknown","not_verified"
"data/texture/exdun/pryd07_y_bot01.bmp","ground_texture","66612","not_yet_hashed","moc_akhet","unknown","not_verified"
"data/texture/exdun/pryd07_y_bot02.bmp","ground_texture","66552","not_yet_hashed","moc_akhet","unknown","not_verified"
"data/texture/exdun/pryd07_y_bot03.bmp","ground_texture","66572","not_yet_hashed","ch1_sf01;moc_akhet","unknown","not_verified"
"data/texture/exdun/pryd07_y_bot04.bmp","ground_texture","33844","not_yet_hashed","moc_akhet","unknown","not_verified"
"data/texture/exdun/pryd07_y_wall01.bmp","ground_texture","66612","not_yet_hashed","moc_akhet","unknown","not_verified"
"data/texture/exdun/pryd07_y_wall02.bmp","ground_texture","66612","not_yet_hashed","moc_akhet","unknown","not_verified"
"data/texture/exdun/pryd07_y_wall03.bmp","ground_texture","66612","not_yet_hashed","moc_akhet","unknown","not_verified"
"data/texture/exdun/pryd07_y_wall04.bmp","ground_texture","132148","not_yet_hashed","moc_akhet","unknown","not_verified"
"data/texture/fild02/jt_campf_001.bmp","ground_texture","66612","not_yet_hashed","mid_camp;spl_fild01;spl_fild02;spl_fild03;splendide","unknown","not_verified"
"data/texture/fild02/jt_campf_002.bmp","ground_texture","66612","not_yet_hashed","1@mist;1@nyd;2@vrpop;3@vrpop;bif_fild01;bif_fild02;ecl_hub01;eclage;grademk;job3_war01;mid_camp;nyd_dun02;paramk;spl_fild01;spl_fild02;spl_fild03;spl_in01;splendide;un_bk_q;un_bunker;vr_pop2;vr_pop3","unknown","not_verified"
"data/texture/fild02/jt_campf_003.bmp","ground_texture","66612","not_yet_hashed","man_fild01;mid_camp","unknown","not_verified"
"data/texture/fild02/jt_campf_004.bmp","ground_texture","66612","not_yet_hashed","bl_ice;dic_fild01;dic_fild02;dicastes01;dicastes02;man_fild01;man_fild02;man_fild03;man_in01;manuk;mid_camp","unknown","not_verified"
"data/texture/fild02/jt_campf_005.bmp","ground_texture","66612","not_yet_hashed","mid_camp;spl_fild01;spl_fild02;spl_fild03;splendide","unknown","not_verified"
"data/texture/fild02/jt_campf_006.bmp","ground_texture","66612","not_yet_hashed","eclage;mid_camp;spl_fild01;spl_fild02;spl_fild03;splendide","unknown","not_verified"
"data/texture/fild02/jt_campf_007.bmp","ground_texture","66612","not_yet_hashed","mid_camp","unknown","not_verified"
"data/texture/fild02/jt_campf_008.bmp","ground_texture","66612","not_yet_hashed","mid_camp","unknown","not_verified"
"data/texture/fild02/jt_campf_009.bmp","ground_texture","66612","not_yet_hashed","man_fild01;mid_camp","unknown","not_verified"
"data/texture/fild02/jt_campf_010.bmp","ground_texture","66612","not_yet_hashed","man_fild01;mid_camp","unknown","not_verified"
"data/texture/fild02/jt_campf_011.bmp","ground_texture","66612","not_yet_hashed","mid_camp;spl_fild01;spl_fild02;spl_fild03;splendide","unknown","not_verified"
"data/texture/fild02/jt_campf_012.bmp","ground_texture","66612","not_yet_hashed","mid_camp;spl_fild01;spl_fild02;spl_fild03;splendide","unknown","not_verified"
"data/texture/fild02/jt_campf_013.bmp","ground_texture","66612","not_yet_hashed","mid_camp","unknown","not_verified"
"data/texture/fild02/jt_campf_014.bmp","ground_texture","66612","not_yet_hashed","mid_camp","unknown","not_verified"
"data/texture/fild02/jt_campf_015.bmp","ground_texture","66612","not_yet_hashed","man_fild01;mid_camp","unknown","not_verified"
"data/texture/fild02/jt_campf_016.bmp","ground_texture","66612","not_yet_hashed","man_fild01;mid_camp","unknown","not_verified"
"data/texture/fild02/jt_campf_017.bmp","ground_texture","66612","not_yet_hashed","mid_camp;spl_fild01;spl_fild02;spl_fild03;splendide","unknown","not_verified"
"data/texture/fild02/jt_campf_018.bmp","ground_texture","66612","not_yet_hashed","mid_camp;spl_fild01;spl_fild02;spl_fild03;splendide","unknown","not_verified"
"data/texture/fild02/jt_campf_019.bmp","ground_texture","66612","not_yet_hashed","mid_camp","unknown","not_verified"
"data/texture/fild02/jt_campf_020.bmp","ground_texture","66612","not_yet_hashed","mid_camp","unknown","not_verified"
"data/texture/fild02/jt_campf_021.bmp","ground_texture","66612","not_yet_hashed","mid_camp;spl_fild02;spl_fild03;splendide","unknown","not_verified"
"data/texture/fild02/jt_campf_023.bmp","ground_texture","66612","not_yet_hashed","man_fild01;mid_camp","unknown","not_verified"
"data/texture/fild02/jt_campf_024.bmp","ground_texture","66612","not_yet_hashed","mid_camp","unknown","not_verified"
"data/texture/fild02/jt_campf_025.bmp","ground_texture","66612","not_yet_hashed","mid_camp","unknown","not_verified"
"data/texture/fild02/jt_campf_026.bmp","ground_texture","66612","not_yet_hashed","mid_camp","unknown","not_verified"
"data/texture/fild02/jt_campf_027.bmp","ground_texture","66612","not_yet_hashed","mid_camp","unknown","not_verified"
"data/texture/fild02/jt_campf_028.bmp","ground_texture","66612","not_yet_hashed","mid_camp","unknown","not_verified"
"data/texture/fild02/jt_campf_029.bmp","ground_texture","66612","not_yet_hashed","mid_camp","unknown","not_verified"
"data/texture/fild02/jt_campf_030.bmp","ground_texture","66612","not_yet_hashed","mid_camp","unknown","not_verified"
"data/texture/fild02/jt_maf001.bmp","ground_texture","66612","not_yet_hashed","bl_ice;dic_fild01;dic_fild02;dicastes01;dicastes02;man_fild01;man_fild02;man_fild03;manuk;mid_camp","unknown","not_verified"
"data/texture/fild02/jt_maf002.bmp","ground_texture","66612","not_yet_hashed","bl_ice;dic_fild01;dic_fild02;dicastes01;dicastes02;man_fild01;man_fild02;man_fild03;manuk;mid_camp","unknown","not_verified"
"data/texture/fild02/jt_maf003.bmp","ground_texture","66612","not_yet_hashed","bl_ice;dic_fild01;dic_fild02;dicastes01;dicastes02;man_fild01;man_fild02;man_fild03;manuk;mid_camp","unknown","not_verified"
"data/texture/fild02/jt_maf004.bmp","ground_texture","66612","not_yet_hashed","bl_ice;dic_fild01;dic_fild02;dicastes01;dicastes02;man_fild01;man_fild02;man_fild03;manuk;mid_camp","unknown","not_verified"
"data/texture/fild02/jt_maf005.bmp","ground_texture","66612","not_yet_hashed","bl_ice;dic_fild01;dic_fild02;dicastes01;dicastes02;man_fild01;man_fild02;man_fild03;manuk;mid_camp","unknown","not_verified"
"data/texture/fild02/jt_maf006.bmp","ground_texture","66612","not_yet_hashed","bl_ice;dic_fild01;dic_fild02;dicastes01;dicastes02;man_fild01;man_fild02;man_fild03;manuk;mid_camp","unknown","not_verified"
"data/texture/fild02/jt_maf007.bmp","ground_texture","66612","not_yet_hashed","bl_ice;dic_fild01;dic_fild02;dicastes01;man_fild01;man_fild02;man_fild03;manuk","unknown","not_verified"
"data/texture/fild02/jt_maf008.bmp","ground_texture","66612","not_yet_hashed","bl_ice;dic_fild01;dicastes02;man_fild01;man_fild02;man_fild03;manuk","unknown","not_verified"
"data/texture/fild02/jt_spf001.bmp","ground_texture","66612","not_yet_hashed","eclage;mid_camp;spl_fild01;spl_fild02;spl_fild03;splendide","unknown","not_verified"
"data/texture/fild02/jt_spf002.bmp","ground_texture","66612","not_yet_hashed","eclage;mid_camp;spl_fild01;spl_fild02;spl_fild03;splendide","unknown","not_verified"
"data/texture/fild02/jt_spf003.bmp","ground_texture","196664","not_yet_hashed","eclage;mid_camp;spl_fild01;spl_fild02;spl_fild03;splendide","unknown","not_verified"
"data/texture/fild02/jt_spf004.bmp","ground_texture","196664","not_yet_hashed","bif_fild02;eclage;mid_camp;spl_fild01;spl_fild02;spl_fild03;splendide","unknown","not_verified"
"data/texture/fild02/jt_spf005.bmp","ground_texture","66612","not_yet_hashed","eclage;spl_fild01;spl_fild02;spl_fild03;splendide","unknown","not_verified"
"data/texture/fild02/jt_spf006.bmp","ground_texture","66612","not_yet_hashed","mid_camp;nyd_dun01;spl_fild01;spl_fild02;spl_fild03;splendide","unknown","not_verified"
"data/texture/fild02/jt_spf007.bmp","ground_texture","66612","not_yet_hashed","1@4mag;ecl_in04;eclage;grademk;job4_mag;paramk;spl_in02;splendide","unknown","not_verified"
"data/texture/fild02/jt_spl008.bmp","ground_texture","66612","not_yet_hashed","eclage;splendide","unknown","not_verified"
"data/texture/fild02/jt_spl009.bmp","ground_texture","66612","not_yet_hashed","eclage;grademk;paramk;splendide","unknown","not_verified"
"data/texture/fild02/jt_spl010.bmp","ground_texture","66612","not_yet_hashed","eclage;splendide","unknown","not_verified"
"data/texture/fild02/jt_spl011.bmp","ground_texture","66612","not_yet_hashed","eclage;grademk;paramk;splendide","unknown","not_verified"
"data/texture/fild02/nyd_dun01.bmp","ground_texture","66612","not_yet_hashed","1@nyd;2@nyd;nyd_dun01;nyd_dun02;spl_fild01","unknown","not_verified"
"data/texture/fild02/nyd_dun02.bmp","ground_texture","66612","not_yet_hashed","1@nyd;nyd_dun01;nyd_dun02;spl_fild01","unknown","not_verified"
"data/texture/fild02/nyd_dun03.bmp","ground_texture","66612","not_yet_hashed","1@nyd;spl_fild01","unknown","not_verified"
"data/texture/fild02/nyd_dun04.bmp","ground_texture","66612","not_yet_hashed","1@nyd;nyd_dun01;nyd_dun02;spl_fild01","unknown","not_verified"
"data/texture/fild02/nyd_dun05.bmp","ground_texture","66612","not_yet_hashed","1@nyd;nyd_dun02;spl_fild01","unknown","not_verified"
"data/texture/fild02/nyd_dun06.bmp","ground_texture","66612","not_yet_hashed","nyd_dun01;nyd_dun02","unknown","not_verified"
"data/texture/fild02/nyd_dun07.bmp","ground_texture","66612","not_yet_hashed","nyd_dun01;nyd_dun02","unknown","not_verified"
"data/texture/gevent/ge_k_bot01.bmp","ground_texture","66544","not_yet_hashed","rag_fes;rag_fes_a","unknown","not_verified"
"data/texture/gevent/ge_k_bot03.bmp","ground_texture","66612","not_yet_hashed","rag_fes;rag_fes_a","unknown","not_verified"
"data/texture/gevent/ge_k_wall01.bmp","ground_texture","66612","not_yet_hashed","rag_fes;rag_fes_a","unknown","not_verified"
"data/texture/gevent/ge_y_bot01.bmp","ground_texture","66612","not_yet_hashed","rag_fes;rag_fes_a","unknown","not_verified"
"data/texture/gevent/ge_y_bot02.bmp","ground_texture","66612","not_yet_hashed","rag_fes;rag_fes_a","unknown","not_verified"
"data/texture/gevent/ge_y_bot03.bmp","ground_texture","66612","not_yet_hashed","rag_fes;rag_fes_a","unknown","not_verified"
"data/texture/gevent/ge_y_bot04.bmp","ground_texture","66612","not_yet_hashed","rag_fes;rag_fes_a","unknown","not_verified"
"data/texture/gevent/ge_y_bot05.bmp","ground_texture","66612","not_yet_hashed","rag_fes;rag_fes_a","unknown","not_verified"
"data/texture/gevent/ge_y_bot07.bmp","ground_texture","66612","not_yet_hashed","rag_fes;rag_fes_a","unknown","not_verified"
"data/texture/gevent/ge_y_bot08.bmp","ground_texture","66612","not_yet_hashed","rag_fes;rag_fes_a","unknown","not_verified"
"data/texture/gevent/ge_y_bot09.bmp","ground_texture","66612","not_yet_hashed","rag_fes;rag_fes_a","unknown","not_verified"
"data/texture/gevent/ge_y_bot10.bmp","ground_texture","66612","not_yet_hashed","rag_fes;rag_fes_a","unknown","not_verified"
"data/texture/gevent/ge_y_bot11.bmp","ground_texture","66612","not_yet_hashed","rag_fes;rag_fes_a","unknown","not_verified"
"data/texture/gevent/ge_y_wall01.bmp","ground_texture","66524","not_yet_hashed","rag_fes;rag_fes_a","unknown","not_verified"
"data/texture/gevent/ge_y_wall02.bmp","ground_texture","132148","not_yet_hashed","rag_fes;rag_fes_a","unknown","not_verified"
"data/texture/gevent/ge_y_wall03.bmp","ground_texture","132148","not_yet_hashed","rag_fes;rag_fes_a","unknown","not_verified"
"data/texture/gevent/ge_y_wall04.bmp","ground_texture","132148","not_yet_hashed","rag_fes;rag_fes_a","unknown","not_verified"
"data/texture/gevent/ge_y_wall05.bmp","ground_texture","132148","not_yet_hashed","rag_fes;rag_fes_a","unknown","not_verified"
"data/texture/gevent/ge_y_wall06.bmp","ground_texture","132148","not_yet_hashed","rag_fes;rag_fes_a","unknown","not_verified"
"data/texture/gevent/ge_y_wall07.bmp","ground_texture","132148","not_yet_hashed","rag_fes;rag_fes_a","unknown","not_verified"
"data/texture/gevent/ge_y_wall08.bmp","ground_texture","132148","not_yet_hashed","rag_fes;rag_fes_a","unknown","not_verified"
"data/texture/gevent/ge_y_wall09.bmp","ground_texture","132072","not_yet_hashed","rag_fes;rag_fes_a","unknown","not_verified"
"data/texture/gevent/ge_y_wall10.bmp","ground_texture","132148","not_yet_hashed","rag_fes;rag_fes_a","unknown","not_verified"
"data/texture/gevent/ge_y_wall11.bmp","ground_texture","132148","not_yet_hashed","rag_fes;rag_fes_a","unknown","not_verified"
"data/texture/gevent/ge_y_wall12.bmp","ground_texture","132148","not_yet_hashed","rag_fes;rag_fes_a","unknown","not_verified"
"data/texture/gevent/ge_y_wall13.bmp","ground_texture","132148","not_yet_hashed","rag_fes;rag_fes_a","unknown","not_verified"
"data/texture/gevent/ge_y_wall14.bmp","ground_texture","132148","not_yet_hashed","rag_fes;rag_fes_a","unknown","not_verified"
"data/texture/gevent/ge_y_wall15.bmp","ground_texture","132148","not_yet_hashed","rag_fes;rag_fes_a","unknown","not_verified"
"data/texture/gevent/ge_y_wall16.bmp","ground_texture","132148","not_yet_hashed","rag_fes;rag_fes_a","unknown","not_verified"
"data/texture/gevent/gevent_s_14.bmp","ground_texture","1049656","not_yet_hashed","rag_fes;rag_fes_a","unknown","not_verified"
"data/texture/gld2/gld2_ald_bottom01.bmp","ground_texture","66612","not_yet_hashed","gld2_ald","unknown","not_verified"
"data/texture/gld2/gld2_ald_bottom02.bmp","ground_texture","66612","not_yet_hashed","gld2_ald","unknown","not_verified"
"data/texture/gld2/gld2_ald_bottom03.bmp","ground_texture","66612","not_yet_hashed","gld2_ald","unknown","not_verified"
"data/texture/gld2/gld2_ald_bottom04.bmp","ground_texture","66612","not_yet_hashed","gld2_ald","unknown","not_verified"
"data/texture/gld2/gld2_ald_bottom05.bmp","ground_texture","66612","not_yet_hashed","gld2_ald","unknown","not_verified"
"data/texture/gld2/gld2_ald_bottom06.bmp","ground_texture","66612","not_yet_hashed","gld2_ald","unknown","not_verified"
"data/texture/gld2/gld2_ald_bottom07.bmp","ground_texture","66612","not_yet_hashed","gld2_ald","unknown","not_verified"
"data/texture/gld2/gld2_ald_bottom08.bmp","ground_texture","66612","not_yet_hashed","1@vrcas;gld2_ald;prt_cas;veledor;vr_cas","unknown","not_verified"
"data/texture/gld2/gld2_ald_bottom09.bmp","ground_texture","66612","not_yet_hashed","gld2_ald","unknown","not_verified"
"data/texture/gld2/gld2_ald_bottom10.bmp","ground_texture","66612","not_yet_hashed","gld2_ald","unknown","not_verified"
"data/texture/gld2/gld2_ald_bottom11.bmp","ground_texture","66612","not_yet_hashed","gld2_ald","unknown","not_verified"
"data/texture/gld2/gld2_ald_bottom12.bmp","ground_texture","66612","not_yet_hashed","gld2_ald","unknown","not_verified"
"data/texture/gld2/gld2_gef_bottom01.bmp","ground_texture","66612","not_yet_hashed","1@rev;1@vrcas;gld2_gef;gld2_prt;prt_cas;vr_cas","unknown","not_verified"
"data/texture/gld2/gld2_gef_bottom02.bmp","ground_texture","66612","not_yet_hashed","gld2_gef","unknown","not_verified"
"data/texture/gld2/gld2_gef_bottom03.bmp","ground_texture","66612","not_yet_hashed","gld2_gef","unknown","not_verified"
"data/texture/gld2/gld2_gef_bottom04.bmp","ground_texture","66612","not_yet_hashed","gld2_gef","unknown","not_verified"
"data/texture/gld2/gld2_gef_bottom05.bmp","ground_texture","66612","not_yet_hashed","gld2_gef","unknown","not_verified"
"data/texture/gld2/gld2_gef_bottom06.bmp","ground_texture","66612","not_yet_hashed","gld2_gef","unknown","not_verified"
"data/texture/gld2/gld2_prt_19.bmp","ground_texture","66612","not_yet_hashed","gld2_ald","unknown","not_verified"
"data/texture/gld2/gld2_prt_bottom01.bmp","ground_texture","66612","not_yet_hashed","gld2_prt","unknown","not_verified"
"data/texture/gld2/gld2_prt_bottom02.bmp","ground_texture","66612","not_yet_hashed","gld2_prt","unknown","not_verified"
"data/texture/gld2/gld2_prt_bottom03.bmp","ground_texture","66612","not_yet_hashed","gld2_prt","unknown","not_verified"
"data/texture/gld2/gld2_prt_bottom04.bmp","ground_texture","66612","not_yet_hashed","gld2_prt","unknown","not_verified"
"data/texture/gld2/gld2_prt_bottom05.bmp","ground_texture","66612","not_yet_hashed","gld2_prt","unknown","not_verified"
"data/texture/gld2/gld2_prt_bottom06.bmp","ground_texture","66612","not_yet_hashed","gld2_prt","unknown","not_verified"
"data/texture/gol/gol_bot01.bmp","ground_texture","66612","not_yet_hashed","1@gol1","unknown","not_verified"
"data/texture/gol/gol_wall01.bmp","ground_texture","66612","not_yet_hashed","1@gol1;1@gol2","unknown","not_verified"
"data/texture/gol/gol_wall02.bmp","ground_texture","66612","not_yet_hashed","1@gol1;1@gol2","unknown","not_verified"
"data/texture/gol/gol_wall03.bmp","ground_texture","66612","not_yet_hashed","1@gol1","unknown","not_verified"
"data/texture/gol/gol_wall05.bmp","ground_texture","66612","not_yet_hashed","1@gol1","unknown","not_verified"
"data/texture/gol/gol_wall06.bmp","ground_texture","66612","not_yet_hashed","1@gol1","unknown","not_verified"
"data/texture/gol/gol_wall07.bmp","ground_texture","66612","not_yet_hashed","1@gol2","unknown","not_verified"
"data/texture/gol/gol_wall08.bmp","ground_texture","66612","not_yet_hashed","1@gol1;1@gol2","unknown","not_verified"
"data/texture/gosea/gts_bottom03.bmp","ground_texture","66612","not_yet_hashed","ba_2whs01","unknown","not_verified"
"data/texture/gosea/gts_wall01.bmp","ground_texture","263220","not_yet_hashed","ba_pw02","unknown","not_verified"
"data/texture/gosea/gts_wall02.bmp","ground_texture","263220","not_yet_hashed","1@herbs","unknown","not_verified"
"data/texture/graywolf/adv_bot01.bmp","ground_texture","66612","not_yet_hashed","1@adv;1@advs","unknown","not_verified"
"data/texture/graywolf/gray_d_00.bmp","ground_texture","66616","not_yet_hashed","1@adv;1@advs;2@mdtem;jor_sklf1;jor_tmple1;luna_sf2","unknown","not_verified"
"data/texture/graywolf/gray_d_00b.bmp","ground_texture","66616","not_yet_hashed","1@adv;1@advs;jor_raise1","unknown","not_verified"
"data/texture/graywolf/gray_s_15.bmp","ground_texture","263220","not_yet_hashed","kindlbrk","unknown","not_verified"
"data/texture/graywolf/gray_s_19.bmp","ground_texture","66616","not_yet_hashed","1@adv;1@advs","unknown","not_verified"
"data/texture/graywolf/gray_s_20.bmp","ground_texture","66612","not_yet_hashed","1@adv;1@advs;1@ep21a;ch1_sf03;ch2safe1;jor_sklf1;jor_tmple1;luna_sf2;memohall","unknown","not_verified"
"data/texture/graywolf/gray_s_22.bmp","ground_texture","1049656","not_yet_hashed","1@adv;1@advs","unknown","not_verified"
"data/texture/graywolf/gw_bot01.bmp","ground_texture","66612","not_yet_hashed","wolfvill","unknown","not_verified"
"data/texture/graywolf/gw_bot02.bmp","ground_texture","66612","not_yet_hashed","wolfvill","unknown","not_verified"
"data/texture/graywolf/gw_bot03.bmp","ground_texture","66612","not_yet_hashed","wolfvill","unknown","not_verified"
"data/texture/graywolf/gw_bot04.bmp","ground_texture","66612","not_yet_hashed","wolfvill","unknown","not_verified"
"data/texture/graywolf/gw_bot05.bmp","ground_texture","66612","not_yet_hashed","wolfvill","unknown","not_verified"
"data/texture/graywolf/gw_bottom01.bmp","ground_texture","66612","not_yet_hashed","clb_kuma;gw_fild01;gw_fild02;wolfvill","unknown","not_verified"
"data/texture/graywolf/gw_bottom02.bmp","ground_texture","66612","not_yet_hashed","gw_fild01;gw_fild02;wolfvill","unknown","not_verified"
"data/texture/graywolf/gw_bottom03.bmp","ground_texture","66612","not_yet_hashed","gw_fild01;gw_fild02;wolfvill","unknown","not_verified"
"data/texture/graywolf/gw_bottom04.bmp","ground_texture","66612","not_yet_hashed","gw_fild01;gw_fild02;wolfvill","unknown","not_verified"
"data/texture/graywolf/gw_bottom05.bmp","ground_texture","66612","not_yet_hashed","gw_fild01;gw_fild02;wolfvill","unknown","not_verified"
"data/texture/graywolf/gw_bottom06.bmp","ground_texture","66612","not_yet_hashed","gw_fild01;gw_fild02;wolfvill","unknown","not_verified"
"data/texture/graywolf/gw_bottom07.bmp","ground_texture","66612","not_yet_hashed","gw_fild01;gw_fild02;wolfvill","unknown","not_verified"
"data/texture/graywolf/gw_bottom08.bmp","ground_texture","66612","not_yet_hashed","gw_fild01;gw_fild02;wolfvill","unknown","not_verified"
"data/texture/graywolf/gw_bottom09.bmp","ground_texture","66612","not_yet_hashed","gw_fild01;gw_fild02;wolfvill","unknown","not_verified"
"data/texture/graywolf/gw_bottom10.bmp","ground_texture","66612","not_yet_hashed","bl_depth1;gw_fild01;gw_fild02;wolfvill","unknown","not_verified"
"data/texture/graywolf/gw_bottom11.bmp","ground_texture","66612","not_yet_hashed","gw_fild01;gw_fild02","unknown","not_verified"
"data/texture/graywolf/gw_bottom12.bmp","ground_texture","66612","not_yet_hashed","gw_fild01;gw_fild02","unknown","not_verified"
"data/texture/graywolf/gw_bottom13.bmp","ground_texture","66612","not_yet_hashed","gw_fild01;gw_fild02","unknown","not_verified"
"data/texture/graywolf/gw_bottom14.bmp","ground_texture","66612","not_yet_hashed","gw_fild01;gw_fild02","unknown","not_verified"
"data/texture/graywolf/gw_bottom15.bmp","ground_texture","66612","not_yet_hashed","gw_fild01;gw_fild02","unknown","not_verified"
"data/texture/graywolf/gw_wall01.bmp","ground_texture","66612","not_yet_hashed","clb_kuma;gw_fild01;gw_fild02;wolfvill","unknown","not_verified"
"data/texture/graywolf/gw_wall02.bmp","ground_texture","66612","not_yet_hashed","clb_kuma;gw_fild01;gw_fild02;wolfvill","unknown","not_verified"
"data/texture/graywolf/gw_wall03.bmp","ground_texture","66612","not_yet_hashed","gw_fild01;gw_fild02","unknown","not_verified"
"data/texture/graywolf/gw_wall04.bmp","ground_texture","66612","not_yet_hashed","clb_kuma;gw_fild01;gw_fild02;wolfvill","unknown","not_verified"
"data/texture/graywolf/msh_h_bot00.bmp","ground_texture","66612","not_yet_hashed","ab_lava1;ch1_sf01;ch2safe1;mu_fild01;mu_fild02;mu_fild03","unknown","not_verified"
"data/texture/graywolf/msh_h_bot01.bmp","ground_texture","66612","not_yet_hashed","ab_lava1;ch1_sf01;ch2safe1;mu_fild01;mu_fild02;mu_fild03","unknown","not_verified"
"data/texture/graywolf/msh_h_bot02.bmp","ground_texture","66612","not_yet_hashed","ab_lava1;ch1_sf01;ch2safe1;kindlbrk;mu_fild01;mu_fild02;mu_fild03","unknown","not_verified"
"data/texture/graywolf/msh_h_bot03.bmp","ground_texture","66612","not_yet_hashed","ch1_sf01;ch2safe1;kindlbrk;mu_fild01;mu_fild02","unknown","not_verified"
"data/texture/graywolf/msh_h_bot04.bmp","ground_texture","66612","not_yet_hashed","ab_lava1;ch1_sf01;ch2safe1;kindlbrk;mu_fild01;mu_fild02","unknown","not_verified"
"data/texture/graywolf/msh_h_bot05.bmp","ground_texture","66612","not_yet_hashed","ab_lava1;ch1_sf01;ch2safe1;kindlbrk;mu_fild01;mu_fild02;mu_fild03","unknown","not_verified"
"data/texture/graywolf/msh_h_bot06.bmp","ground_texture","66612","not_yet_hashed","ab_lava1;ch1_sf01;ch2safe1;kindlbrk;mu_fild01;mu_fild02;mu_fild03","unknown","not_verified"
"data/texture/graywolf/msh_h_bot07.bmp","ground_texture","66612","not_yet_hashed","ab_lava1;ch1_sf01;ch2safe1;kindlbrk;mu_fild01;mu_fild02;mu_fild03","unknown","not_verified"
"data/texture/graywolf/msh_h_bot08.bmp","ground_texture","66612","not_yet_hashed","ab_lava1;ch1_sf01;ch2safe1;kindlbrk;mu_fild01;mu_fild02;mu_fild03","unknown","not_verified"
"data/texture/graywolf/msh_h_bot09.bmp","ground_texture","66612","not_yet_hashed","ab_lava1;ch1_sf01;ch2safe1;kindlbrk;mu_fild01;mu_fild02;mu_fild03","unknown","not_verified"
"data/texture/graywolf/msh_h_bot10.bmp","ground_texture","66612","not_yet_hashed","ab_lava1;ch1_sf01;ch2safe1;kindlbrk;mu_fild01;mu_fild02;mu_fild03","unknown","not_verified"
"data/texture/graywolf/msh_h_bot11.bmp","ground_texture","66612","not_yet_hashed","ab_lava1;ch1_sf01;ch2safe1;kindlbrk;mu_fild01;mu_fild02;mu_fild03","unknown","not_verified"
"data/texture/graywolf/msh_h_bot12.bmp","ground_texture","66612","not_yet_hashed","ab_lava1;ch1_sf01;ch2safe1;kindlbrk;mu_fild01;mu_fild02;mu_fild03","unknown","not_verified"
"data/texture/graywolf/msh_h_bot13.bmp","ground_texture","66612","not_yet_hashed","ab_lava1;ch2safe1;kindlbrk;mu_fild01;mu_fild02;mu_fild03","unknown","not_verified"
"data/texture/graywolf/msh_h_bot14.bmp","ground_texture","66612","not_yet_hashed","ab_lava1;ch1_sf01;ch2safe1;kindlbrk;mu_fild01;mu_fild02;mu_fild03","unknown","not_verified"
"data/texture/graywolf/msh_h_bot15.bmp","ground_texture","66612","not_yet_hashed","kindlbrk;mu_fild01","unknown","not_verified"
"data/texture/graywolf/msh_h_bot16.bmp","ground_texture","66612","not_yet_hashed","ch1_sf01;mu_fild01;mu_fild02","unknown","not_verified"
"data/texture/graywolf/oz_bot01.bmp","ground_texture","66612","not_yet_hashed","1@f_lake;1@oz;ab_lava1;bl_depth1;bl_depth2;bl_lava;ch1_sf01;ch2safe1;ch2safe2;ch2safe3;deadroot;kindlbrk;mu_dun01;mu_dun02;mu_fild01;mu_fild02;mu_fild03;oz_dun01;oz_dun02","unknown","not_verified"
"data/texture/graywolf/oz_bot03.bmp","ground_texture","196664","not_yet_hashed","1@f_lake;ab_lava1;bl_depth1;bl_lava;mu_fild01;mu_fild02;oz_dun02","unknown","not_verified"
"data/texture/graywolf/oz_bot04.bmp","ground_texture","66612","not_yet_hashed","1@f_lake;1@oz;ab_lava1;bl_depth1;ch1_sf01;ch2safe1;mu_fild01;mu_fild02;mu_fild03;oz_dun01;oz_dun02","unknown","not_verified"
"data/texture/graywolf/oz_bot05.bmp","ground_texture","66612","not_yet_hashed","1@f_lake;ab_lava1;bl_depth1;bl_lava;mu_fild01;mu_fild02;oz_dun02","unknown","not_verified"
"data/texture/graywolf/oz_bot06.bmp","ground_texture","66612","not_yet_hashed","1@f_lake;ab_lava1;bl_depth1;bl_lava;ch1_sf01;mu_fild01;mu_fild02;oz_dun02","unknown","not_verified"
"data/texture/graywolf/oz_wall01.bmp","ground_texture","66612","not_yet_hashed","1@f_lake;1@oz;ab_lava1;bl_lava;ch1_sf01;ch2safe1;ch2safe2;ch2safe3;deadroot;kindlbrk;mu_dun01;mu_dun02;mu_fild01;mu_fild02;mu_fild03;oz_dun01;oz_dun02","unknown","not_verified"
"data/texture/graywolf/oz_wall02.bmp","ground_texture","66612","not_yet_hashed","1@f_lake;1@oz;ab_lava1;bl_lava;ch1_sf01;ch2safe1;ch2safe2;ch2safe3;deadroot;kindlbrk;mu_dun01;mu_dun02;mu_fild01;mu_fild02;mu_fild03;oz_dun01;oz_dun02","unknown","not_verified"
"data/texture/graywolf/oz_wall03.bmp","ground_texture","66612","not_yet_hashed","1@f_lake;1@oz;ab_lava1;bl_lava;ch1_sf01;ch2safe2;ch2safe3;deadroot;kindlbrk;mu_dun01;mu_dun02;mu_fild01;mu_fild02;oz_dun01;oz_dun02","unknown","not_verified"
"data/texture/graywolf/oz_wall04.bmp","ground_texture","66612","not_yet_hashed","1@oz;oz_dun01","unknown","not_verified"
"data/texture/graywolf/oz_wall05.bmp","ground_texture","66612","not_yet_hashed","1@f_lake;ab_lava1;bl_lava;ch2safe3;deadroot;mu_fild02;mu_fild03;oz_dun02","unknown","not_verified"
"data/texture/graywolf/oz_y_bot01.bmp","ground_texture","66612","not_yet_hashed","1@oz;oz_dun01","unknown","not_verified"
"data/texture/graywolf/oz_y_wall01.bmp","ground_texture","66612","not_yet_hashed","1@oz;oz_dun01","unknown","not_verified"
"data/texture/graywolf/wv_y_bot01.bmp","ground_texture","66612","not_yet_hashed","wolfvill","unknown","not_verified"
"data/texture/graywolf/wv_y_bot02.bmp","ground_texture","66612","not_yet_hashed","wolfvill","unknown","not_verified"
"data/texture/graywolf/wv_y_bot03.bmp","ground_texture","66612","not_yet_hashed","wolfvill","unknown","not_verified"
"data/texture/graywolf/wv_y_bot04.bmp","ground_texture","66612","not_yet_hashed","wolfvill","unknown","not_verified"
"data/texture/graywolf/wv_y_bot05.bmp","ground_texture","66612","not_yet_hashed","wolfvill","unknown","not_verified"
"data/texture/graywolf/wv_y_bot06.bmp","ground_texture","66612","not_yet_hashed","wolfvill","unknown","not_verified"
"data/texture/graywolf/wv_y_wall01.bmp","ground_texture","66612","not_yet_hashed","wolfvill","unknown","not_verified"
"data/texture/graywolf/wv_y_wall02.bmp","ground_texture","66612","not_yet_hashed","wolfvill","unknown","not_verified"
"data/texture/graywolf/wv_y_wall03.bmp","ground_texture","66612","not_yet_hashed","wolfvill","unknown","not_verified"
"data/texture/graywolf/wv_y_wall04.bmp","ground_texture","66612","not_yet_hashed","wolfvill","unknown","not_verified"
"data/texture/hero/hero_001.bmp","ground_texture","66612","not_yet_hashed","1@ge_sn;bl_depth1;bl_depth2","unknown","not_verified"
"data/texture/hero/hero_002.bmp","ground_texture","66612","not_yet_hashed","1@ge_sn","unknown","not_verified"
"data/texture/hero/hero07.TGA","ground_texture","4194348","not_yet_hashed","1@pdb","unknown","not_verified"
"data/texture/heroage/albe_bot_w_01.bmp","ground_texture","66612","not_yet_hashed","jor_albe","unknown","not_verified"
"data/texture/heroage/albe_bot_w_02.bmp","ground_texture","66612","not_yet_hashed","jor_albe","unknown","not_verified"
"data/texture/heroage/albe_bot_w_03.bmp","ground_texture","66612","not_yet_hashed","jor_albe","unknown","not_verified"
"data/texture/heroage/albe_bot_w_04.bmp","ground_texture","66612","not_yet_hashed","jor_albe","unknown","not_verified"
"data/texture/heroage/albe_bot_w_05.bmp","ground_texture","66612","not_yet_hashed","jor_albe","unknown","not_verified"
"data/texture/heroage/albe_bot02_w_01.bmp","ground_texture","66612","not_yet_hashed","jor_albe","unknown","not_verified"
"data/texture/heroage/albe_bot02_w_02.bmp","ground_texture","66612","not_yet_hashed","jor_albe","unknown","not_verified"
"data/texture/heroage/albe_bot02_w_03.bmp","ground_texture","66612","not_yet_hashed","jor_albe","unknown","not_verified"
"data/texture/heroage/albe_bot02_w_04.bmp","ground_texture","66612","not_yet_hashed","jor_albe","unknown","not_verified"
"data/texture/heroage/albe_bot02_w_05.bmp","ground_texture","66612","not_yet_hashed","jor_albe","unknown","not_verified"
"data/texture/heroage/albe_bot02_w_06.bmp","ground_texture","66612","not_yet_hashed","jor_albe","unknown","not_verified"
"data/texture/heroage/albe_bot02_w_07.bmp","ground_texture","66612","not_yet_hashed","jor_albe","unknown","not_verified"
"data/texture/heroage/albe_bot02_w_08.bmp","ground_texture","66612","not_yet_hashed","jor_albe","unknown","not_verified"
"data/texture/heroage/albe_bot02_w_09.bmp","ground_texture","66612","not_yet_hashed","jor_albe","unknown","not_verified"
"data/texture/heroage/albe_bot03_w_01.bmp","ground_texture","66612","not_yet_hashed","jor_albe","unknown","not_verified"
"data/texture/heroage/albe_bot03_w_03.bmp","ground_texture","66612","not_yet_hashed","jor_albe","unknown","not_verified"
"data/texture/heroage/albe_bot03_w_04.bmp","ground_texture","66612","not_yet_hashed","jor_albe","unknown","not_verified"
"data/texture/heroage/albe_bot03_w_05.bmp","ground_texture","66612","not_yet_hashed","jor_albe","unknown","not_verified"
"data/texture/heroage/crk_y_bot02.bmp","ground_texture","263220","not_yet_hashed","jor_crk","unknown","not_verified"
"data/texture/heroage/crkp_y_bot01.bmp","ground_texture","66612","not_yet_hashed","jor_crk_p","unknown","not_verified"
"data/texture/heroage/crkp_y_bot03.bmp","ground_texture","263220","not_yet_hashed","jor_crk_p","unknown","not_verified"
"data/texture/heroage/hero_y_bot01_01.bmp","ground_texture","66612","not_yet_hashed","jor_base;luna_sf1","unknown","not_verified"
"data/texture/heroage/hero_y_bot01_02.bmp","ground_texture","66612","not_yet_hashed","jor_base;luna_sf1","unknown","not_verified"
"data/texture/heroage/hero_y_bot01.bmp","ground_texture","66612","not_yet_hashed","jor_base;luna_sf1","unknown","not_verified"
"data/texture/heroage/hero_y_bot02_01.bmp","ground_texture","66612","not_yet_hashed","jor_base;luna_sf1","unknown","not_verified"
"data/texture/heroage/hero_y_bot02_02.bmp","ground_texture","66612","not_yet_hashed","jor_base","unknown","not_verified"
"data/texture/heroage/hero_y_bot02.bmp","ground_texture","66612","not_yet_hashed","jor_base;luna_sf1","unknown","not_verified"
"data/texture/heroage/hero_y_bot03.bmp","ground_texture","66612","not_yet_hashed","jor_base;luna_sf1","unknown","not_verified"
"data/texture/heroage/hero_y_bot04.bmp","ground_texture","66612","not_yet_hashed","jor_base;luna_sf1","unknown","not_verified"
"data/texture/heroage/hero_y_bot05_01.bmp","ground_texture","66612","not_yet_hashed","jor_base;luna_sf1","unknown","not_verified"
"data/texture/heroage/hero_y_bot05_02.bmp","ground_texture","66612","not_yet_hashed","jor_base","unknown","not_verified"
"data/texture/heroage/hero_y_bot05.bmp","ground_texture","66612","not_yet_hashed","jor_base;luna_sf1","unknown","not_verified"
"data/texture/heroage/hero_y_bot06_01.bmp","ground_texture","66612","not_yet_hashed","jor_base;luna_sf1","unknown","not_verified"
"data/texture/heroage/hero_y_bot06_02.bmp","ground_texture","66612","not_yet_hashed","jor_base","unknown","not_verified"
"data/texture/heroage/hero_y_bot06.bmp","ground_texture","66612","not_yet_hashed","jor_base;luna_sf1","unknown","not_verified"
"data/texture/heroage/hero_y_bot07.bmp","ground_texture","66612","not_yet_hashed","jor_base;luna_sf1","unknown","not_verified"
"data/texture/heroage/hero_y_bot08.bmp","ground_texture","66612","not_yet_hashed","jor_base;luna_sf1","unknown","not_verified"
"data/texture/heroage/hero_y_bot09_01.bmp","ground_texture","66612","not_yet_hashed","jor_raise1;jor_raise2;luna_sf1","unknown","not_verified"
"data/texture/heroage/hero_y_bot09_02.bmp","ground_texture","66612","not_yet_hashed","jor_raise1;jor_raise2;luna_sf1","unknown","not_verified"
"data/texture/heroage/hero_y_bot09.bmp","ground_texture","66612","not_yet_hashed","jor_raise1;jor_raise2;luna_sf1","unknown","not_verified"
"data/texture/heroage/hero_y_bot10_01.bmp","ground_texture","66612","not_yet_hashed","jor_raise1;jor_raise2;luna_sf1","unknown","not_verified"
"data/texture/heroage/hero_y_bot10_02.bmp","ground_texture","66612","not_yet_hashed","jor_raise1;jor_raise2;luna_sf1","unknown","not_verified"
"data/texture/heroage/hero_y_bot10.bmp","ground_texture","66612","not_yet_hashed","jor_raise1;luna_sf1","unknown","not_verified"
"data/texture/heroage/hero_y_bot11.bmp","ground_texture","66612","not_yet_hashed","jor_raise1;jor_raise2;luna_sf1","unknown","not_verified"
"data/texture/heroage/hero_y_bot12.bmp","ground_texture","66612","not_yet_hashed","jor_raise1;jor_raise2;luna_sf1","unknown","not_verified"
"data/texture/heroage/hero_y_bot13_01.bmp","ground_texture","66612","not_yet_hashed","jor_raise2;luna_sf1","unknown","not_verified"
"data/texture/heroage/hero_y_bot13_02.bmp","ground_texture","66612","not_yet_hashed","jor_raise2;luna_sf1","unknown","not_verified"
"data/texture/heroage/hero_y_bot13.bmp","ground_texture","66612","not_yet_hashed","jor_raise2;luna_sf1","unknown","not_verified"
"data/texture/heroage/hero_y_bot14.bmp","ground_texture","66612","not_yet_hashed","jor_raise2;luna_sf1","unknown","not_verified"
"data/texture/heroage/hero_y_bot15.bmp","ground_texture","66612","not_yet_hashed","jor_raise2;luna_sf1","unknown","not_verified"
"data/texture/heroage/hero_y_bot17.bmp","ground_texture","66612","not_yet_hashed","jor_raise2;luna_sf1","unknown","not_verified"
"data/texture/heroage/hero_y_bot18_01.bmp","ground_texture","66612","not_yet_hashed","jor_raise2","unknown","not_verified"
"data/texture/heroage/hero_y_bot18.bmp","ground_texture","66612","not_yet_hashed","jor_raise2;luna_sf1","unknown","not_verified"
"data/texture/heroage/hero_y_bot19_02.bmp","ground_texture","66612","not_yet_hashed","jor_raise2","unknown","not_verified"
"data/texture/heroage/hero_y_bot19.bmp","ground_texture","66612","not_yet_hashed","jor_raise2;luna_sf1","unknown","not_verified"
"data/texture/heroage/hero_y_bot21.bmp","ground_texture","66612","not_yet_hashed","jor_raise2;luna_sf1","unknown","not_verified"
"data/texture/heroage/hero_y_bot22.bmp","ground_texture","17460","not_yet_hashed","1@mdtem;jor_raise1;jor_sklf2;jor_tmple2","unknown","not_verified"
"data/texture/heroage/hero_y_wall01.bmp","ground_texture","66612","not_yet_hashed","jor_raise1;jor_raise2;luna_sf1","unknown","not_verified"
"data/texture/heroage/hero_y_wall02.bmp","ground_texture","66612","not_yet_hashed","jor_raise1;jor_raise2","unknown","not_verified"
"data/texture/heroage/hero_y_wall03.bmp","ground_texture","66612","not_yet_hashed","jor_raise1;luna_sf1","unknown","not_verified"
"data/texture/heroage/hero_y_wall04.bmp","ground_texture","66612","not_yet_hashed","jor_raise1;jor_raise2","unknown","not_verified"
"data/texture/heroage/hero_y_wall05.bmp","ground_texture","66612","not_yet_hashed","jor_raise1;jor_raise2;luna_sf1","unknown","not_verified"
"data/texture/heroage/hero_y_wall06.bmp","ground_texture","66612","not_yet_hashed","jor_raise1;jor_raise2;luna_sf1","unknown","not_verified"
"data/texture/heroage/hero_y_wall07.bmp","ground_texture","66612","not_yet_hashed","jor_raise1;luna_sf1","unknown","not_verified"
"data/texture/heroage/hero_y_wall08.bmp","ground_texture","66612","not_yet_hashed","jor_raise1;jor_raise2","unknown","not_verified"
"data/texture/heroage/heroage_ground_d_01.bmp","ground_texture","66616","not_yet_hashed","jor_raise1;jor_raise2;luna_sf1","unknown","not_verified"
"data/texture/heroage/heroage_ground_d_02.bmp","ground_texture","66616","not_yet_hashed","jor_base;jor_raise1;jor_raise2;luna_sf1","unknown","not_verified"
"data/texture/heroage/heroage_ground_d_03.bmp","ground_texture","66616","not_yet_hashed","jor_base;luna_sf1","unknown","not_verified"
"data/texture/heroage/heroage_ground_d_04.bmp","ground_texture","66612","not_yet_hashed","jor_base;luna_sf1","unknown","not_verified"
"data/texture/heroage/heroage_wall_h_01.bmp","ground_texture","66612","not_yet_hashed","1@ep21a;1@ep21b;1@ep21c;1@mdtem;2@mdtem;ch1_sf03;ch2safe1;jor_sklf1;jor_sklf2;jor_tmple1;jor_tmple2;luna_sf2","unknown","not_verified"
"data/texture/heroage/heroage_wall_h_02.bmp","ground_texture","66612","not_yet_hashed","1@wtgs;ch1_sf01","unknown","not_verified"
"data/texture/heroage/jalbe_h_wall01.bmp","ground_texture","66612","not_yet_hashed","jalbe_in","unknown","not_verified"
"data/texture/heroage/jalbe_h_wall02.bmp","ground_texture","66612","not_yet_hashed","jalbe_in","unknown","not_verified"
"data/texture/heroage/jalbe_h_wall03.bmp","ground_texture","66612","not_yet_hashed","jalbe_in","unknown","not_verified"
"data/texture/heroage/mbase_bot01_w_01.bmp","ground_texture","66612","not_yet_hashed","jor_mbase;jor_raise2","unknown","not_verified"
"data/texture/heroage/mbase_bot01_w_02.bmp","ground_texture","66612","not_yet_hashed","jor_mbase","unknown","not_verified"
"data/texture/heroage/mbase_bot01_w_03.bmp","ground_texture","66612","not_yet_hashed","jor_mbase;jor_raise2","unknown","not_verified"
"data/texture/heroage/mbase_bot01_w_04.bmp","ground_texture","66612","not_yet_hashed","jor_mbase;jor_raise2","unknown","not_verified"
"data/texture/heroage/mbase_bot01_w_05.bmp","ground_texture","66612","not_yet_hashed","jor_mbase;jor_raise2","unknown","not_verified"
"data/texture/heroage/mbase_bot01_w_06.bmp","ground_texture","66612","not_yet_hashed","jor_mbase","unknown","not_verified"
"data/texture/heroage/mbase_bot01_w_07.bmp","ground_texture","66612","not_yet_hashed","jor_mbase","unknown","not_verified"
"data/texture/heroage/mbase_bot02_w_01.bmp","ground_texture","66612","not_yet_hashed","jor_albe;jor_mbase","unknown","not_verified"
"data/texture/heroage/mbase_bot02_w_02.bmp","ground_texture","66612","not_yet_hashed","jor_albe;jor_mbase;jor_raise2;luna_sf1","unknown","not_verified"
"data/texture/heroage/mbase_bot02_w_03.bmp","ground_texture","66612","not_yet_hashed","jor_albe;jor_mbase;jor_raise2;luna_sf1","unknown","not_verified"
"data/texture/heroage/mbase_bot02_w_04.bmp","ground_texture","66612","not_yet_hashed","jor_albe;jor_mbase;jor_raise2;luna_sf1","unknown","not_verified"
"data/texture/heroage/mbase_bot02_w_05.bmp","ground_texture","66612","not_yet_hashed","jor_albe;jor_mbase;jor_raise2;luna_sf1","unknown","not_verified"
"data/texture/heroage/mbase_bot02_w_06.bmp","ground_texture","66612","not_yet_hashed","jor_mbase;jor_raise2","unknown","not_verified"
"data/texture/heroage/mbase_bot02_w_07.bmp","ground_texture","66612","not_yet_hashed","jor_mbase;jor_raise2","unknown","not_verified"
"data/texture/heroage/mbase_bot02_w_08.bmp","ground_texture","66612","not_yet_hashed","jor_mbase;jor_raise2","unknown","not_verified"
"data/texture/heroage/mbase_bot02_w_09.bmp","ground_texture","66612","not_yet_hashed","jor_albe","unknown","not_verified"
"data/texture/heroage/mbase_bot03_w_01.bmp","ground_texture","66612","not_yet_hashed","jor_mbase","unknown","not_verified"
"data/texture/heroage/mbase_bot03_w_02.bmp","ground_texture","66612","not_yet_hashed","jor_mbase","unknown","not_verified"
"data/texture/heroage/mbase_bot03_w_03.bmp","ground_texture","66612","not_yet_hashed","jor_mbase","unknown","not_verified"
"data/texture/heroage/mbase_bot03_w_04.bmp","ground_texture","66612","not_yet_hashed","jor_mbase","unknown","not_verified"
"data/texture/heroage/mbase_bot03_w_05.bmp","ground_texture","66612","not_yet_hashed","jor_mbase","unknown","not_verified"
"data/texture/heroage/mbase_bot04_w_01.bmp","ground_texture","66612","not_yet_hashed","jor_mbase","unknown","not_verified"
"data/texture/heroage/mbase_bot04_w_02.bmp","ground_texture","66612","not_yet_hashed","jor_mbase","unknown","not_verified"
"data/texture/heroage/mbase_bot04_w_03.bmp","ground_texture","66612","not_yet_hashed","jor_mbase","unknown","not_verified"
"data/texture/heroage/mbase_bot04_w_04.bmp","ground_texture","66612","not_yet_hashed","jor_mbase","unknown","not_verified"
"data/texture/heroage/mbase_bot04_w_05.bmp","ground_texture","66612","not_yet_hashed","jor_mbase","unknown","not_verified"
"data/texture/heroage/tmple_bot_y_01.bmp","ground_texture","66612","not_yet_hashed","1@ep21a;1@mdtem;jor_sklf1;jor_sklf2;jor_tmple1;jor_tmple2;luna_sf2","unknown","not_verified"
"data/texture/heroage/tmple_bot_y_02.bmp","ground_texture","66612","not_yet_hashed","1@ep21a;1@mdtem;2@mdtem;ch1_sf03;ch2safe1;jor_sklf1;jor_sklf2;jor_tmple1;jor_tmple2;luna_sf2","unknown","not_verified"
"data/texture/heroage/tmple_bot_y_03.bmp","ground_texture","66612","not_yet_hashed","1@ep21b;1@ep21c;1@mdtem;ch1_sf03;ch2safe1;jor_sklf1;jor_sklf2;jor_tmple1;jor_tmple2;luna_sf2","unknown","not_verified"
"data/texture/heroage/tmple_bot_y_04.bmp","ground_texture","66612","not_yet_hashed","1@ep21a;1@mdtem;2@mdtem;jor_sklf1;jor_sklf2;jor_tmple1;jor_tmple2;luna_sf2","unknown","not_verified"
"data/texture/heroage/tmple_bot_y_05.bmp","ground_texture","66612","not_yet_hashed","1@mdtem;jor_sklf2;jor_tmple2;luna_sf2","unknown","not_verified"
"data/texture/heroage/tmple_bot1_w_01.bmp","ground_texture","66612","not_yet_hashed","1@mdtem;jor_sklf1;jor_sklf2;jor_tmple1;jor_tmple2;luna_sf2","unknown","not_verified"
"data/texture/heroage/tmple_bot1_w_02.bmp","ground_texture","66612","not_yet_hashed","1@mdtem;jor_sklf1;jor_sklf2;jor_tmple1;jor_tmple2;luna_sf2","unknown","not_verified"
"data/texture/heroage/tmple_bot1_w_03.bmp","ground_texture","66612","not_yet_hashed","1@mdtem;jor_sklf1;jor_sklf2;jor_tmple1;jor_tmple2","unknown","not_verified"
"data/texture/heroage/tmple_bot1_w_04.bmp","ground_texture","66612","not_yet_hashed","1@mdtem;jor_sklf1;jor_sklf2;jor_tmple1;jor_tmple2;luna_sf2","unknown","not_verified"
"data/texture/heroage/tmple_bot1_w_05.bmp","ground_texture","66612","not_yet_hashed","1@mdtem;jor_sklf1;jor_sklf2;jor_tmple1;jor_tmple2","unknown","not_verified"
"data/texture/heroage/tmple_bot1_w_06.bmp","ground_texture","66612","not_yet_hashed","1@mdtem;jor_sklf1;jor_sklf2;jor_tmple1;jor_tmple2","unknown","not_verified"
"data/texture/heroage/tmple_bot1_w_07.bmp","ground_texture","66612","not_yet_hashed","1@mdtem;jor_sklf1;jor_sklf2;jor_tmple1;jor_tmple2;luna_sf2","unknown","not_verified"
"data/texture/heroage/tmple_bot1_w_08.bmp","ground_texture","66612","not_yet_hashed","1@ep21a;1@mdtem;2@mdtem;ch1_sf03;ch2safe1;jor_raise1;jor_sklf1;jor_sklf2;jor_tmple1;jor_tmple2;luna_sf2","unknown","not_verified"
"data/texture/heroage/tmple_bot1_w_09.bmp","ground_texture","66612","not_yet_hashed","1@ep21a;1@mdtem;ch1_sf03;ch2safe1;jor_sklf1;jor_sklf2;jor_tmple1;jor_tmple2;luna_sf2","unknown","not_verified"
"data/texture/heroage/tmple_bot1_w_10.bmp","ground_texture","66612","not_yet_hashed","jor_sklf1;jor_tmple1;luna_sf2","unknown","not_verified"
"data/texture/heroage/wtgs_y_bot01.bmp","ground_texture","66612","not_yet_hashed","1@wtgs;ch1_sf01","unknown","not_verified"
"data/texture/heroage/wtgs_y_bot02.bmp","ground_texture","66612","not_yet_hashed","1@wtgs","unknown","not_verified"
"data/texture/heroage/wtgs_y_bot03.bmp","ground_texture","66612","not_yet_hashed","1@wtgs;ch1_sf01","unknown","not_verified"
"data/texture/herosria/bar_bot05_hero_snow.bmp","ground_texture","66616","not_yet_hashed","hero_in4","unknown","not_verified"
"data/texture/herosria/bar_bot05_hero.bmp","ground_texture","66612","not_yet_hashed","bl_depth1;hero_in3","unknown","not_verified"
"data/texture/herosria/bar_bot11_hero.bmp","ground_texture","66612","not_yet_hashed","bl_depth1","unknown","not_verified"
"data/texture/herosria/bar_bot11_snow.bmp","ground_texture","66616","not_yet_hashed","hero_in4","unknown","not_verified"
"data/texture/herosria/hero_bottom01.bmp","ground_texture","66612","not_yet_hashed","hero_out1","unknown","not_verified"
"data/texture/herosria/hero_bottom02.bmp","ground_texture","66612","not_yet_hashed","hero_out1","unknown","not_verified"
"data/texture/herosria/hero_bottom03.bmp","ground_texture","66612","not_yet_hashed","hero_out1","unknown","not_verified"
"data/texture/herosria/hero_bottom04.bmp","ground_texture","66612","not_yet_hashed","hero_out1","unknown","not_verified"
"data/texture/herosria/hero_bottom05.bmp","ground_texture","66612","not_yet_hashed","hero_out1","unknown","not_verified"
"data/texture/herosria/hero_bottom06_1.bmp","ground_texture","66612","not_yet_hashed","hero_out1","unknown","not_verified"
"data/texture/herosria/hero_bottom06_2.bmp","ground_texture","66612","not_yet_hashed","hero_out1","unknown","not_verified"
"data/texture/herosria/hero_bottom06_3.bmp","ground_texture","66612","not_yet_hashed","hero_out1","unknown","not_verified"
"data/texture/herosria/hero_bottom06.bmp","ground_texture","66612","not_yet_hashed","hero_out1","unknown","not_verified"
"data/texture/herosria/hin1_y_bot01.bmp","ground_texture","33844","not_yet_hashed","1@hgd1;hero_dun1;hero_in1;hero_in2;hero_in3","unknown","not_verified"
"data/texture/herosria/hlb_y_01.bmp","ground_texture","132148","not_yet_hashed","1@20cn2;bl_depth1;bl_depth2;hero_lb;herosria;jor_root1","unknown","not_verified"
"data/texture/herosria/hlb_y_02.bmp","ground_texture","66612","not_yet_hashed","hero_lb;jor_root2","unknown","not_verified"
"data/texture/herosria/hlb_y_03.bmp","ground_texture","66612","not_yet_hashed","herosria","unknown","not_verified"
"data/texture/herosria/hout3_h_bot01.bmp","ground_texture","66612","not_yet_hashed","bl_depth1;hero_in3","unknown","not_verified"
"data/texture/herosria/hout3_y_bot01.bmp","ground_texture","66612","not_yet_hashed","hero_lb;hero_out3","unknown","not_verified"
"data/texture/herosria/hout3_y_bot02.bmp","ground_texture","66612","not_yet_hashed","hero_out3","unknown","not_verified"
"data/texture/herosria/hout3_y_bot03.bmp","ground_texture","66612","not_yet_hashed","hero_out3","unknown","not_verified"
"data/texture/herosria/hout3_y_bot04.bmp","ground_texture","66612","not_yet_hashed","hero_out3","unknown","not_verified"
"data/texture/herosria/hout3_y_bot05.bmp","ground_texture","66612","not_yet_hashed","hero_out3","unknown","not_verified"
"data/texture/herosria/hout3_y_bot06.bmp","ground_texture","66612","not_yet_hashed","hero_out3","unknown","not_verified"
"data/texture/herosria/prt_bot06_snow.bmp","ground_texture","33848","not_yet_hashed","hero_in4","unknown","not_verified"
"data/texture/herosria/prt_ch_bot02_snow.bmp","ground_texture","66616","not_yet_hashed","hero_in4","unknown","not_verified"
"data/texture/HS/treesong_y_22.bmp","ground_texture","263220","not_yet_hashed","ygg_fruit","unknown","not_verified"
"data/texture/hyper/exds_y_bot01.bmp","ground_texture","66612","not_yet_hashed","1@exds;2@exds;hero_ent3;hero_tra;herosria","unknown","not_verified"
"data/texture/hyper/exds_y_bot02.bmp","ground_texture","66612","not_yet_hashed","1@exds","unknown","not_verified"
"data/texture/hyper/exds_y_bot03.bmp","ground_texture","66612","not_yet_hashed","1@exds","unknown","not_verified"
"data/texture/hyper/exds_y_bot04.bmp","ground_texture","66612","not_yet_hashed","1@exds","unknown","not_verified"
"data/texture/hyper/exds_y_bot05.bmp","ground_texture","66612","not_yet_hashed","1@exds","unknown","not_verified"
"data/texture/hyper/exnw_y_bot01.bmp","ground_texture","66612","not_yet_hashed","1@exnw","unknown","not_verified"
"data/texture/hyper/exnw_y_bot02.bmp","ground_texture","263220","not_yet_hashed","1@exnw","unknown","not_verified"
"data/texture/hyper/exnw_y_bot03.bmp","ground_texture","66612","not_yet_hashed","1@exnw;1@vrsn","unknown","not_verified"
"data/texture/hyper/exnw_y_wall02.bmp","ground_texture","66612","not_yet_hashed","1@exnw;1@vrsn","unknown","not_verified"
"data/texture/hyper/exse_w_ground01.bmp","ground_texture","66612","not_yet_hashed","1@exse","unknown","not_verified"
"data/texture/hyper/exse_w_ground02.bmp","ground_texture","66612","not_yet_hashed","1@exse","unknown","not_verified"
"data/texture/hyper/exse_w_ground03.bmp","ground_texture","66612","not_yet_hashed","1@exse","unknown","not_verified"
"data/texture/hyper/exse_w_ground04.bmp","ground_texture","66612","not_yet_hashed","1@exse","unknown","not_verified"
"data/texture/hyper/exse_w_ground05.bmp","ground_texture","66612","not_yet_hashed","1@exse","unknown","not_verified"
"data/texture/hyper/exse_w_ground06.bmp","ground_texture","66612","not_yet_hashed","1@exse","unknown","not_verified"
"data/texture/hyper/exse_w_ground07.bmp","ground_texture","66612","not_yet_hashed","1@exse","unknown","not_verified"
"data/texture/hyper/exse_w_ground08.bmp","ground_texture","66612","not_yet_hashed","1@exse","unknown","not_verified"
"data/texture/hyper/exse_w_ground09.bmp","ground_texture","66612","not_yet_hashed","1@exse","unknown","not_verified"
"data/texture/ia/dmond_wall01.bmp","ground_texture","66612","not_yet_hashed","1@whl;air_if","unknown","not_verified"
"data/texture/ia/dmond_wall02.bmp","ground_texture","66612","not_yet_hashed","1@whl;air_if","unknown","not_verified"
"data/texture/ilusion/2whs_w01.bmp","ground_texture","66612","not_yet_hashed","1@spa2;ba_2whs01;ba_2whs02","unknown","not_verified"
"data/texture/ilusion/2whs_w01a.bmp","ground_texture","66612","not_yet_hashed","ba_2whs01;ba_2whs02","unknown","not_verified"
"data/texture/ilusion/2whs_w02.bmp","ground_texture","66612","not_yet_hashed","ba_2whs01;ba_2whs02","unknown","not_verified"
"data/texture/ilusion/2whs_w02a.bmp","ground_texture","66612","not_yet_hashed","ba_2whs01;ba_2whs02","unknown","not_verified"
"data/texture/ilusion/2whs01_bot01.bmp","ground_texture","66612","not_yet_hashed","ba_2whs01;ba_2whs02","unknown","not_verified"
"data/texture/ilusion/2whs01_bot02.bmp","ground_texture","66612","not_yet_hashed","ba_2whs01","unknown","not_verified"
"data/texture/ilusion/2whs01_wall01.bmp","ground_texture","66612","not_yet_hashed","ba_2whs01","unknown","not_verified"
"data/texture/ilusion/2whs01_wall02.bmp","ground_texture","66612","not_yet_hashed","ba_2whs01","unknown","not_verified"
"data/texture/ilusion/2whs01_wall03.bmp","ground_texture","66612","not_yet_hashed","ba_2whs01;ba_2whs02","unknown","not_verified"
"data/texture/ilusion/2whs01_wall04.bmp","ground_texture","66612","not_yet_hashed","ba_2whs01;ba_2whs02","unknown","not_verified"
"data/texture/ilusion/2whs01_wall05.bmp","ground_texture","66612","not_yet_hashed","ba_2whs01;ba_2whs02","unknown","not_verified"
"data/texture/ilusion/ba_2whs02_bot01.bmp","ground_texture","66612","not_yet_hashed","ba_2whs02","unknown","not_verified"
"data/texture/ilusion/ba_2whs02_bot02.bmp","ground_texture","66612","not_yet_hashed","1@spa2;ba_2whs02","unknown","not_verified"
"data/texture/ilusion/ba_bath_bot01.bmp","ground_texture","66612","not_yet_hashed","ba_bath","unknown","not_verified"
"data/texture/ilusion/ba_bath_bot02.bmp","ground_texture","66612","not_yet_hashed","1@adv;1@advs;ba_bath;bl_depth1;hero_lb;jor_sklf1;jor_tmple1;luna_sf2;starhall","unknown","not_verified"
"data/texture/ilusion/ba_bath_bot03.bmp","ground_texture","66612","not_yet_hashed","ba_bath","unknown","not_verified"
"data/texture/ilusion/ba_bath_wall01.bmp","ground_texture","66612","not_yet_hashed","1@adv;1@advs;ba_bath","unknown","not_verified"
"data/texture/ilusion/ba_go01.bmp","ground_texture","66612","not_yet_hashed","1@ba_go;ba_go","unknown","not_verified"
"data/texture/ilusion/ba_in_bot01_a.bmp","ground_texture","66612","not_yet_hashed","ba_bath;ba_void","unknown","not_verified"
"data/texture/ilusion/ba_in_bot01_b.bmp","ground_texture","66612","not_yet_hashed","1@whl;air_if;ba_in01","unknown","not_verified"
"data/texture/ilusion/ba_in_bot01.bmp","ground_texture","66612","not_yet_hashed","1@herbs;ba_bath;ba_in01;ba_void","unknown","not_verified"
"data/texture/ilusion/ba_in_bot02.bmp","ground_texture","33844","not_yet_hashed","ba_in01;ba_void","unknown","not_verified"
"data/texture/ilusion/ba_in_bot03.bmp","ground_texture","33844","not_yet_hashed","1@herbs;1@whl;air_if;ba_in01;ba_void","unknown","not_verified"
"data/texture/ilusion/ba_in_bot04.bmp","ground_texture","66612","not_yet_hashed","ba_in01","unknown","not_verified"
"data/texture/ilusion/ba_in_bot05.bmp","ground_texture","103476","not_yet_hashed","1@ghg","unknown","not_verified"
"data/texture/ilusion/ba_in_bot06.bmp","ground_texture","66612","not_yet_hashed","ba_in01;ba_void","unknown","not_verified"
"data/texture/ilusion/ba_in_bot07.bmp","ground_texture","66612","not_yet_hashed","ba_in01;ba_void","unknown","not_verified"
"data/texture/ilusion/ba_in_bot08_a.bmp","ground_texture","66612","not_yet_hashed","ba_in01;ba_void","unknown","not_verified"
"data/texture/ilusion/ba_in_bot08.bmp","ground_texture","66612","not_yet_hashed","ba_in01;ba_void","unknown","not_verified"
"data/texture/ilusion/ba_in_w01.bmp","ground_texture","66612","not_yet_hashed","1@whl;air_if;ba_in01","unknown","not_verified"
"data/texture/ilusion/ba_in_w02.bmp","ground_texture","50484","not_yet_hashed","ba_in01","unknown","not_verified"
"data/texture/ilusion/ba_in_w03.bmp","ground_texture","66612","not_yet_hashed","ba_in01","unknown","not_verified"
"data/texture/ilusion/ba_in_w05.bmp","ground_texture","66612","not_yet_hashed","1@bamq;ba_in01","unknown","not_verified"
"data/texture/ilusion/ba_in_w06.bmp","ground_texture","66612","not_yet_hashed","1@bamq;ba_in01","unknown","not_verified"
"data/texture/ilusion/ba_in_w07.bmp","ground_texture","66612","not_yet_hashed","1@bamq;1@herbs;ba_2whs01;ba_2whs02;ba_in01","unknown","not_verified"
"data/texture/ilusion/ba_in_wall01.bmp","ground_texture","66612","not_yet_hashed","1@whl;air_if;ba_in01;ba_void;icas_in","unknown","not_verified"
"data/texture/ilusion/ba_in_wall02.bmp","ground_texture","33844","not_yet_hashed","ba_in01","unknown","not_verified"
"data/texture/ilusion/ba_lib_bot01.bmp","ground_texture","66612","not_yet_hashed","ba_lib","unknown","not_verified"
"data/texture/ilusion/ba_lib_wall01.bmp","ground_texture","66612","not_yet_hashed","1@exhn;ba_lib;bl_depth2","unknown","not_verified"
"data/texture/ilusion/ba_pw02_bot01.bmp","ground_texture","263220","not_yet_hashed","1@20cn2;1@ch1a;1@ch1b;1@gol1;1@jorchs;1@jorlab;1@rgsr;1@vrev;1@vrhha;1@vrsn;1@whl;air_if;amicit02;amicitia2;ba_bath;ba_pw02;ch1_dw;jor_dun03;jor_nest;pub_cat;rgsr_in","unknown","not_verified"
"data/texture/ilusion/ba_pw02_wall01.bmp","ground_texture","66612","not_yet_hashed","1@exnw;1@jorchs;ba_pw02;jor_nest;pub_cat","unknown","not_verified"
"data/texture/ilusion/ba_pw02_wall02.bmp","ground_texture","66612","not_yet_hashed","1@exnw;1@jorchs;ba_pw02;jor_nest;pub_cat","unknown","not_verified"
"data/texture/ilusion/ba_pw02_wall03.bmp","ground_texture","263220","not_yet_hashed","1@20cn2;1@ch1a;1@ch1b;1@jorchs;1@jorlab;ba_bath;ba_pw02;ch1_dw;jor_dun03;jor_nest","unknown","not_verified"
"data/texture/ilusion/bar_bot01_a.bmp","ground_texture","66612","not_yet_hashed","1@bamn;1@ghg;1@hgd1;ba_maison;hero_dun1;hero_in1","unknown","not_verified"
"data/texture/ilusion/bar_bot01.bmp","ground_texture","66612","not_yet_hashed","1@bamn;1@ghg;1@herbs;1@hgd1;ba_maison;hero_dun1;hero_in1;hero_in2;t_garden","unknown","not_verified"
"data/texture/ilusion/bar_bot02.bmp","ground_texture","66612","not_yet_hashed","1@bamn;1@ghg;1@hgd1;1@lost;ba_lost;ba_maison;hero_dun1;hero_in1","unknown","not_verified"
"data/texture/ilusion/bar_bot03.bmp","ground_texture","66612","not_yet_hashed","1@bamn;1@hgd1;ba_maison;hero_dun1;hero_in1","unknown","not_verified"
"data/texture/ilusion/bar_bot04.bmp","ground_texture","66612","not_yet_hashed","1@bamn;1@ghg;1@hgd1;ba_maison;hero_dun1;hero_in1","unknown","not_verified"
"data/texture/ilusion/bar_bot05.bmp","ground_texture","66612","not_yet_hashed","1@bamn;1@ghg;1@hgd1;ba_maison;hero_dun1;hero_in1","unknown","not_verified"
"data/texture/ilusion/bar_bot06.bmp","ground_texture","66612","not_yet_hashed","1@bamn;1@ghg;ba_maison","unknown","not_verified"
"data/texture/ilusion/bar_bot07.bmp","ground_texture","66612","not_yet_hashed","1@bamn;1@ghg;1@hgd1;ba_maison;hero_dun1;hero_in1;hero_in2","unknown","not_verified"
"data/texture/ilusion/bar_bot08_a.bmp","ground_texture","66612","not_yet_hashed","1@ghg","unknown","not_verified"
"data/texture/ilusion/bar_bot08.bmp","ground_texture","66612","not_yet_hashed","1@bamn;1@ghg;1@hgd1;ba_maison;hero_dun1;hero_in1;hero_in2","unknown","not_verified"
"data/texture/ilusion/bar_bot09.bmp","ground_texture","66612","not_yet_hashed","1@bamn;1@ghg;1@hgd1;ba_maison;hero_dun1;hero_in1","unknown","not_verified"
"data/texture/ilusion/bar_bot10.bmp","ground_texture","66612","not_yet_hashed","1@bamn;1@ghg;ba_maison","unknown","not_verified"
"data/texture/ilusion/bar_bot11.bmp","ground_texture","66612","not_yet_hashed","1@bamn;1@ghg;1@hgd1;ba_maison;hero_dun1;hero_in1","unknown","not_verified"
"data/texture/ilusion/bar_bot12_a.bmp","ground_texture","66616","not_yet_hashed","1@lost;ba_lost","unknown","not_verified"
"data/texture/ilusion/bar_bot13.bmp","ground_texture","66612","not_yet_hashed","1@ghg","unknown","not_verified"
"data/texture/ilusion/bar_bot14.bmp","ground_texture","66612","not_yet_hashed","1@ghg","unknown","not_verified"
"data/texture/ilusion/bar_bot15.bmp","ground_texture","66612","not_yet_hashed","1@ghg","unknown","not_verified"
"data/texture/ilusion/bar_in_bath01.bmp","ground_texture","66612","not_yet_hashed","1@herbs;ba_bath","unknown","not_verified"
"data/texture/ilusion/bar_wall_s.bmp","ground_texture","66612","not_yet_hashed","1@lost;1@whl;air_if;ba_in01;ba_lost","unknown","not_verified"
"data/texture/ilusion/chess_bot01.bmp","ground_texture","66612","not_yet_hashed","ba_chess","unknown","not_verified"
"data/texture/ilusion/depth2_y_01.bmp","ground_texture","66612","not_yet_hashed","bl_depth1;bl_depth2","unknown","not_verified"
"data/texture/ilusion/depth2_y_02.bmp","ground_texture","66612","not_yet_hashed","bl_depth1;bl_depth2","unknown","not_verified"
"data/texture/ilusion/herbs_bot01.bmp","ground_texture","66612","not_yet_hashed","1@20cn2;1@adv;1@advs;1@exhn;1@herbs;1@hgd1;ba_chess;clb_kuma;hero_dun1;hero_ent2;hero_in1;hero_in2;hero_out2;jor_root1;jor_sanct","unknown","not_verified"
"data/texture/ilusion/herbs_bot02.bmp","ground_texture","66612","not_yet_hashed","1@adv;1@advs;1@herbs;ba_chess;ba_in01;clb_kuma;hero_ent2;hero_in2;hero_out2;rag_fes;rag_fes_a","unknown","not_verified"
"data/texture/ilusion/herbs_bot03.bmp","ground_texture","66612","not_yet_hashed","1@exhn;1@herbs;clb_kuma","unknown","not_verified"
"data/texture/ilusion/herbs_bot04.bmp","ground_texture","66612","not_yet_hashed","1@herbs;clb_kuma","unknown","not_verified"
"data/texture/ilusion/herbs_bot05.bmp","ground_texture","66612","not_yet_hashed","1@exhn;1@herbs;hero_out2","unknown","not_verified"
"data/texture/ilusion/herbs_bot06.bmp","ground_texture","66612","not_yet_hashed","1@exhn;1@herbs;hero_out2","unknown","not_verified"
"data/texture/ilusion/herbs_bot07.bmp","ground_texture","66612","not_yet_hashed","1@exhn;1@herbs;hero_out2","unknown","not_verified"
"data/texture/ilusion/herbs_bot08.bmp","ground_texture","66612","not_yet_hashed","1@exhn;1@herbs;hero_out2","unknown","not_verified"
"data/texture/ilusion/herbs_bot09.bmp","ground_texture","66612","not_yet_hashed","1@herbs;clb_kuma","unknown","not_verified"
"data/texture/ilusion/herbs_bot10.bmp","ground_texture","66612","not_yet_hashed","1@herbs;clb_kuma","unknown","not_verified"
"data/texture/ilusion/herbs_bot11.bmp","ground_texture","66612","not_yet_hashed","1@herbs","unknown","not_verified"
"data/texture/ilusion/herbs_bot12.bmp","ground_texture","66612","not_yet_hashed","1@herbs;ba_2whs01;ba_2whs02","unknown","not_verified"
"data/texture/ilusion/herbs_bot14.bmp","ground_texture","66320","not_yet_hashed","1@exhn;1@exnw;1@herbs;herosria","unknown","not_verified"
"data/texture/ilusion/herbs_bot15.bmp","ground_texture","66612","not_yet_hashed","1@herbs;ba_2whs01;ba_2whs02","unknown","not_verified"
"data/texture/ilusion/ilu_cor_bot01.bmp","ground_texture","66612","not_yet_hashed","1@cor;1@vrgen;bl_depth1;hero_in3;job4_bio;sp_cor;vr_gen","unknown","not_verified"
"data/texture/ilusion/ilu_cor_bot02.bmp","ground_texture","66612","not_yet_hashed","1@cor;bl_depth1;hero_in3;sp_cor","unknown","not_verified"
"data/texture/ilusion/ilu_cor_bot03.bmp","ground_texture","66612","not_yet_hashed","1@cor;bl_depth1;hero_in3;sp_cor","unknown","not_verified"
"data/texture/ilusion/ilu_cor_bot04.bmp","ground_texture","66612","not_yet_hashed","1@cor;hero_in3;sp_cor","unknown","not_verified"
"data/texture/ilusion/ilu_cor_bot05.bmp","ground_texture","66612","not_yet_hashed","1@cor;hero_in3;sp_cor","unknown","not_verified"
"data/texture/ilusion/ilu_cor_bot06.bmp","ground_texture","66612","not_yet_hashed","1@cor;bl_depth1;hero_in3;sp_cor","unknown","not_verified"
"data/texture/ilusion/ilu_cor_bot07.bmp","ground_texture","66612","not_yet_hashed","1@cor;sp_cor","unknown","not_verified"
"data/texture/ilusion/ilu_cor_bot08.bmp","ground_texture","66612","not_yet_hashed","1@cor;1@herbs;sp_cor","unknown","not_verified"
"data/texture/ilusion/ilu_cor_wall01.bmp","ground_texture","66612","not_yet_hashed","1@cor;sp_cor","unknown","not_verified"
"data/texture/ilusion/ilu_cor_wall02.bmp","ground_texture","66612","not_yet_hashed","1@cor;sp_cor","unknown","not_verified"
"data/texture/ilusion/ilu_cor_wall03.bmp","ground_texture","66612","not_yet_hashed","1@cor;sp_cor","unknown","not_verified"
"data/texture/ilusion/ilu_cor_wall04.bmp","ground_texture","66612","not_yet_hashed","1@cor;sp_cor","unknown","not_verified"
"data/texture/ilusion/ilu_cor_wall05.bmp","ground_texture","66612","not_yet_hashed","1@cor;sp_cor","unknown","not_verified"
"data/texture/ilusion/ilu_pw_bot01.bmp","ground_texture","66612","not_yet_hashed","1@whl;air_if;ba_pw01;ba_pw03","unknown","not_verified"
"data/texture/ilusion/ilu_pw_bot02.bmp","ground_texture","66612","not_yet_hashed","1@herbs;1@jorchs;1@whl;air_if;ba_bath;ba_pw01;ba_pw03;jor_nest","unknown","not_verified"
"data/texture/ilusion/ilu_pw_wall01.bmp","ground_texture","66612","not_yet_hashed","1@bamq;1@herbs;1@jorchs;1@whl;air_if;ba_2whs01;ba_2whs02;ba_bath;ba_in01;ba_pw01;ba_pw03;jor_nest","unknown","not_verified"
"data/texture/ilusion/ilu_pw_wall02.bmp","ground_texture","66612","not_yet_hashed","1@exnw;1@herbs;1@vrev;1@whl;air_if;amicit02;amicitia2;ba_2whs01;ba_2whs02;ba_in01;ba_pw01;ba_pw03;kin_in01","unknown","not_verified"
"data/texture/ilusion/ilu_rudus_bot01.bmp","ground_texture","66612","not_yet_hashed","1@jorchs;1@os_a;1@os_b;1@rgsr;1@vrev;1@whl;air_if;amicit02;amicitia2;ba_pw01;ba_pw02;ba_pw03;job4_bio;jor_nest;kin_in01;rgsr_in;sp_os;sp_rudus;sp_rudus2;sp_rudus3;sp_rudus4","unknown","not_verified"
"data/texture/ilusion/ilus_h_07.bmp","ground_texture","66612","not_yet_hashed","job4_bio","unknown","not_verified"
"data/texture/ilusion/ilus_j_143.bmp","ground_texture","66612","not_yet_hashed","ba_in01","unknown","not_verified"
"data/texture/ilusion/ilus_j_144.bmp","ground_texture","263220","not_yet_hashed","1@bamq;ba_in01","unknown","not_verified"
"data/texture/ilusion/ilus_j_25.bmp","ground_texture","263220","not_yet_hashed","1@os_a;1@os_b;sp_os","unknown","not_verified"
"data/texture/ilusion/ilus_j_49.bmp","ground_texture","66612","not_yet_hashed","pub_cat","unknown","not_verified"
"data/texture/ilusion/ilus_j_51.bmp","ground_texture","66612","not_yet_hashed","pub_cat","unknown","not_verified"
"data/texture/ilusion/ilus_s_107.bmp","ground_texture","66612","not_yet_hashed","rag_fes;rag_fes_a","unknown","not_verified"
"data/texture/ilusion/ilus_s_117.bmp","ground_texture","263220","not_yet_hashed","ba_2whs02","unknown","not_verified"
"data/texture/ilusion/ilus_s_90.bmp","ground_texture","17460","not_yet_hashed","ba_lib","unknown","not_verified"
"data/texture/ilusion/ilus_y_23.bmp","ground_texture","263220","not_yet_hashed","hero_in2","unknown","not_verified"
"data/texture/ilusion/lost_bot01.bmp","ground_texture","33844","not_yet_hashed","1@lost;ba_lost","unknown","not_verified"
"data/texture/ilusion/lost_bot02.bmp","ground_texture","66612","not_yet_hashed","1@lost;ba_lost","unknown","not_verified"
"data/texture/ilusion/lost_bot03.bmp","ground_texture","66612","not_yet_hashed","1@lost;ba_lost","unknown","not_verified"
"data/texture/ilusion/lost_bot04.bmp","ground_texture","66612","not_yet_hashed","1@lost;ba_lost","unknown","not_verified"
"data/texture/ilusion/lost_bot05.bmp","ground_texture","66612","not_yet_hashed","1@lost;ba_lost","unknown","not_verified"
"data/texture/ilusion/os_bottom01.bmp","ground_texture","66612","not_yet_hashed","1@os_a;1@os_b;sp_os;sp_rudus;sp_rudus2;sp_rudus3;sp_rudus4","unknown","not_verified"
"data/texture/ilusion/os_bottom02.bmp","ground_texture","66612","not_yet_hashed","1@os_a;1@os_b;sp_os;sp_rudus;sp_rudus2;sp_rudus3;sp_rudus4","unknown","not_verified"
"data/texture/ilusion/os_bottom03.bmp","ground_texture","66612","not_yet_hashed","1@f_lake;1@os_a;1@os_b;1@whl;ab_lava1;air_if;ba_pw02;sp_os;sp_rudus;sp_rudus2;sp_rudus3;sp_rudus4","unknown","not_verified"
"data/texture/ilusion/os_bottom04.bmp","ground_texture","66612","not_yet_hashed","1@f_lake;1@os_a;1@os_b;sp_os;sp_rudus3;sp_rudus4","unknown","not_verified"
"data/texture/ilusion/os_bottom05.bmp","ground_texture","66612","not_yet_hashed","1@exhn;bl_depth1;bl_depth2;job4_bio","unknown","not_verified"
"data/texture/ilusion/os_bottom06.bmp","ground_texture","66612","not_yet_hashed","1@exnw;1@f_lake;1@os_a;1@os_b;1@whl;ab_lava1;air_if;ba_in01;ba_pw01;ba_pw02;ba_pw03;sp_os;sp_rudus;sp_rudus2;sp_rudus3;sp_rudus4","unknown","not_verified"
"data/texture/ilusion/os_bottom07.bmp","ground_texture","66612","not_yet_hashed","1@bamq;1@f_lake;1@os_a;1@os_b;1@whl;air_if;ba_in01;ba_pw01;ba_pw03;pub_cat;sp_os;sp_rudus;sp_rudus2;sp_rudus3;sp_rudus4","unknown","not_verified"
"data/texture/ilusion/os_wall01.bmp","ground_texture","66612","not_yet_hashed","1@os_a;1@os_b;sp_os;sp_rudus;sp_rudus2;sp_rudus3;sp_rudus4","unknown","not_verified"
"data/texture/ilusion/os_wall02.bmp","ground_texture","66612","not_yet_hashed","1@os_a;1@os_b;sp_os;sp_rudus;sp_rudus2;sp_rudus3;sp_rudus4","unknown","not_verified"
"data/texture/ilusion/os_wall03.bmp","ground_texture","66612","not_yet_hashed","1@os_a;1@os_b;sp_os;sp_rudus;sp_rudus2;sp_rudus3;sp_rudus4","unknown","not_verified"
"data/texture/ilusion/os_wall04.bmp","ground_texture","66612","not_yet_hashed","1@os_a;1@os_b;sp_os;sp_rudus4","unknown","not_verified"
"data/texture/ilusion/os_wall05.bmp","ground_texture","66612","not_yet_hashed","1@os_a;1@os_b;sp_os;sp_rudus;sp_rudus2;sp_rudus3;sp_rudus4","unknown","not_verified"
"data/texture/ilusion/os_wall06.bmp","ground_texture","66612","not_yet_hashed","1@os_a;1@os_b;sp_os;sp_rudus;sp_rudus2;sp_rudus3;sp_rudus4","unknown","not_verified"
"data/texture/ilusion/os_wall07.bmp","ground_texture","66612","not_yet_hashed","1@os_a;1@os_b;sp_os;sp_rudus4","unknown","not_verified"
"data/texture/ilusion/os_wall08.bmp","ground_texture","66612","not_yet_hashed","1@os_a;1@os_b;sp_os;sp_rudus4","unknown","not_verified"
"data/texture/ilusion/os_wall09.bmp","ground_texture","66612","not_yet_hashed","sp_rudus4","unknown","not_verified"
"data/texture/ilusion/os_wall10.bmp","ground_texture","66612","not_yet_hashed","1@os_a;1@os_b;sp_os;sp_rudus4","unknown","not_verified"
"data/texture/ilusion/prt_bot06.bmp","ground_texture","33844","not_yet_hashed","1@bamn;1@ghg;ba_chess;ba_maison","unknown","not_verified"
"data/texture/ilusion/prt_ch_bot02.bmp","ground_texture","66612","not_yet_hashed","1@bamn;1@exhn;1@ghg;1@hgd1;1@lost;ba_bath;ba_chess;ba_lib;ba_lost;ba_maison;hero_dun1;hero_ent3;hero_in1;hero_in2;hero_in3;hero_in4;hero_tra;herosria","unknown","not_verified"
"data/texture/ilusion/prt_mir_wall03.bmp","ground_texture","66612","not_yet_hashed","ba_bath","unknown","not_verified"
"data/texture/ilusion/rgsr_wall01.bmp","ground_texture","66612","not_yet_hashed","1@exnw;1@rgsr;1@vrhha;1@vrsn;amicit01;amicitia1;rgsr_in","unknown","not_verified"
"data/texture/ilusion/rgsr_wall03.bmp","ground_texture","66612","not_yet_hashed","amicit01;amicitia1","unknown","not_verified"
"data/texture/ilusion/rgsr_wall05.bmp","ground_texture","66612","not_yet_hashed","1@f_lake;1@rgsr;1@vrhha;1@vrsn;ab_lava1;pub_cat;rgsr_in","unknown","not_verified"
"data/texture/ilusion/rgsr_wall06.bmp","ground_texture","66612","not_yet_hashed","1@ch1a;1@ch1b;1@f_lake;1@rgsr;1@vrev;1@vrhha;1@vrsn;ab_lava1;amicit01;amicit02;amicitia1;amicitia2;ch1_dw;rgsr_in","unknown","not_verified"
"data/texture/ilusion/rgsr_wall07.bmp","ground_texture","66612","not_yet_hashed","1@ch1a;1@ch1b;1@gol1;1@rgsr;1@vrhha;1@vrsn;ch1_dw;pub_cat;rgsr_in","unknown","not_verified"
"data/texture/invasion/adv_bot01_in.bmp","ground_texture","66612","not_yet_hashed","hero_ent2;memohall","unknown","not_verified"
"data/texture/invasion/gray_d_00bf_in.bmp","ground_texture","66612","not_yet_hashed","1@ch2a;ch2safe4;hero_ent1;hero_ent2;memohall;ragsruth;starhall","unknown","not_verified"
"data/texture/invasion/gray_d_00f.bmp","ground_texture","66612","not_yet_hashed","hero_ent1;hero_ent2;memohall","unknown","not_verified"
"data/texture/invasion/gray_s_20_in copy.bmp","ground_texture","66612","not_yet_hashed","hero_ent2;memohall;starhall","unknown","not_verified"
"data/texture/invasion/gray_s_20_in01.bmp","ground_texture","66612","not_yet_hashed","starhall","unknown","not_verified"
"data/texture/issgard/ics_y_bot01.bmp","ground_texture","66612","not_yet_hashed","icas_in;icas_in2","unknown","not_verified"
"data/texture/issgard/ics_y_bot02.bmp","ground_texture","66612","not_yet_hashed","icas_in","unknown","not_verified"
"data/texture/issgard/issgard_s_35.bmp","ground_texture","66616","not_yet_hashed","icas_in","unknown","not_verified"
"data/texture/issgard/issgard_s_54.bmp","ground_texture","263224","not_yet_hashed","icas_in","unknown","not_verified"
"data/texture/issgard/jor_k_bot01.bmp","ground_texture","66612","not_yet_hashed","1@20cn1;1@ep21b;1@ep21c;1@iwp;1@slug;1@twas;1@twbs;1@twbs2;1@twig;1@twsd;1@vrpop;ab_ice1;bl_depth1;bl_depth2;ch2safe3;deadroot;hero_in4;hero_lb;hero_out4;icas_in;icecastle;jor_back1;jor_back2;jor_back3;jor_back4;jor_back5;jor_back6;jor_crk;jor_safty1;jor_tail;jor_twice;jor_twig;vr_pop1","unknown","not_verified"
"data/texture/issgard/jor_k_bot02.bmp","ground_texture","66612","not_yet_hashed","1@20cn1;1@20cn2;1@iwp;1@slug;1@twig;1@twsd;1@vrpop;ab_ice1;ch2safe3;deadroot;hero_out4;icecastle;jor_back1;jor_back2;jor_back3;jor_back4;jor_back5;jor_back6;jor_crk;jor_root1;jor_safty1;jor_tail;jor_twice;jor_twig;vr_pop1","unknown","not_verified"
"data/texture/issgard/jor_k_bot03_1.bmp","ground_texture","66612","not_yet_hashed","1@20cn1;1@iwp;1@vrpop;ab_ice1;ch2safe3;deadroot;hero_out4;jor_back1;jor_back2;jor_back4;jor_back5;jor_back6;jor_crk;jor_safty1;jor_tail;vr_pop1","unknown","not_verified"
"data/texture/issgard/jor_k_bot03_2.bmp","ground_texture","66612","not_yet_hashed","1@20cn1;1@iwp;1@vrpop;ab_ice1;ch2safe3;deadroot;hero_out4;icecastle;jor_back1;jor_back2;jor_back3;jor_back4;jor_back5;jor_back6;jor_crk;jor_safty1;jor_tail;vr_pop1","unknown","not_verified"
"data/texture/issgard/jor_k_bot03_3.bmp","ground_texture","66612","not_yet_hashed","1@iwp;deadroot;hero_out4;icecastle;jor_back1;jor_back2;jor_back3;jor_back4;jor_back6;jor_crk;jor_safty1;jor_tail","unknown","not_verified"
"data/texture/issgard/jor_k_bot03.bmp","ground_texture","66612","not_yet_hashed","1@20cn1;1@iwp;1@vrpop;ab_ice1;ch2safe3;deadroot;hero_out4;icecastle;jor_back1;jor_back2;jor_back3;jor_back4;jor_back5;jor_crk;jor_safty1;jor_tail;vr_pop1","unknown","not_verified"
"data/texture/issgard/jor_k_bot04_1.bmp","ground_texture","66612","not_yet_hashed","1@20cn1;1@iwp;1@vrpop;ab_ice1;hero_out4;icecastle;jor_back1;jor_back2;jor_back4;jor_back5;jor_back6;jor_crk;jor_safty1;jor_tail;vr_pop1","unknown","not_verified"
"data/texture/issgard/jor_k_bot04_2.bmp","ground_texture","66612","not_yet_hashed","1@iwp;1@vrpop;ab_ice1;hero_out4;jor_back1;jor_back2;jor_back3;jor_back4;jor_back5;jor_back6;jor_crk;jor_safty1;jor_tail;vr_pop1","unknown","not_verified"
"data/texture/issgard/jor_k_bot04_3.bmp","ground_texture","66612","not_yet_hashed","1@iwp;1@vrpop;hero_out4;icecastle;jor_back1;jor_back2;jor_back3;jor_back4;jor_back6;jor_crk;jor_safty1;jor_tail;vr_pop1","unknown","not_verified"
"data/texture/issgard/jor_k_bot04.bmp","ground_texture","66612","not_yet_hashed","1@20cn1;1@iwp;1@vrpop;ab_ice1;hero_out4;jor_back1;jor_back2;jor_back4;jor_back5;jor_crk;jor_safty1;jor_tail;vr_pop1","unknown","not_verified"
"data/texture/issgard/jor_k_bot05.bmp","ground_texture","66612","not_yet_hashed","1@iwp;hero_out4;icecastle;jor_back1;jor_back2;jor_back4;jor_tail","unknown","not_verified"
"data/texture/issgard/jor_k_bot06.bmp","ground_texture","66612","not_yet_hashed","1@twig;jor_back4;jor_twig","unknown","not_verified"
"data/texture/issgard/jor_k_wall01.bmp","ground_texture","66612","not_yet_hashed","1@20cn1;1@iwp;1@slug;1@twig;1@twsd;1@vrpop;ab_ice1;hero_out4;icecastle;jor_back1;jor_back4;jor_back5;jor_back6;jor_safty1;jor_tail;jor_twice;jor_twig;vr_pop1","unknown","not_verified"
"data/texture/issgard/jor_k_wall02.bmp","ground_texture","66612","not_yet_hashed","1@20cn1;1@iwp;1@slug;1@twig;1@twsd;1@vrpop;ab_ice1;ch2safe3;deadroot;hero_out4;icecastle;jor_back1;jor_back2;jor_back3;jor_back4;jor_back5;jor_back6;jor_safty1;jor_tail;jor_twice;jor_twig;vr_pop1","unknown","not_verified"
"data/texture/issgard/jor_k_wall03.bmp","ground_texture","66612","not_yet_hashed","1@20cn1;1@iwp;1@twig;ab_ice1;ch2safe3;deadroot;hero_out4;icecastle;jor_back1;jor_back2;jor_back3;jor_back4;jor_back5;jor_back6;jor_safty1;jor_tail;jor_twig","unknown","not_verified"
"data/texture/issgard/jor_k_wall04.bmp","ground_texture","66612","not_yet_hashed","1@20cn1;1@iwp;1@slug;1@twsd;1@vrpop;deadroot;hero_out4;icecastle;jor_back1;jor_back2;jor_back3;jor_back4;jor_back5;jor_back6;jor_safty1;jor_twice;vr_pop1","unknown","not_verified"
"data/texture/issgard/jor_k_wall05.bmp","ground_texture","66612","not_yet_hashed","1@iwp;1@slug;1@twsd;ab_ice1;ch2safe3;deadroot;hero_out4;icecastle;jor_back1;jor_back2;jor_back3;jor_back4;jor_back6;jor_safty1;jor_tail;jor_twice","unknown","not_verified"
"data/texture/issgard/jor_y_wall01.bmp","ground_texture","66612","not_yet_hashed","1@iwp;1@twig;ab_ice1;icecastle;jor_back1;jor_back2;jor_back3;jor_back4;jor_crk;jor_safty1;jor_tail;jor_twig","unknown","not_verified"
"data/texture/issgard/jor_y_wall02.bmp","ground_texture","66612","not_yet_hashed","1@iwp;1@slug;1@twas;1@twbs;1@twbs2;1@twig;1@twsd;ab_ice1;ch2safe3;deadroot;icecastle;jor_back1;jor_back2;jor_back3;jor_back4;jor_back6;jor_crk;jor_tail;jor_twice;jor_twig","unknown","not_verified"
"data/texture/issgard/jor_y_wall03.bmp","ground_texture","66612","not_yet_hashed","1@iwp;1@slug;1@twig;1@twsd;ab_ice1;ch2safe3;deadroot;icecastle;jor_back1;jor_back2;jor_back3;jor_back4;jor_back6;jor_crk;jor_tail;jor_twice;jor_twig","unknown","not_verified"
"data/texture/issgard/jor_y_wall04.bmp","ground_texture","66612","not_yet_hashed","1@iwp;1@slug;1@twas;1@twbs;1@twbs2;1@twig;1@twsd;ab_ice1;ch2safe3;deadroot;hero_out4;icecastle;jor_back1;jor_back2;jor_back3;jor_back4;jor_back6;jor_crk;jor_safty1;jor_tail;jor_twice;jor_twig","unknown","not_verified"
"data/texture/issgard/snake_d_floor02_1.bmp","ground_texture","66612","not_yet_hashed","1@jorchs;jor_ab01;jor_dun01;jor_dun02;jor_maze;jor_nest;jor_que;jor_root3;jor_sanct","unknown","not_verified"
"data/texture/issgard/snake_d_floor02_2.bmp","ground_texture","66612","not_yet_hashed","1@jorchs;jor_ab01;jor_dun01;jor_dun02;jor_maze;jor_nest;jor_que;jor_root3;jor_safty2;jor_sanct","unknown","not_verified"
"data/texture/issgard/snake_d_floor03_1.bmp","ground_texture","66612","not_yet_hashed","1@jorchs;jor_ab01;jor_dun01;jor_dun02;jor_maze;jor_nest;jor_que;jor_root3;jor_safty2;jor_sanct","unknown","not_verified"
"data/texture/issgard/snake_d_floor03_2.bmp","ground_texture","66612","not_yet_hashed","1@jorchs;jor_ab01;jor_dun01;jor_dun02;jor_maze;jor_nest;jor_que;jor_root3;jor_safty2;jor_sanct","unknown","not_verified"
"data/texture/issgard/snake_d_wall01_1.bmp","ground_texture","66612","not_yet_hashed","1@ep21a;1@jorchs;jor_ab01;jor_dun01;jor_dun02;jor_maze;jor_nest;jor_que;jor_root3;jor_safty2;jor_sanct","unknown","not_verified"
"data/texture/issgard/snake_d_wall01_2.bmp","ground_texture","66612","not_yet_hashed","1@20cn2;1@ep21a;1@jorchs;jor_ab01;jor_ab02;jor_dun01;jor_dun02;jor_maze;jor_nest;jor_que;jor_root1;jor_root3;jor_safty2;jor_sanct","unknown","not_verified"
"data/texture/issgard/snake_d_wall01_3.bmp","ground_texture","66612","not_yet_hashed","jor_ab01;jor_dun01;jor_dun02;jor_maze;jor_que;jor_root3;jor_safty2;jor_sanct","unknown","not_verified"
"data/texture/issgard/snake_d_wall03_1.bmp","ground_texture","66612","not_yet_hashed","1@ep21a;1@jorchs;jor_ab01;jor_ab02;jor_dun01;jor_dun02;jor_maze;jor_nest;jor_que;jor_root1;jor_root3;jor_safty2;jor_sanct","unknown","not_verified"
"data/texture/issgard/snake_d_wall03_2.bmp","ground_texture","66612","not_yet_hashed","1@20cn2;1@ep21a;1@jorchs;jor_ab01;jor_ab02;jor_dun01;jor_dun02;jor_maze;jor_nest;jor_que;jor_root1;jor_root3;jor_sanct","unknown","not_verified"
"data/texture/issgard/snake_d_wall03_3.bmp","ground_texture","66612","not_yet_hashed","1@20cn2;1@ep21a;1@jorchs;jor_ab01;jor_ab02;jor_dun01;jor_dun02;jor_maze;jor_nest;jor_que;jor_root1;jor_root2;jor_root3;jor_safty2;jor_sanct","unknown","not_verified"
"data/texture/issgard/snake_w_floor01.bmp","ground_texture","66612","not_yet_hashed","1@20cn2;1@ep21a;1@ep21b;1@ep21c;1@jorchs;1@jorlab;jor_ab01;jor_ab02;jor_dun01;jor_dun02;jor_dun03;jor_maze;jor_nest;jor_que;jor_root1;jor_root2;jor_root3;jor_safty2;jor_sanct","unknown","not_verified"
"data/texture/issgard/snake_w_wall01.bmp","ground_texture","66612","not_yet_hashed","1@20cn2;1@ep21a;1@jorchs;1@jorlab;jor_ab01;jor_ab02;jor_dun01;jor_dun02;jor_dun03;jor_maze;jor_nest;jor_que;jor_root1;jor_root2;jor_root3;jor_safty2;jor_sanct","unknown","not_verified"
"data/texture/issgard/snake_w_wall02.bmp","ground_texture","66612","not_yet_hashed","1@20cn2;1@jorchs;1@jorlab;jor_ab01;jor_ab02;jor_dun01;jor_dun02;jor_dun03;jor_maze;jor_nest;jor_que;jor_root1;jor_root2;jor_root3;jor_safty2;jor_sanct","unknown","not_verified"
"data/texture/issgard/snake_w_wall03.bmp","ground_texture","66612","not_yet_hashed","1@20cn2;1@jorchs;1@jorlab;jor_ab01;jor_ab02;jor_dun01;jor_dun02;jor_dun03;jor_maze;jor_nest;jor_que;jor_root1;jor_root2;jor_root3;jor_safty2;jor_sanct","unknown","not_verified"
"data/texture/issgard/snake_w_wall04.bmp","ground_texture","66580","not_yet_hashed","1@jorchs;jor_nest","unknown","not_verified"
"data/texture/issgard/snake_w_wall05.bmp","ground_texture","66612","not_yet_hashed","1@jorchs;jor_nest","unknown","not_verified"
"data/texture/issgard/snake_w_wall06.bmp","ground_texture","66612","not_yet_hashed","1@jorchs;jor_nest","unknown","not_verified"
"data/texture/issgard/snake_w_wall07.bmp","ground_texture","66612","not_yet_hashed","1@jorchs;jor_nest","unknown","not_verified"
"data/texture/issgard/whl_y_bot01.bmp","ground_texture","66612","not_yet_hashed","1@vrsn;1@whl;air_if","unknown","not_verified"
"data/texture/izlude/iz_rookie_03.bmp","ground_texture","66612","not_yet_hashed","1@pdb","unknown","not_verified"
"data/texture/izlude/iz_rookie_07.bmp","ground_texture","66612","not_yet_hashed","1@pdb","unknown","not_verified"
"data/texture/izlude/iz_wall_01.bmp","ground_texture","17460","not_yet_hashed","1@vrac1;iz_ac01;iz_ac01_a;iz_ac01_b;iz_ac01_c;iz_ac01_d","unknown","not_verified"
"data/texture/job4/4win_bot_01.bmp","ground_texture","66612","not_yet_hashed","1@4win","unknown","not_verified"
"data/texture/job4/4win_bot_02.bmp","ground_texture","66612","not_yet_hashed","1@4win;1@exds","unknown","not_verified"
"data/texture/job4/4win_bot_03.bmp","ground_texture","66612","not_yet_hashed","1@4win","unknown","not_verified"
"data/texture/job4/4win_bot_04.bmp","ground_texture","66612","not_yet_hashed","1@4win","unknown","not_verified"
"data/texture/job4/4win_bot_05.bmp","ground_texture","66612","not_yet_hashed","1@4win","unknown","not_verified"
"data/texture/job4/4win_bot_06.bmp","ground_texture","66612","not_yet_hashed","1@4win","unknown","not_verified"
"data/texture/job4/4win_in_01.bmp","ground_texture","66612","not_yet_hashed","1@4win;1@whl;air_if","unknown","not_verified"
"data/texture/job4/4win_in_02.bmp","ground_texture","66612","not_yet_hashed","1@4win","unknown","not_verified"
"data/texture/job4/4win_wall_01.bmp","ground_texture","66612","not_yet_hashed","1@4win","unknown","not_verified"
"data/texture/job4/4win_wall_02.bmp","ground_texture","66612","not_yet_hashed","1@4win","unknown","not_verified"
"data/texture/job4/4win_wall_03.bmp","ground_texture","66612","not_yet_hashed","1@4win","unknown","not_verified"
"data/texture/job4/4win_wall_04.bmp","ground_texture","66612","not_yet_hashed","1@4win","unknown","not_verified"
"data/texture/job4/job4_tro_bottom01.bmp","ground_texture","66612","not_yet_hashed","1@4tro;job4_tro","unknown","not_verified"
"data/texture/job4for/ami_bot01.bmp","ground_texture","66612","not_yet_hashed","1@vrev;amicit02;amicitia2","unknown","not_verified"
"data/texture/job4for/ami_bot02.bmp","ground_texture","66612","not_yet_hashed","1@spa2;1@vrev;amicit01;amicit02;amicitia1;amicitia2","unknown","not_verified"
"data/texture/job4for/ami_bot03.bmp","ground_texture","66612","not_yet_hashed","1@vrev;amicit02;amicitia2","unknown","not_verified"
"data/texture/job4for/ami_h_01.bmp","ground_texture","66612","not_yet_hashed","1@exnw;amicit01;amicitia1","unknown","not_verified"
"data/texture/job4for/ami_h_02.bmp","ground_texture","66612","not_yet_hashed","amicit01;amicitia1","unknown","not_verified"
"data/texture/job4for/ami_h_03.bmp","ground_texture","66612","not_yet_hashed","1@exnw;amicit01;amicitia1","unknown","not_verified"
"data/texture/job4for/ami_wall01.bmp","ground_texture","263220","not_yet_hashed","1@vrev;1@whl;air_if;amicit01;amicit02;amicitia1;amicitia2","unknown","not_verified"
"data/texture/job4for/ami_wall02.bmp","ground_texture","66612","not_yet_hashed","amicitia1","unknown","not_verified"
"data/texture/job4for/ami_wall03.bmp","ground_texture","66612","not_yet_hashed","amicit01;amicitia1","unknown","not_verified"
"data/texture/job4for/ami_wall04.bmp","ground_texture","66612","not_yet_hashed","amicit01;amicitia1","unknown","not_verified"
"data/texture/job4for/ami_wall05.bmp","ground_texture","66612","not_yet_hashed","amicit01;amicitia1","unknown","not_verified"
"data/texture/job4for/ami_y_01.bmp","ground_texture","66612","not_yet_hashed","1@vrev;amicit02;amicitia2","unknown","not_verified"
"data/texture/job4for/ami_y_02.bmp","ground_texture","66612","not_yet_hashed","1@vrev;amicit02;amicitia2","unknown","not_verified"
"data/texture/job4for/job4f_d_000.bmp","ground_texture","66612","not_yet_hashed","2025arena2;2025arena5;nif_dun01;nif_dun02","unknown","not_verified"
"data/texture/job4for/job4f_d_02.bmp","ground_texture","1049652","not_yet_hashed","nif_dun02","unknown","not_verified"
"data/texture/job4for/job4f_d_98.bmp","ground_texture","263220","not_yet_hashed","nif_dun01;nif_dun02","unknown","not_verified"
"data/texture/job4for/job4f_d_99.bmp","ground_texture","263220","not_yet_hashed","2025arena2;2025arena5;nif_dun01;nif_dun02","unknown","not_verified"
"data/texture/job4for/job4for_j_11.bmp","ground_texture","66612","not_yet_hashed","2025arena2;2025arena5;nif_dun01;nif_dun02","unknown","not_verified"
"data/texture/job4for/job4for_j_13.bmp","ground_texture","66612","not_yet_hashed","nif_dun01","unknown","not_verified"
"data/texture/job4for/nif_h_01.bmp","ground_texture","66612","not_yet_hashed","2025arena2;2025arena5;nif_dun01","unknown","not_verified"
"data/texture/job4for/nif_y_01.bmp","ground_texture","66612","not_yet_hashed","2025arena2;2025arena5;nif_dun01;nif_dun02","unknown","not_verified"
"data/texture/job4for/nif_y_02.bmp","ground_texture","66612","not_yet_hashed","2025arena2;2025arena5;nif_dun01;nif_dun02","unknown","not_verified"
"data/texture/job4for/nif_y_03.bmp","ground_texture","66612","not_yet_hashed","2025arena2;2025arena5;nif_dun01;nif_dun02","unknown","not_verified"
"data/texture/job4for/nif_y_04.bmp","ground_texture","66612","not_yet_hashed","nif_dun02","unknown","not_verified"
"data/texture/job4for/nif_y_05.bmp","ground_texture","66528","not_yet_hashed","nif_dun02","unknown","not_verified"
"data/texture/job4for/nif_y_06.bmp","ground_texture","66612","not_yet_hashed","nif_dun02","unknown","not_verified"
"data/texture/job4for/nif_y_07.bmp","ground_texture","66612","not_yet_hashed","2025arena2;2025arena5;nif_dun02","unknown","not_verified"
"data/texture/job4for/nif_y_08.bmp","ground_texture","263220","not_yet_hashed","nif_dun02","unknown","not_verified"
"data/texture/job4for/nif_y_09.bmp","ground_texture","66612","not_yet_hashed","nif_dun02","unknown","not_verified"
"data/texture/jrokuma/kuma_y_bot01.bmp","ground_texture","66608","not_yet_hashed","clb_kuma","unknown","not_verified"
"data/texture/jrokuma/kuma_y_bot02.bmp","ground_texture","66612","not_yet_hashed","clb_kuma","unknown","not_verified"
"data/texture/jrokuma/kuma_y_bot03.bmp","ground_texture","66612","not_yet_hashed","clb_kuma","unknown","not_verified"
"data/texture/jrokuma/kuma_y_bot04.bmp","ground_texture","66612","not_yet_hashed","clb_kuma","unknown","not_verified"
"data/texture/jrokuma/kuma_y_bot05.bmp","ground_texture","66612","not_yet_hashed","clb_kuma","unknown","not_verified"
"data/texture/jrokuma/kuma_y_bot06.bmp","ground_texture","66612","not_yet_hashed","clb_kuma","unknown","not_verified"
"data/texture/jrokuma/kuma_y_bot07.bmp","ground_texture","66612","not_yet_hashed","clb_kuma","unknown","not_verified"
"data/texture/jrokuma/kuma_y_bot08.bmp","ground_texture","66612","not_yet_hashed","clb_kuma","unknown","not_verified"
"data/texture/jrokuma/kuma_y_bot09.bmp","ground_texture","66612","not_yet_hashed","clb_kuma","unknown","not_verified"
"data/texture/jrokuma/kuma_y_bot10.bmp","ground_texture","66612","not_yet_hashed","clb_kuma","unknown","not_verified"
"data/texture/jrokuma/kuma_y_bot11.bmp","ground_texture","66612","not_yet_hashed","clb_kuma","unknown","not_verified"
"data/texture/jrokuma/kuma_y_bot12.bmp","ground_texture","66612","not_yet_hashed","clb_kuma","unknown","not_verified"
"data/texture/jrokuma/kuma_y_bot13.bmp","ground_texture","66612","not_yet_hashed","clb_kuma","unknown","not_verified"
"data/texture/jrokuma/kuma_y_bot14.bmp","ground_texture","66612","not_yet_hashed","clb_kuma","unknown","not_verified"
"data/texture/jrokuma/kuma_y_bot15.bmp","ground_texture","66612","not_yet_hashed","clb_kuma","unknown","not_verified"
"data/texture/jrokuma/kuma_y_bot16.bmp","ground_texture","66612","not_yet_hashed","clb_kuma","unknown","not_verified"
"data/texture/jrokuma/kuma_y_bot17.bmp","ground_texture","66612","not_yet_hashed","clb_kuma","unknown","not_verified"
"data/texture/jrokuma/kuma_y_bot18.bmp","ground_texture","66612","not_yet_hashed","clb_kuma","unknown","not_verified"
"data/texture/jrokuma/kuma_y_bot19.bmp","ground_texture","4168","not_yet_hashed","clb_kuma","unknown","not_verified"
"data/texture/kung_gi_01.bmp","ground_texture","9268","not_yet_hashed","lhz_fild01;payon_in03","unknown","not_verified"
"data/texture/lasagna/las_city_bot01.bmp","ground_texture","66612","not_yet_hashed","1@begi;1@vrpo;lasa_fild01;lasa_fild02;lasagna;rag_fes;rag_fes_a;vr_po","unknown","not_verified"
"data/texture/lasagna/las_city_bot02.bmp","ground_texture","66612","not_yet_hashed","1@begi;1@vrpo;lasa_fild01;lasa_fild02;lasagna;vr_po","unknown","not_verified"
"data/texture/lasagna/las_city_bot03_1.bmp","ground_texture","66612","not_yet_hashed","1@begi;1@vrpo;lasa_fild01;lasa_fild02;lasagna;rag_fes;rag_fes_a;vr_po","unknown","not_verified"
"data/texture/lasagna/las_city_bot03_2.bmp","ground_texture","66612","not_yet_hashed","1@begi;1@vrpo;lasa_fild01;lasa_fild02;lasagna;vr_po","unknown","not_verified"
"data/texture/lasagna/las_city_bot03_3.bmp","ground_texture","66612","not_yet_hashed","1@begi;1@vrpo;lasa_fild01;lasa_fild02;lasagna;vr_po","unknown","not_verified"
"data/texture/lasagna/las_city_bot03_4.bmp","ground_texture","66612","not_yet_hashed","1@begi;1@vrpo;lasa_fild01;lasa_fild02;lasagna;vr_po","unknown","not_verified"
"data/texture/lasagna/las_city_bot03_5.bmp","ground_texture","66612","not_yet_hashed","1@begi;1@vrpo;lasa_fild01;lasa_fild02;lasagna;vr_po","unknown","not_verified"
"data/texture/lasagna/las_city_bot03_6.bmp","ground_texture","66612","not_yet_hashed","1@begi;1@vrpo;lasa_fild01;lasa_fild02;lasagna;vr_po","unknown","not_verified"
"data/texture/lasagna/las_city_bot03.bmp","ground_texture","263220","not_yet_hashed","1@bamn;1@ghg;ba_maison","unknown","not_verified"
"data/texture/lasagna/las_city_bot04.bmp","ground_texture","66612","not_yet_hashed","1@begi;1@vrpo;lasa_fild01;lasa_fild02;lasagna;rag_fes;rag_fes_a;vr_po","unknown","not_verified"
"data/texture/lasagna/las_city_bot05.bmp","ground_texture","66612","not_yet_hashed","1@begi;1@vrpo;lasa_fild01;lasa_fild02;lasagna;vr_po","unknown","not_verified"
"data/texture/lasagna/las_city_bot06.bmp","ground_texture","66612","not_yet_hashed","1@begi;1@vrpo;lasa_fild01;lasa_fild02;lasagna;rag_fes;rag_fes_a;vr_po","unknown","not_verified"
"data/texture/lasagna/las_city_bot07.bmp","ground_texture","66612","not_yet_hashed","1@begi;1@vrpo;lasa_fild01;lasa_fild02;lasagna;vr_po","unknown","not_verified"
"data/texture/lasagna/las_city_bot08.bmp","ground_texture","66612","not_yet_hashed","1@begi;1@vrpo;lasa_fild01;lasa_fild02;lasagna;vr_po","unknown","not_verified"
"data/texture/lasagna/las_city_bot09.bmp","ground_texture","66612","not_yet_hashed","1@begi;1@vrpo;lasa_fild01;lasa_fild02;lasagna;vr_po","unknown","not_verified"
"data/texture/lasagna/las_city_bot10.bmp","ground_texture","66612","not_yet_hashed","1@begi;1@vrpo;lasa_fild01;lasa_fild02;lasagna;rag_fes;rag_fes_a;vr_po","unknown","not_verified"
"data/texture/lasagna/las_city_bot11.bmp","ground_texture","66612","not_yet_hashed","1@begi;1@vrpo;lasa_fild01;lasa_fild02;lasagna;vr_po","unknown","not_verified"
"data/texture/lasagna/las_city_bot12.bmp","ground_texture","66612","not_yet_hashed","1@begi;1@vrpo;lasa_fild01;lasa_fild02;lasagna;vr_po","unknown","not_verified"
"data/texture/lasagna/las_city_bot13.bmp","ground_texture","66612","not_yet_hashed","1@begi;1@vrpo;lasa_fild01;lasa_fild02;lasagna;vr_po","unknown","not_verified"
"data/texture/lasagna/las_city_bot14.bmp","ground_texture","66612","not_yet_hashed","1@begi;1@vrpo;lasa_fild01;lasa_fild02;lasagna;vr_po","unknown","not_verified"
"data/texture/lasagna/las_city_bot15.bmp","ground_texture","66612","not_yet_hashed","1@begi;1@vrpo;lasa_fild01;lasa_fild02;lasagna;vr_po","unknown","not_verified"
"data/texture/lasagna/las_city_bot16.bmp","ground_texture","66612","not_yet_hashed","1@begi;1@vrpo;lasa_fild01;lasa_fild02;lasagna;vr_po","unknown","not_verified"
"data/texture/lasagna/las_city_bot17.bmp","ground_texture","66612","not_yet_hashed","1@begi;1@vrpo;lasa_fild01;lasa_fild02;lasagna;vr_po","unknown","not_verified"
"data/texture/lasagna/las_city_bot18.bmp","ground_texture","66612","not_yet_hashed","1@begi;1@vrpo;lasa_fild01;lasa_fild02;lasagna;vr_po","unknown","not_verified"
"data/texture/lasagna/las_city_wall01.bmp","ground_texture","66612","not_yet_hashed","1@begi;1@vrpo;lasa_fild01;lasa_fild02;lasagna;vr_po","unknown","not_verified"
"data/texture/lasagna/las_city_wall02.bmp","ground_texture","66612","not_yet_hashed","1@begi;1@vrpo;lasa_fild01;lasa_fild02;lasagna;vr_po","unknown","not_verified"
"data/texture/lasagna/las_city_wall03.bmp","ground_texture","66612","not_yet_hashed","1@begi;1@vrpo;lasa_fild01;lasa_fild02;lasagna;vr_po","unknown","not_verified"
"data/texture/lasagna/las_city_wall04.bmp","ground_texture","66612","not_yet_hashed","1@begi;1@vrpo;lasa_fild01;lasa_fild02;lasagna;vr_po","unknown","not_verified"
"data/texture/lasagna/las_city_wall05.bmp","ground_texture","66612","not_yet_hashed","1@begi;1@vrpo;lasa_fild01;lasa_fild02;lasagna;vr_po","unknown","not_verified"
"data/texture/lasagna/las_city_wall06.bmp","ground_texture","66612","not_yet_hashed","1@begi;1@vrpo;lasa_fild01;lasa_fild02;lasagna;vr_po","unknown","not_verified"
"data/texture/lasagna/las_city_wall07.bmp","ground_texture","66612","not_yet_hashed","1@begi;1@vrpo;lasa_fild01;lasa_fild02;lasagna;vr_po","unknown","not_verified"
"data/texture/lasagna/las_city_wall08.bmp","ground_texture","66612","not_yet_hashed","1@begi;1@vrpo;lasa_fild01;lasa_fild02;lasagna;vr_po","unknown","not_verified"
"data/texture/lasagna/las_dun_bot01.bmp","ground_texture","66612","not_yet_hashed","lasa_dun_q;lasa_dun01;lasa_dun02;lasa_dun03;lasa_sea","unknown","not_verified"
"data/texture/lasagna/las_dun_wall01.bmp","ground_texture","66612","not_yet_hashed","lasa_dun_q;lasa_dun01;lasa_dun02;lasa_dun03;lasa_sea","unknown","not_verified"
"data/texture/lasagna/las_dun_wall02.bmp","ground_texture","66612","not_yet_hashed","lasa_dun_q;lasa_dun01;lasa_dun02;lasa_dun03;lasa_sea","unknown","not_verified"
"data/texture/lasagna/las_dun_wall03.bmp","ground_texture","66612","not_yet_hashed","lasa_dun_q;lasa_dun01;lasa_dun02;lasa_dun03;lasa_sea","unknown","not_verified"
"data/texture/lasagna/las_dun_wall04.bmp","ground_texture","66612","not_yet_hashed","lasa_dun_q;lasa_dun01;lasa_dun02;lasa_dun03;lasa_sea","unknown","not_verified"
"data/texture/lasagna/las_dun_wall05.bmp","ground_texture","66612","not_yet_hashed","lasa_dun_q;lasa_dun01;lasa_dun02;lasa_dun03;lasa_sea","unknown","not_verified"
"data/texture/lasagna/las_dun_wall06.bmp","ground_texture","66612","not_yet_hashed","lasa_dun_q;lasa_dun01;lasa_dun02;lasa_dun03;lasa_sea","unknown","not_verified"
"data/texture/lasagna/las_dun_wall07.bmp","ground_texture","66612","not_yet_hashed","lasa_dun_q;lasa_dun01;lasa_dun02;lasa_dun03;lasa_sea","unknown","not_verified"
"data/texture/lasagna/las_dun_wall08.bmp","ground_texture","66612","not_yet_hashed","lasa_dun_q;lasa_dun01;lasa_dun02;lasa_dun03;lasa_sea","unknown","not_verified"
"data/texture/lasagna/las_dun_wall09.bmp","ground_texture","66612","not_yet_hashed","lasa_dun_q;lasa_dun01;lasa_dun02;lasa_dun03;lasa_sea","unknown","not_verified"
"data/texture/lasagna/las_dun_wall10.bmp","ground_texture","66612","not_yet_hashed","lasa_dun_q;lasa_dun01;lasa_dun02;lasa_dun03;lasa_sea","unknown","not_verified"
"data/texture/lasagna/las_dun_wall11.bmp","ground_texture","66612","not_yet_hashed","lasa_dun_q;lasa_dun01;lasa_dun02;lasa_dun03;lasa_sea","unknown","not_verified"
"data/texture/lasagna/las_dun_wall12.bmp","ground_texture","66612","not_yet_hashed","lasa_dun_q;lasa_dun01;lasa_dun02;lasa_dun03;lasa_sea","unknown","not_verified"
"data/texture/lifemd/tgdn_y_01.bmp","ground_texture","66612","not_yet_hashed","t_garden","unknown","not_verified"
"data/texture/lifemd/tgdn_y_02.bmp","ground_texture","66612","not_yet_hashed","1@ba_go;1@mdtem;ch1_sf03;ch2safe1;jor_raise1;jor_sklf1;jor_sklf2;jor_tmple1;jor_tmple2;luna_sf2;t_garden","unknown","not_verified"
"data/texture/lifemd/tgdn_y_04.bmp","ground_texture","263220","not_yet_hashed","t_garden","unknown","not_verified"
"data/texture/lifemd/tgdn_y_05.bmp","ground_texture","66612","not_yet_hashed","moc_akhet;t_garden","unknown","not_verified"
"data/texture/lifemd/tgdn_y_06.bmp","ground_texture","66612","not_yet_hashed","t_garden","unknown","not_verified"
"data/texture/lifemd/tgdn_y_07.bmp","ground_texture","66612","not_yet_hashed","t_garden","unknown","not_verified"
"data/texture/lifemd/yw_bottom.bmp","ground_texture","66612","not_yet_hashed","bl_depth1","unknown","not_verified"
"data/texture/lighthalzen/lhz_dun_b01.bmp","ground_texture","66612","not_yet_hashed","ch1zero1;ch1zero2;ch1zero3;ch1zero4;lhz_dun04;que_lhz","unknown","not_verified"
"data/texture/lighthalzen/lhz_dun_b02.bmp","ground_texture","66612","not_yet_hashed","ch1zero1;ch1zero2;ch1zero3;ch1zero4;lhz_dun04;que_lhz","unknown","not_verified"
"data/texture/lighthalzen/lhz_dun_b03.bmp","ground_texture","66612","not_yet_hashed","1@sthc;ch1zero1;ch1zero2;ch1zero3;ch1zero4;lhz_dun04;que_lhz","unknown","not_verified"
"data/texture/lighthalzen/lhz_dun_b04.bmp","ground_texture","66612","not_yet_hashed","1@lhz;ba_2whs02;ch1zero2;un_myst","unknown","not_verified"
"data/texture/lighthalzen/lhz_dun_b05.bmp","ground_texture","66612","not_yet_hashed","ch1zero2;un_myst","unknown","not_verified"
"data/texture/lighthalzen/lhz_dun_b06.bmp","ground_texture","66612","not_yet_hashed","1@lhz","unknown","not_verified"
"data/texture/lighthalzen/lhz_dun_b07.bmp","ground_texture","66612","not_yet_hashed","1@lhz","unknown","not_verified"
"data/texture/lighthalzen/lhz_dun_b08.bmp","ground_texture","66612","not_yet_hashed","1@lhz","unknown","not_verified"
"data/texture/lighthalzen/lhz_dun_b09.bmp","ground_texture","66612","not_yet_hashed","1@lhz","unknown","not_verified"
"data/texture/lighthalzen/lhz_dun_w01.bmp","ground_texture","66612","not_yet_hashed","1@lhz;un_myst","unknown","not_verified"
"data/texture/lighthalzen/lhz_dun_w02.bmp","ground_texture","66612","not_yet_hashed","1@lhz;un_myst","unknown","not_verified"
"data/texture/lighthalzen/lhz_etc08.bmp","ground_texture","66612","not_yet_hashed","un_myst","unknown","not_verified"
"data/texture/malangdo/ma_ho01_01.bmp","ground_texture","66612","not_yet_hashed","grademk;mal_in01;paramk","unknown","not_verified"
"data/texture/malangdo/ma_ho01_03.bmp","ground_texture","66612","not_yet_hashed","grademk;mal_in01;paramk","unknown","not_verified"
"data/texture/malangdo/ma_ho02_01.bmp","ground_texture","66612","not_yet_hashed","mal_in01","unknown","not_verified"
"data/texture/malangdo/ma_ho02_02.bmp","ground_texture","66612","not_yet_hashed","mal_in01","unknown","not_verified"
"data/texture/malangdo/ma_ship_01.bmp","ground_texture","66612","not_yet_hashed","mal_in01","unknown","not_verified"
"data/texture/malangdo/ma_ship_02.bmp","ground_texture","66612","not_yet_hashed","conch_in;lasa_in01;mal_in01;mal_in02","unknown","not_verified"
"data/texture/malangdo/mal_08.bmp","ground_texture","66612","not_yet_hashed","mal_in01","unknown","not_verified"
"data/texture/malangdo/malang_dun01.bmp","ground_texture","66612","not_yet_hashed","1@cash;1@drdo;1@pump;2@pump;iz_d05_i;iz_dun05;mal_dun01;mal_in01;silk_lair","unknown","not_verified"
"data/texture/malangdo/malang_dun02.bmp","ground_texture","66612","not_yet_hashed","1@cash;1@drdo;mal_dun01;mal_in01;silk_lair","unknown","not_verified"
"data/texture/malangdo/malang_dun03.bmp","ground_texture","66612","not_yet_hashed","1@cash;1@drdo;1@pump;2@pump;mal_dun01;mal_in01;silk_lair","unknown","not_verified"
"data/texture/malangdo/malang_dun04.bmp","ground_texture","66612","not_yet_hashed","1@cash;1@drdo;1@pump;2@pump;iz_d05_i;iz_dun05;mal_dun01;mal_in01;silk_lair","unknown","not_verified"
"data/texture/malangdo/malang_dun05.bmp","ground_texture","66612","not_yet_hashed","1@cash;1@drdo;1@pump;2@pump;iz_d05_i;iz_dun05;mal_dun01;mal_in01;silk_lair","unknown","not_verified"
"data/texture/malangdo/malang_dun06.bmp","ground_texture","66612","not_yet_hashed","1@cash;1@drdo;mal_dun01;silk_lair","unknown","not_verified"
"data/texture/malaya/ma_curtain.bmp","ground_texture","66612","not_yet_hashed","ma_dun01","unknown","not_verified"
"data/texture/malaya/ma_dun01.bmp","ground_texture","66612","not_yet_hashed","1@4win;1@ma_h;1@vrac1;iz_ac01;iz_ac01_a;iz_ac01_b;iz_ac01_c;iz_ac01_d;ma_dun01;ma_in01","unknown","not_verified"
"data/texture/malaya/ma_dun02.bmp","ground_texture","66612","not_yet_hashed","1@ma_h;ma_dun01","unknown","not_verified"
"data/texture/malaya/ma_dun03.bmp","ground_texture","66612","not_yet_hashed","1@ma_h;ma_dun01","unknown","not_verified"
"data/texture/malaya/ma_dun04.bmp","ground_texture","66612","not_yet_hashed","1@ma_h;ma_dun01","unknown","not_verified"
"data/texture/malaya/ma_dun05.bmp","ground_texture","66612","not_yet_hashed","1@4win;1@ma_c;1@ma_h;ma_dun01;un_myst","unknown","not_verified"
"data/texture/malaya/ma_field_plants16.bmp","ground_texture","66612","not_yet_hashed","ma_fild02","unknown","not_verified"
"data/texture/malaya/ma_fild01.bmp","ground_texture","66612","not_yet_hashed","1@def03;1@ecl;1@ma_b;1@rgsr;1@vrhha;ecl_in02;ma_fild01;ma_fild02;ma_scene01;malaya;rgsr_in","unknown","not_verified"
"data/texture/malaya/ma_fild02.bmp","ground_texture","66612","not_yet_hashed","ma_fild02;malaya","unknown","not_verified"
"data/texture/malaya/ma_fild03.bmp","ground_texture","66612","not_yet_hashed","ma_fild01;ma_fild02;malaya","unknown","not_verified"
"data/texture/malaya/ma_fild04.bmp","ground_texture","66612","not_yet_hashed","ma_fild01;ma_fild02;malaya","unknown","not_verified"
"data/texture/malaya/ma_fild05.bmp","ground_texture","66612","not_yet_hashed","ma_fild01;ma_fild02;malaya","unknown","not_verified"
"data/texture/malaya/ma_fild06.bmp","ground_texture","66612","not_yet_hashed","ma_fild01;ma_fild02;malaya","unknown","not_verified"
"data/texture/malaya/ma_fild07.bmp","ground_texture","66612","not_yet_hashed","ma_fild01;ma_fild02;malaya","unknown","not_verified"
"data/texture/malaya/ma_fild08.bmp","ground_texture","66612","not_yet_hashed","ma_fild01;ma_fild02;malaya","unknown","not_verified"
"data/texture/malaya/ma_fild09.bmp","ground_texture","66612","not_yet_hashed","ma_fild01;ma_fild02;malaya","unknown","not_verified"
"data/texture/malaya/ma_fild10.bmp","ground_texture","66612","not_yet_hashed","ma_fild01;ma_fild02;malaya","unknown","not_verified"
"data/texture/malaya/ma_fild11.bmp","ground_texture","66612","not_yet_hashed","ma_fild01;ma_fild02;malaya","unknown","not_verified"
"data/texture/malaya/ma_fild12.bmp","ground_texture","66612","not_yet_hashed","ma_fild01;ma_fild02;malaya","unknown","not_verified"
"data/texture/malaya/ma_fild13.bmp","ground_texture","66612","not_yet_hashed","ma_fild01;ma_fild02;malaya","unknown","not_verified"
"data/texture/malaya/ma_fild14.bmp","ground_texture","66612","not_yet_hashed","ma_fild01;ma_fild02;malaya","unknown","not_verified"
"data/texture/malaya/ma_fild15.bmp","ground_texture","66612","not_yet_hashed","ma_fild01;ma_fild02;malaya","unknown","not_verified"
"data/texture/malaya/ma_fild16.bmp","ground_texture","66612","not_yet_hashed","1@ma_b","unknown","not_verified"
"data/texture/malaya/ma_fild17.bmp","ground_texture","66612","not_yet_hashed","1@ma_b","unknown","not_verified"
"data/texture/malaya/ma_fild18.bmp","ground_texture","66612","not_yet_hashed","1@ma_b","unknown","not_verified"
"data/texture/malaya/ma_fild19.bmp","ground_texture","66612","not_yet_hashed","1@ma_b","unknown","not_verified"
"data/texture/malaya/ma_fild20.bmp","ground_texture","66612","not_yet_hashed","1@ma_b;malaya","unknown","not_verified"
"data/texture/malaya/ma_fild21.bmp","ground_texture","66612","not_yet_hashed","1@def03;1@ma_b;ma_fild02;ma_scene01","unknown","not_verified"
"data/texture/malaya/ma_fild22.bmp","ground_texture","66612","not_yet_hashed","1@def03;1@ma_b;ma_fild02;ma_scene01","unknown","not_verified"
"data/texture/malaya/ma_fild23.bmp","ground_texture","66612","not_yet_hashed","1@def03;1@ma_b;ma_fild02;ma_scene01","unknown","not_verified"
"data/texture/malaya/ma_fild24.bmp","ground_texture","66612","not_yet_hashed","1@def03;1@ma_b;ma_fild02;ma_scene01;malaya","unknown","not_verified"
"data/texture/malaya/ma_fild25.bmp","ground_texture","66612","not_yet_hashed","1@def03;1@ma_b;ma_scene01","unknown","not_verified"
"data/texture/malaya/ma_fild26.bmp","ground_texture","66612","not_yet_hashed","ma_fild01;ma_fild02;malaya","unknown","not_verified"
"data/texture/malaya/ma_fild27.bmp","ground_texture","66612","not_yet_hashed","1@def03;1@ma_b;ma_fild02;ma_scene01","unknown","not_verified"
"data/texture/malaya/ma_fild28.bmp","ground_texture","66612","not_yet_hashed","1@ma_c","unknown","not_verified"
"data/texture/malaya/ma_fild29.bmp","ground_texture","66612","not_yet_hashed","1@ma_c","unknown","not_verified"
"data/texture/malaya/ma_fild30.bmp","ground_texture","66612","not_yet_hashed","1@ma_c","unknown","not_verified"
"data/texture/malaya/ma_fild31.bmp","ground_texture","66612","not_yet_hashed","1@ma_c","unknown","not_verified"
"data/texture/malaya/ma_fild32.bmp","ground_texture","66612","not_yet_hashed","1@def03;ma_scene01","unknown","not_verified"
"data/texture/malaya/ma_in_bottom01.bmp","ground_texture","66612","not_yet_hashed","ma_in01","unknown","not_verified"
"data/texture/malaya/ma_in_wall01.bmp","ground_texture","66612","not_yet_hashed","1@vrac1;iz_ac01;iz_ac01_a;iz_ac01_b;iz_ac01_c;iz_ac01_d;ma_in01","unknown","not_verified"
"data/texture/malaya/ma_in_wall02.bmp","ground_texture","66612","not_yet_hashed","1@vrac1;iz_ac01;iz_ac01_a;iz_ac01_b;iz_ac01_c;iz_ac01_d;ma_in01","unknown","not_verified"
"data/texture/malaya/ma_town01.bmp","ground_texture","66612","not_yet_hashed","malaya","unknown","not_verified"
"data/texture/malaya/ma_town06.bmp","ground_texture","66612","not_yet_hashed","malaya","unknown","not_verified"
"data/texture/manuk/jt_mafo10.bmp","ground_texture","66612","not_yet_hashed","man_fild02","unknown","not_verified"
"data/texture/manuk/manuk_factory02.bmp","ground_texture","66612","not_yet_hashed","man_in01","unknown","not_verified"
"data/texture/manuk/manuk_factory08.bmp","ground_texture","66612","not_yet_hashed","man_in01","unknown","not_verified"
"data/texture/manuk/manuk_in_bottom01.bmp","ground_texture","66612","not_yet_hashed","dic_in01;mal_dun01;mal_in01;man_in01","unknown","not_verified"
"data/texture/manuk/manuk_in_bottom02.bmp","ground_texture","66612","not_yet_hashed","dic_in01;man_in01","unknown","not_verified"
"data/texture/manuk/manuk_in_bottom03.bmp","ground_texture","66612","not_yet_hashed","1@vrac1;1@vrac2;dic_in01;iz_ac01;iz_ac01_a;iz_ac01_b;iz_ac01_c;iz_ac01_d;iz_ac02;iz_ac02_a;iz_ac02_b;iz_ac02_c;iz_ac02_d;man_in01","unknown","not_verified"
"data/texture/manuk/manuk_in_bottom04.bmp","ground_texture","66612","not_yet_hashed","1@pdb","unknown","not_verified"
"data/texture/manuk/manuk_in_table.bmp","ground_texture","66612","not_yet_hashed","man_in01","unknown","not_verified"
"data/texture/manuk/manuk_in_wall00.bmp","ground_texture","66612","not_yet_hashed","man_in01","unknown","not_verified"
"data/texture/manuk/manuk_in_wall01.bmp","ground_texture","66612","not_yet_hashed","man_in01","unknown","not_verified"
"data/texture/manuk/manuk_in_wall02.bmp","ground_texture","66612","not_yet_hashed","man_in01","unknown","not_verified"
"data/texture/manuk/manuk_in_woodtable.bmp","ground_texture","66612","not_yet_hashed","man_in01","unknown","not_verified"
"data/texture/manuk/manuk_in2.bmp","ground_texture","66612","not_yet_hashed","man_in01","unknown","not_verified"
"data/texture/manuk/manuk_to6.bmp","ground_texture","66612","not_yet_hashed","man_fild02","unknown","not_verified"
"data/texture/manuk/manuk_to8.bmp","ground_texture","66612","not_yet_hashed","man_in01","unknown","not_verified"
"data/texture/masin/masin_014.bmp","ground_texture","1049652","not_yet_hashed","1@mir;2@mir","unknown","not_verified"
"data/texture/morocc/dth_bottom01.bmp","ground_texture","66612","not_yet_hashed","1@dth3;1@pdb","unknown","not_verified"
"data/texture/morocc/dth_bottom02.bmp","ground_texture","66612","not_yet_hashed","1@dth1;1@dth2;1@dth3;1@pdb;hero_out1","unknown","not_verified"
"data/texture/morocc/dth_bottom03.bmp","ground_texture","66612","not_yet_hashed","1@dth1;1@dth2;1@dth3;1@pdb;1@vrcas;hero_out1;prt_cas;vr_cas","unknown","not_verified"
"data/texture/morocc/dth_bottom04.bmp","ground_texture","66612","not_yet_hashed","1@dth1;1@dth2;1@dth3","unknown","not_verified"
"data/texture/morocc/mor001.bmp","ground_texture","66612","not_yet_hashed","moro_vol;prt_prison","unknown","not_verified"
"data/texture/morocc/mor002.bmp","ground_texture","66612","not_yet_hashed","moro_vol","unknown","not_verified"
"data/texture/morocc/mor003.bmp","ground_texture","66612","not_yet_hashed","moro_vol","unknown","not_verified"
"data/texture/morocc/mor004.bmp","ground_texture","66612","not_yet_hashed","moro_vol","unknown","not_verified"
"data/texture/morocc/mor005.bmp","ground_texture","66612","not_yet_hashed","moro_vol","unknown","not_verified"
"data/texture/morocc/mor006.bmp","ground_texture","66612","not_yet_hashed","moro_vol","unknown","not_verified"
"data/texture/morocc/mor007.bmp","ground_texture","66612","not_yet_hashed","moro_vol","unknown","not_verified"
"data/texture/morocc/mor008.bmp","ground_texture","66612","not_yet_hashed","moro_vol","unknown","not_verified"
"data/texture/morocc/mor009.bmp","ground_texture","66612","not_yet_hashed","moro_vol","unknown","not_verified"
"data/texture/morocc/moro_in_B01.bmp","ground_texture","66612","not_yet_hashed","1@jtb;moro_cav","unknown","not_verified"
"data/texture/morocc/moro_in_B02.bmp","ground_texture","66612","not_yet_hashed","1@jtb;moro_cav","unknown","not_verified"
"data/texture/morocc/moro_in_B03.bmp","ground_texture","66612","not_yet_hashed","1@jtb;moro_cav","unknown","not_verified"
"data/texture/morocc/moro_in_B04.bmp","ground_texture","66612","not_yet_hashed","moro_cav","unknown","not_verified"
"data/texture/neomd/neomd_h_01.bmp","ground_texture","66612","not_yet_hashed","1@mjo2;mjo_wst01","unknown","not_verified"
"data/texture/neomd/neomd_h_02.bmp","ground_texture","66612","not_yet_hashed","1@mjo2;mjo_wst01","unknown","not_verified"
"data/texture/neomd/neomd_h_03.bmp","ground_texture","66612","not_yet_hashed","1@mjo2;mjo_wst01","unknown","not_verified"
"data/texture/neomd/neomd_h_04.bmp","ground_texture","66612","not_yet_hashed","1@mjo2;mjo_wst01","unknown","not_verified"
"data/texture/neomd/spa2_y_bot01.bmp","ground_texture","66604","not_yet_hashed","1@spa2","unknown","not_verified"
"data/texture/neomd/spa2_y_bot02.bmp","ground_texture","66612","not_yet_hashed","1@spa2","unknown","not_verified"
"data/texture/neomd/spa2_y_bot03.bmp","ground_texture","66612","not_yet_hashed","1@spa2","unknown","not_verified"
"data/texture/neomd/spa2_y_bot04.bmp","ground_texture","66612","not_yet_hashed","1@spa2","unknown","not_verified"
"data/texture/neomd/spa2_y_bot05.bmp","ground_texture","66612","not_yet_hashed","1@adv;1@advs;1@spa2","unknown","not_verified"
"data/texture/neomd/spa2_y_bot06.bmp","ground_texture","66612","not_yet_hashed","1@adv;1@advs;1@spa2","unknown","not_verified"
"data/texture/neomd/spa2_y_bot07.bmp","ground_texture","33844","not_yet_hashed","1@spa2","unknown","not_verified"
"data/texture/neomd/spa2_y_wall01.bmp","ground_texture","66612","not_yet_hashed","1@adv;1@advs;1@spa2","unknown","not_verified"
"data/texture/neomd/spa2_y_wall02.bmp","ground_texture","66612","not_yet_hashed","1@adv;1@advs;1@spa2","unknown","not_verified"
"data/texture/neomd/spa2_y_wall03.bmp","ground_texture","66612","not_yet_hashed","1@spa2","unknown","not_verified"
"data/texture/neomd/spa2_y_wall04.bmp","ground_texture","66612","not_yet_hashed","1@spa2","unknown","not_verified"
"data/texture/nydhogg/nyd_bottom01.bmp","ground_texture","66612","not_yet_hashed","1@pdb;2@nyd;nyd_dun01;nyd_dun02","unknown","not_verified"
"data/texture/nydhogg/nyd_bottom02.bmp","ground_texture","196664","not_yet_hashed","1@pdb;2@nyd;nyd_dun01;nyd_dun02","unknown","not_verified"
"data/texture/nydhogg/nyd_bottom03.bmp","ground_texture","66612","not_yet_hashed","2@nyd","unknown","not_verified"
"data/texture/nydhogg/nyd_bottom04.bmp","ground_texture","66612","not_yet_hashed","2@nyd","unknown","not_verified"
"data/texture/nydhogg/nyd_pilar01.bmp","ground_texture","66612","not_yet_hashed","nyd_dun01","unknown","not_verified"
"data/texture/nydhogg/nyd_pilar02.bmp","ground_texture","66612","not_yet_hashed","nyd_dun01;nyd_dun02","unknown","not_verified"
"data/texture/nydhogg/nyd_wall01.bmp","ground_texture","66612","not_yet_hashed","2@nyd","unknown","not_verified"
"data/texture/nydhogg/nyd_wall02.bmp","ground_texture","66612","not_yet_hashed","1@pdb;2@nyd;nyd_dun01","unknown","not_verified"
"data/texture/nydhogg/nyd_wall03.bmp","ground_texture","66612","not_yet_hashed","1@pdb;2@nyd","unknown","not_verified"
"data/texture/odin/odin_bot01.bmp","ground_texture","66612","not_yet_hashed","1@odin;odin_past","unknown","not_verified"
"data/texture/odin/odin_bot02.bmp","ground_texture","66612","not_yet_hashed","1@odin;odin_past","unknown","not_verified"
"data/texture/odin/odin_bot03.bmp","ground_texture","66612","not_yet_hashed","1@odin;odin_past","unknown","not_verified"
"data/texture/odin/odin_bot04.bmp","ground_texture","66612","not_yet_hashed","1@odin;odin_past","unknown","not_verified"
"data/texture/odin/pd_bot01.bmp","ground_texture","66612","not_yet_hashed","1@odin;odin_past","unknown","not_verified"
"data/texture/odin/pd_wall01.bmp","ground_texture","66612","not_yet_hashed","1@bamn;1@odin;ba_maison;odin_past","unknown","not_verified"
"data/texture/oldcastle/oc_008.bmp","ground_texture","17460","not_yet_hashed","1@def02","unknown","not_verified"
"data/texture/oldcastle/oc_100.bmp","ground_texture","66612","not_yet_hashed","1@gl_he;1@gl_he2;1@gl_k;1@gl_k2;1@gl_kh;2@gl_k;2@gl_k2;2@gl_kh","unknown","not_verified"
"data/texture/oldcastle/oc_bot01.bmp","ground_texture","66612","not_yet_hashed","1@ge_sn;1@ge_st;1@gl_he;1@gl_he2;1@gl_k;1@gl_k2;1@gl_kh;1@gol1;1@gol2;1@rgsr;1@slw;1@vrhha;2@gl_k;2@gl_k2;2@gl_kh;rgsr_in;slabw01;un_bk_q;un_bunker","unknown","not_verified"
"data/texture/oldcastle/oc_bot02.bmp","ground_texture","66612","not_yet_hashed","1@gl_he;1@gl_he2;1@gl_k;1@gl_k2;1@gl_kh;2@gl_k;2@gl_k2;2@gl_kh","unknown","not_verified"
"data/texture/oldcastle/oc_bot03.bmp","ground_texture","66612","not_yet_hashed","1@gl_he;1@gl_he2;1@gl_k;1@gl_k2;1@gl_kh;2@gl_k;2@gl_k2;2@gl_kh;ba_in01","unknown","not_verified"
"data/texture/oldcastle/oc_bot04.bmp","ground_texture","66612","not_yet_hashed","1@gl_he;1@gl_he2;1@gl_k;1@gl_k2;1@gl_kh;2@gl_k;2@gl_k2;2@gl_kh;ba_in01","unknown","not_verified"
"data/texture/oldcastle/oc_bot05.bmp","ground_texture","66612","not_yet_hashed","1@gl_he;1@gl_he2;1@gl_k;1@gl_k2;1@gl_kh;2@gl_k;2@gl_k2;2@gl_kh","unknown","not_verified"
"data/texture/oldcastle/oc_bot06.bmp","ground_texture","66612","not_yet_hashed","1@gl_he;1@gl_he2;1@gl_k;1@gl_k2;1@gl_kh;2@gl_k;2@gl_k2;2@gl_kh","unknown","not_verified"
"data/texture/oldcastle/oc_bot07.bmp","ground_texture","66612","not_yet_hashed","1@gl_he;1@gl_he2;1@gl_k;1@gl_k2;1@gl_kh;2@gl_k;2@gl_k2;2@gl_kh","unknown","not_verified"
"data/texture/oldcastle/oc_bot08.bmp","ground_texture","66612","not_yet_hashed","1@gl_he;1@gl_he2;1@gl_k;1@gl_k2;1@gl_kh;2@gl_k;2@gl_k2;2@gl_kh","unknown","not_verified"
"data/texture/oldcastle/oc_bot09.bmp","ground_texture","66612","not_yet_hashed","1@gl_he;1@gl_he2;1@gl_k;1@gl_k2;1@gl_kh;2@gl_k;2@gl_k2;2@gl_kh","unknown","not_verified"
"data/texture/oldcastle/oc_bot10.bmp","ground_texture","66612","not_yet_hashed","1@gl_he;1@gl_he2;1@gl_k;1@gl_k2;1@gl_kh;2@gl_k;2@gl_k2;2@gl_kh","unknown","not_verified"
"data/texture/oldcastle/oc_bot11.bmp","ground_texture","66612","not_yet_hashed","1@gl_he;1@gl_he2;1@gl_k;1@gl_k2;1@gl_kh;2@gl_k;2@gl_k2;2@gl_kh","unknown","not_verified"
"data/texture/oldcastle/oc_bot12.bmp","ground_texture","66612","not_yet_hashed","1@gl_he;1@gl_he2;1@gl_k;1@gl_k2;1@gl_kh;2@gl_k;2@gl_k2;2@gl_kh","unknown","not_verified"
"data/texture/oldcastle/oc_bot13.bmp","ground_texture","66612","not_yet_hashed","1@gl_he;1@gl_he2;1@gl_k;1@gl_k2;1@gl_kh;2@gl_k;2@gl_k2;2@gl_kh","unknown","not_verified"
"data/texture/oldcastle/oc_bot14.bmp","ground_texture","66612","not_yet_hashed","1@gl_he;1@gl_he2;1@gl_k;1@gl_k2;1@gl_kh;2@gl_k;2@gl_k2;2@gl_kh","unknown","not_verified"
"data/texture/oldcastle/oc_bot15.bmp","ground_texture","66612","not_yet_hashed","1@gl_he;1@gl_he2;1@gl_k;1@gl_k2;1@gl_kh;1@pdb;2@gl_k;2@gl_k2;2@gl_kh","unknown","not_verified"
"data/texture/oldcastle/oc_bot16.bmp","ground_texture","66612","not_yet_hashed","1@gl_he;1@gl_he2;1@gl_k;1@gl_k2;1@gl_kh;2@gl_k;2@gl_k2;2@gl_kh","unknown","not_verified"
"data/texture/oldcastle/oc_bot17.bmp","ground_texture","66612","not_yet_hashed","1@gl_he;1@gl_he2;1@gl_k;1@gl_k2;1@gl_kh;2@gl_k;2@gl_k2;2@gl_kh","unknown","not_verified"
"data/texture/para/para_bottom01.bmp","ground_texture","66612","not_yet_hashed","1@bamq;1@exhn;1@herbs;1@whl;air_if;ba_in01;ba_lib;grademk;paramk;prt_cas_q;rebel_in;starhall","unknown","not_verified"
"data/texture/para/para_bottom02.bmp","ground_texture","66612","not_yet_hashed","grademk;paramk","unknown","not_verified"
"data/texture/para/para_j_13.bmp","ground_texture","263220","not_yet_hashed","grademk;paramk","unknown","not_verified"
"data/texture/para/para_wall01.bmp","ground_texture","66612","not_yet_hashed","grademk;paramk","unknown","not_verified"
"data/texture/para/para_wall02.bmp","ground_texture","66612","not_yet_hashed","grademk;paramk","unknown","not_verified"
"data/texture/pe_hwa_01.bmp","ground_texture","33844","not_yet_hashed","tur_d04_i;tur_d04ia;tur_d04ib;tur_dun04","unknown","not_verified"
"data/texture/pe_hwa_02.bmp","ground_texture","66612","not_yet_hashed","tur_d04_i;tur_d04ia;tur_d04ib;tur_dun04","unknown","not_verified"
"data/texture/pe_jangm_01.bmp","ground_texture","66612","not_yet_hashed","tur_d04_i;tur_d04ia;tur_d04ib;tur_dun04","unknown","not_verified"
"data/texture/pe_kingch_02.bmp","ground_texture","66612","not_yet_hashed","gld2_pay;guild_vs2;payg_cas05;payon_in03;tur_d04_i;tur_d04ia;tur_d04ib;tur_dun04","unknown","not_verified"
"data/texture/pe_kingch_03.bmp","ground_texture","9268","not_yet_hashed","lou_in02","unknown","not_verified"
"data/texture/pop/pop_bot01.bmp","ground_texture","66612","not_yet_hashed","1@pop3","unknown","not_verified"
"data/texture/prontera_re/prt_ch_bot01.bmp","ground_texture","66612","not_yet_hashed","1@herbs;1@vrcas;ba_in01;ba_lib;prt_cas;prt_cas_q;rebel_in;starhall;vr_cas","unknown","not_verified"
"data/texture/prontera_re/prt_ch_bot02.bmp","ground_texture","66612","not_yet_hashed","1@adv;1@advs;1@bamn;1@ghg;1@vrcas;ba_maison;prt_cas;prt_cas_q;rebel_in;vr_cas","unknown","not_verified"
"data/texture/prontera_re/prt_ch_wall01.bmp","ground_texture","66612","not_yet_hashed","1@adv;1@advs;memohall","unknown","not_verified"
"data/texture/prontera_re/prt_city_bot08.bmp","ground_texture","66612","not_yet_hashed","1@lost;ba_lost","unknown","not_verified"
"data/texture/prontera_re/prt_h_12.bmp","ground_texture","66612","not_yet_hashed","ba_2whs01;ba_2whs02","unknown","not_verified"
"data/texture/prontera_re/prt_in_bot01.bmp","ground_texture","66612","not_yet_hashed","1@herbs;ba_lib","unknown","not_verified"
"data/texture/prontera_re/prt_in_bot02.bmp","ground_texture","66612","not_yet_hashed","1@4win;1@bamq;1@whl;air_if;ba_in01;nif_dun02","unknown","not_verified"
"data/texture/prontera_re/prt_in_wall01.bmp","ground_texture","66612","not_yet_hashed","1@4win;pub_cat","unknown","not_verified"
"data/texture/prontera_re/prt_in_wall03.bmp","ground_texture","66612","not_yet_hashed","1@4win","unknown","not_verified"
"data/texture/prontera_re/prt_in_wall04.bmp","ground_texture","66612","not_yet_hashed","1@4win","unknown","not_verified"
"data/texture/prontera_re/prt_in_wall05.bmp","ground_texture","66612","not_yet_hashed","job4_bio;pub_cat","unknown","not_verified"
"data/texture/prontera_re/prt_in_wall06.bmp","ground_texture","66612","not_yet_hashed","1@4win","unknown","not_verified"
"data/texture/prontera_re/prt_in_wall07.bmp","ground_texture","66612","not_yet_hashed","1@4win","unknown","not_verified"
"data/texture/prontera_re/prt_in_wall10.bmp","ground_texture","66612","not_yet_hashed","1@4win;jalbe_in","unknown","not_verified"
"data/texture/prontera/pd_bot01.bmp","ground_texture","66612","not_yet_hashed","1@odin;hero_in3;odin_past;starhall","unknown","not_verified"
"data/texture/prontera/prt_bot01.bmp","ground_texture","66612","not_yet_hashed","1@mir;1@vrcas;2@mir;prt_cas;prt_lib;prt_lib_q;vr_cas","unknown","not_verified"
"data/texture/prontera/prt_bot03.bmp","ground_texture","263220","not_yet_hashed","1@herbs;1@vrcas;nif_dun02;prt_cas;prt_cas_q;prt_lib;prt_lib_q;rebel_in;vr_cas","unknown","not_verified"
"data/texture/prontera/prt_bot04.bmp","ground_texture","66612","not_yet_hashed","1@exnw;1@pdb;1@vrcas;1@vrhha;ba_2whs01;job4_bio;prt_cas;prt_cas_q;prt_elib;prt_lib;prt_lib_q;rebel_in;starhall;vr_cas","unknown","not_verified"
"data/texture/prontera/prt_bot06.bmp","ground_texture","33844","not_yet_hashed","1@vrcas;1@vrhha;prt_cas;prt_cas_q;rebel_in;starhall;vr_cas","unknown","not_verified"
"data/texture/prontera/prt_h_12.bmp","ground_texture","263220","not_yet_hashed","1@vrcas;prt_cas;starhall;vr_cas","unknown","not_verified"
"data/texture/prontera/prt_h_14.bmp","ground_texture","1049652","not_yet_hashed","prt_q","unknown","not_verified"
"data/texture/prontera/prt_j_01.bmp","ground_texture","66612","not_yet_hashed","nif_dun02","unknown","not_verified"
"data/texture/prontera/prt_j_09.bmp","ground_texture","66612","not_yet_hashed","starhall","unknown","not_verified"
"data/texture/prontera/prt_j_14.bmp","ground_texture","66612","not_yet_hashed","starhall","unknown","not_verified"
"data/texture/prontera/prt_j_16.bmp","ground_texture","66612","not_yet_hashed","1@vrcas;prt_cas;vr_cas","unknown","not_verified"
"data/texture/prontera/prt_mir_wall01.bmp","ground_texture","66612","not_yet_hashed","1@mir;2@mir;ba_bath","unknown","not_verified"
"data/texture/prontera/prt_mir_wall02.bmp","ground_texture","66612","not_yet_hashed","1@mir;2@mir","unknown","not_verified"
"data/texture/prontera/prt_mir_wall03.bmp","ground_texture","66612","not_yet_hashed","1@mir;2@mir","unknown","not_verified"
"data/texture/prontera/prt_pr_bottom01.bmp","ground_texture","66612","not_yet_hashed","1@vrcas;prt_cas;prt_prison;vr_cas","unknown","not_verified"
"data/texture/prontera/prt_pr_wall01.bmp","ground_texture","66612","not_yet_hashed","prt_prison","unknown","not_verified"
"data/texture/prontera/prt_pr_wall02.bmp","ground_texture","66612","not_yet_hashed","1@vrcas;prt_cas;prt_prison;vr_cas","unknown","not_verified"
"data/texture/prontera/prt_wall01.bmp","ground_texture","66612","not_yet_hashed","1@vrcas;prt_cas;prt_elib;prt_lib;prt_lib_q;starhall;vr_cas","unknown","not_verified"
"data/texture/prontera/prt_wall02_1.bmp","ground_texture","66612","not_yet_hashed","1@vrcas;prt_cas;prt_cas_q;prt_elib;starhall;vr_cas","unknown","not_verified"
"data/texture/prontera/prt_wall02.bmp","ground_texture","66612","not_yet_hashed","1@vrcas;prt_cas;prt_cas_q;prt_elib;starhall;vr_cas","unknown","not_verified"
"data/texture/prontera/prt_wall03.bmp","ground_texture","66612","not_yet_hashed","1@vrcas;ba_2whs01;ba_2whs02;prt_cas;vr_cas","unknown","not_verified"
"data/texture/prontera/prt_wall04.bmp","ground_texture","66612","not_yet_hashed","1@vrcas;prt_cas;vr_cas","unknown","not_verified"
"data/texture/prt/prt_h_g01.bmp","ground_texture","66612","not_yet_hashed","ab_venom1","unknown","not_verified"
"data/texture/prt/prt_h_g03.bmp","ground_texture","66612","not_yet_hashed","ab_venom1","unknown","not_verified"
"data/texture/prt/prt_h_g04.bmp","ground_texture","66612","not_yet_hashed","ab_venom1","unknown","not_verified"
"data/texture/prt/prt_p_bot15.bmp","ground_texture","66612","not_yet_hashed","tra_fild01;tra_fild02;tra_fild03","unknown","not_verified"
"data/texture/prt/prt_p_bot20 .bmp","ground_texture","66612","not_yet_hashed","tra_fild01;tra_fild02;tra_fild03","unknown","not_verified"
"data/texture/prt/prt_p_bot21.bmp","ground_texture","66612","not_yet_hashed","tra_fild01;tra_fild02;tra_fild03","unknown","not_verified"
"data/texture/prt/prt_p_bot25.bmp","ground_texture","66612","not_yet_hashed","tra_fild01;tra_fild02;tra_fild03","unknown","not_verified"
"data/texture/prt/prt_p_bot26.bmp","ground_texture","66612","not_yet_hashed","tra_fild01;tra_fild02;tra_fild03","unknown","not_verified"
"data/texture/prt/prt_p_bot27.bmp","ground_texture","66612","not_yet_hashed","tra_fild01;tra_fild02;tra_fild03","unknown","not_verified"
"data/texture/prt/prt_y_bot01.bmp","ground_texture","66612","not_yet_hashed","prt_mk;rag_fes;rag_fes_a;tra_fild01;tra_fild02;tra_fild03;x_prt_evt","unknown","not_verified"
"data/texture/prt/prt_y_bot02.bmp","ground_texture","66612","not_yet_hashed","prt_mk;rag_fes;rag_fes_a;tra_fild01;tra_fild02;tra_fild03;x_prt_evt","unknown","not_verified"
"data/texture/prt/prt_y_bot03.bmp","ground_texture","66612","not_yet_hashed","prt_mk;rag_fes;rag_fes_a;tra_fild01;tra_fild02;tra_fild03","unknown","not_verified"
"data/texture/prt/prt_y_bot07.bmp","ground_texture","66612","not_yet_hashed","tra_fild01;tra_fild02;tra_fild03","unknown","not_verified"
"data/texture/prt/prt_y_bot08.bmp","ground_texture","66612","not_yet_hashed","prt_mk;x_prt_evt","unknown","not_verified"
"data/texture/prt/prt_y_bot09.bmp","ground_texture","66612","not_yet_hashed","prt_mk;x_prt_evt","unknown","not_verified"
"data/texture/prt/prt_y_bot10.bmp","ground_texture","66612","not_yet_hashed","rag_fes;rag_fes_a","unknown","not_verified"
"data/texture/prt/prt_y_bot11.bmp","ground_texture","66612","not_yet_hashed","prt_mk","unknown","not_verified"
"data/texture/prt/prt_y_bot12.bmp","ground_texture","66612","not_yet_hashed","prt_mk","unknown","not_verified"
"data/texture/prt/prtin_w_floor01.bmp","ground_texture","66612","not_yet_hashed","1@exse","unknown","not_verified"
"data/texture/prt/prtin_w_wall05.bmp","ground_texture","66612","not_yet_hashed","1@exse","unknown","not_verified"
"data/texture/prt/prtin_w_wall07.bmp","ground_texture","66612","not_yet_hashed","1@exse","unknown","not_verified"
"data/texture/red.bmp","ground_texture","65608","not_yet_hashed","ab_lava1;mu_fild02","unknown","not_verified"
"data/texture/rockridge/ridge_fild01.bmp","ground_texture","66612","not_yet_hashed","1@exhn;1@exsr;harboro1;harboro2;rockrdg1;rockrdg2","unknown","not_verified"
"data/texture/rockridge/ridge_fild02.bmp","ground_texture","66612","not_yet_hashed","harboro1;harboro2;rockrdg1;rockrdg2","unknown","not_verified"
"data/texture/rockridge/ridge_fild03.bmp","ground_texture","66612","not_yet_hashed","harboro1;harboro2;rockrdg1;rockrdg2","unknown","not_verified"
"data/texture/rockridge/ridge_fild04.bmp","ground_texture","66612","not_yet_hashed","harboro1;harboro2;rockrdg1","unknown","not_verified"
"data/texture/rockridge/ridge_fild05.bmp","ground_texture","66612","not_yet_hashed","harboro1;harboro2;rockrdg1","unknown","not_verified"
"data/texture/rockridge/ridge_fild06.bmp","ground_texture","66612","not_yet_hashed","harboro1;harboro2;rockrdg1","unknown","not_verified"
"data/texture/rockridge/ridge_fild07.bmp","ground_texture","66612","not_yet_hashed","harboro1;harboro2;rockrdg1","unknown","not_verified"
"data/texture/rockridge/ridge_fild08.bmp","ground_texture","66612","not_yet_hashed","harboro1;harboro2;rockrdg1;rockrdg2","unknown","not_verified"
"data/texture/rockridge/ridge_in_bottom01.bmp","ground_texture","196664","not_yet_hashed","ba_2whs02;har_in01","unknown","not_verified"
"data/texture/rockridge/ridge_in_bottom02.bmp","ground_texture","196664","not_yet_hashed","har_in01","unknown","not_verified"
"data/texture/rockridge/ridge_in_wall01.bmp","ground_texture","66612","not_yet_hashed","har_in01","unknown","not_verified"
"data/texture/rockridge/ridge_in_wall02.bmp","ground_texture","196664","not_yet_hashed","ba_2whs02;har_in01","unknown","not_verified"
"data/texture/rockridge/ridge_in_wall03.bmp","ground_texture","196664","not_yet_hashed","ba_2whs02;har_in01","unknown","not_verified"
"data/texture/rockridge/ridge_mine01.bmp","ground_texture","66612","not_yet_hashed","rockmi1;rockmi2","unknown","not_verified"
"data/texture/rockridge/ridge_mine02.bmp","ground_texture","66612","not_yet_hashed","rockmi1;rockmi2","unknown","not_verified"
"data/texture/rockridge/ridge_mine03.bmp","ground_texture","66612","not_yet_hashed","rockmi1;rockmi2","unknown","not_verified"
"data/texture/rockridge/ridge_mine04.bmp","ground_texture","66612","not_yet_hashed","rockmi1;rockmi2","unknown","not_verified"
"data/texture/rockridge/ridge_road01.bmp","ground_texture","66612","not_yet_hashed","1@exhn;harboro1;harboro2;rockrdg1","unknown","not_verified"
"data/texture/rockridge/ridge_road02.bmp","ground_texture","66612","not_yet_hashed","harboro1;harboro2;rockrdg1","unknown","not_verified"
"data/texture/rockridge/ridge_road03.bmp","ground_texture","66612","not_yet_hashed","rockrdg1","unknown","not_verified"
"data/texture/rockridge/ridge_road04.bmp","ground_texture","66612","not_yet_hashed","harboro1;harboro2;rockrdg1","unknown","not_verified"
"data/texture/rockridge/ridge_road05.bmp","ground_texture","66612","not_yet_hashed","1@exhn;harboro1;harboro2;rockrdg1","unknown","not_verified"
"data/texture/rockridge/ridge_road06.bmp","ground_texture","66612","not_yet_hashed","1@exhn;harboro1;harboro2;rockrdg1","unknown","not_verified"
"data/texture/ros/carpet_w_01.bmp","ground_texture","66612","not_yet_hashed","2025arena2","unknown","not_verified"
"data/texture/ros/carpet_w_02.bmp","ground_texture","66612","not_yet_hashed","2025arena2","unknown","not_verified"
"data/texture/ros/carpet_w_03.bmp","ground_texture","66612","not_yet_hashed","2025arena2","unknown","not_verified"
"data/texture/ros/carpet_w_04.bmp","ground_texture","66612","not_yet_hashed","2025arena2","unknown","not_verified"
"data/texture/sch_lab/sch_lab_bot01.bmp","ground_texture","66612","not_yet_hashed","1@exnw;1@vrev;1@vrsn;amicit01;amicit02;amicitia1;amicitia2;ch2gms","unknown","not_verified"
"data/texture/sch_lab/sch_lab_wall01.bmp","ground_texture","66612","not_yet_hashed","amicit01;amicitia1","unknown","not_verified"
"data/texture/sch_lab/sch_lab_wall02.bmp","ground_texture","66612","not_yet_hashed","1@exnw;1@vrsn;amicit01;amicitia1","unknown","not_verified"
"data/texture/season/ratmp_w_01.bmp","ground_texture","66612","not_yet_hashed","ra_temple","unknown","not_verified"
"data/texture/season/ratmp_w_02.bmp","ground_texture","66612","not_yet_hashed","ra_temple","unknown","not_verified"
"data/texture/season/ratmp_w_03.bmp","ground_texture","66612","not_yet_hashed","ra_temple","unknown","not_verified"
"data/texture/season/ratmp_w_04.bmp","ground_texture","66612","not_yet_hashed","ra_temple","unknown","not_verified"
"data/texture/season/ratmp_w_05.bmp","ground_texture","66612","not_yet_hashed","ra_temple","unknown","not_verified"
"data/texture/season/ratmp_w_6.bmp","ground_texture","66612","not_yet_hashed","ra_temple","unknown","not_verified"
"data/texture/season/ratmp_w_7.bmp","ground_texture","66612","not_yet_hashed","ra_temple","unknown","not_verified"
"data/texture/skyBLue.bmp","ground_texture","328","not_yet_hashed","ab_lava1;ygg_roots","unknown","not_verified"
"data/texture/splen/splen_grtwo.bmp","ground_texture","66516","not_yet_hashed","1@dth1;1@dth2;1@dth3;1@eom;1@ghg;1@halo;1@infi;1@pdb;1@sthb;1@twas;1@twbs;1@twbs2;bl_depth1;hero_ent3;hero_lb;hero_out1;hero_tra;herosria","unknown","not_verified"
"data/texture/splen/splen_in_bottom01.bmp","ground_texture","66612","not_yet_hashed","spl_in01","unknown","not_verified"
"data/texture/splen/splen_in_bottom02.bmp","ground_texture","66612","not_yet_hashed","spl_in01","unknown","not_verified"
"data/texture/splen/splen_in_bottom03.bmp","ground_texture","66612","not_yet_hashed","job3_war01;spl_in01","unknown","not_verified"
"data/texture/splen/splen_in_wall01.bmp","ground_texture","66612","not_yet_hashed","spl_in01","unknown","not_verified"
"data/texture/splen/splen_in_wall02.bmp","ground_texture","66612","not_yet_hashed","spl_in01","unknown","not_verified"
"data/texture/splen/splen_in_wall03.bmp","ground_texture","66612","not_yet_hashed","spl_in01","unknown","not_verified"
"data/texture/splen/splen_in_wall04.bmp","ground_texture","66612","not_yet_hashed","spl_in01","unknown","not_verified"
"data/texture/tera/tera_dun_bot01.bmp","ground_texture","66612","not_yet_hashed","1@gol1;1@swat;1@vrev;1@vrhha;amicit01;amicit02;amicitia1;amicitia2;que_swat;rebel_in;slabw01","unknown","not_verified"
"data/texture/tera/tera_dun_bot02.bmp","ground_texture","66612","not_yet_hashed","1@gol1;1@os_a;1@os_b;1@swat;1@vrev;1@vrhha;amicit01;amicit02;amicitia1;amicitia2;que_swat;slabw01;sp_os","unknown","not_verified"
"data/texture/tera/tera_dun_bot03.bmp","ground_texture","66612","not_yet_hashed","1@exnw;1@gol1;1@gol2;1@rgsr;1@slw;1@vrev;1@vrsn;1@whl;air_if;amicit02;amicitia2;ba_2whs01;rgsr_in;slabw01","unknown","not_verified"
"data/texture/tera/tera_dun_bot04.bmp","ground_texture","66612","not_yet_hashed","1@gol2;slabw01","unknown","not_verified"
"data/texture/tera/tera_dun_bot06.bmp","ground_texture","132148","not_yet_hashed","amicit01;amicitia1;slabw01","unknown","not_verified"
"data/texture/tera/tera_dun_wall01.bmp","ground_texture","66588","not_yet_hashed","1@exnw;1@swat;1@vrev;amicit01;amicit02;amicitia1;amicitia2;que_swat;rebel_in;slabw01","unknown","not_verified"
"data/texture/tera/tera_dun_wall02.bmp","ground_texture","66612","not_yet_hashed","1@vrev;amicit01;amicit02;amicitia1;amicitia2;slabw01","unknown","not_verified"
"data/texture/tera/tera_dun_wall03.bmp","ground_texture","66612","not_yet_hashed","1@gol1;1@gol2;1@slw;1@vrev;amicit01;amicit02;amicitia1;amicitia2;slabw01","unknown","not_verified"
"data/texture/tera/tera_dun_wall04.bmp","ground_texture","66612","not_yet_hashed","1@gol2;1@slw;1@vrev;amicit01;amicit02;amicitia1;amicitia2;ch2gms;kin_in01;slabw01","unknown","not_verified"
"data/texture/tera/tera_dun_wall05.bmp","ground_texture","66612","not_yet_hashed","1@gol1;1@slw;1@vrev;amicit01;amicit02;amicitia1;amicitia2;ch2gms;kin_in01;slabw01","unknown","not_verified"
"data/texture/tera/tera_h_13.bmp","ground_texture","66612","not_yet_hashed","1@vrhha;rebel_in","unknown","not_verified"
"data/texture/tera/tera_j_26.bmp","ground_texture","1049652","not_yet_hashed","1@vrev;amicit02;amicitia2","unknown","not_verified"
"data/texture/trea-mchain1.bmp","ground_texture","17396","not_yet_hashed","ba_in01;bif_fild01","unknown","not_verified"
"data/texture/treesong/hem_dun_01.bmp","ground_texture","66612","not_yet_hashed","hem_dun02","unknown","not_verified"
"data/texture/treesong/hem_dun_02.bmp","ground_texture","66612","not_yet_hashed","ch1_sf03;ch2safe1;hem_dun02","unknown","not_verified"
"data/texture/treesong/hem_dun_03.bmp","ground_texture","66612","not_yet_hashed","ch1_sf03;hem_dun02","unknown","not_verified"
"data/texture/treesong/hem_dun_04.bmp","ground_texture","66612","not_yet_hashed","ch1_sf03;ch2safe1;hem_dun02","unknown","not_verified"
"data/texture/treesong/hem_dun_05.bmp","ground_texture","66612","not_yet_hashed","ch1_sf03;ch2safe1;hem_dun02","unknown","not_verified"
"data/texture/treesong/hem_dun_06.bmp","ground_texture","66612","not_yet_hashed","ch1_sf03;ch2safe1;hem_dun02","unknown","not_verified"
"data/texture/treesong/hem_dun_07.bmp","ground_texture","66612","not_yet_hashed","ch1_sf03;hem_dun02","unknown","not_verified"
"data/texture/treesong/hem_dun_08.bmp","ground_texture","66612","not_yet_hashed","ch1_sf03;hem_dun02","unknown","not_verified"
"data/texture/treesong/hem_dun_09.bmp","ground_texture","66612","not_yet_hashed","ch1_sf03;hem_dun02","unknown","not_verified"
"data/texture/treesong/hem_dun_10.bmp","ground_texture","66612","not_yet_hashed","ch1_sf03;hem_dun02","unknown","not_verified"
"data/texture/treesong/hem_dun_11.bmp","ground_texture","66612","not_yet_hashed","ch1_sf03;hem_dun02","unknown","not_verified"
"data/texture/treesong/hem_dun_12.bmp","ground_texture","66612","not_yet_hashed","ch1_sf03;hem_dun02","unknown","not_verified"
"data/texture/treesong/hem_dun_13.bmp","ground_texture","66612","not_yet_hashed","ch1_sf03;hem_dun02","unknown","not_verified"
"data/texture/treesong/hem_dun_14.bmp","ground_texture","66612","not_yet_hashed","ch1_sf03;hem_dun02","unknown","not_verified"
"data/texture/treesong/hem_fild_01.bmp","ground_texture","66612","not_yet_hashed","hem_fild","unknown","not_verified"
"data/texture/treesong/hem_fild_02.bmp","ground_texture","66612","not_yet_hashed","ch1_sf03;ch2safe1;hem_fild","unknown","not_verified"
"data/texture/treesong/hem_fild_03.bmp","ground_texture","66612","not_yet_hashed","ch1_sf03;hem_fild","unknown","not_verified"
"data/texture/treesong/hem_fild_04.bmp","ground_texture","66612","not_yet_hashed","hem_fild","unknown","not_verified"
"data/texture/treesong/hem_fild_05.bmp","ground_texture","66612","not_yet_hashed","hem_fild","unknown","not_verified"
"data/texture/treesong/hem_fild_06.bmp","ground_texture","66612","not_yet_hashed","hem_fild","unknown","not_verified"
"data/texture/treesong/hem_fild_07.bmp","ground_texture","66612","not_yet_hashed","hem_fild","unknown","not_verified"
"data/texture/treesong/hem_fild_08.bmp","ground_texture","66612","not_yet_hashed","hem_fild","unknown","not_verified"
"data/texture/treesong/hem_fild_09.bmp","ground_texture","66612","not_yet_hashed","hem_fild","unknown","not_verified"
"data/texture/treesong/hem_fild_10.bmp","ground_texture","66612","not_yet_hashed","hem_fild","unknown","not_verified"
"data/texture/treesong/hem_fild_11.bmp","ground_texture","66612","not_yet_hashed","hem_fild","unknown","not_verified"
"data/texture/treesong/hem_fild_12.bmp","ground_texture","66612","not_yet_hashed","hem_fild","unknown","not_verified"
"data/texture/treesong/hem_fild_13.bmp","ground_texture","66612","not_yet_hashed","hem_fild","unknown","not_verified"
"data/texture/treesong/hem_fild_14.bmp","ground_texture","66612","not_yet_hashed","hem_fild","unknown","not_verified"
"data/texture/treesong/hem_fild_15.bmp","ground_texture","66612","not_yet_hashed","hem_fild","unknown","not_verified"
"data/texture/treesong/hem_fild_16.bmp","ground_texture","66612","not_yet_hashed","hem_fild","unknown","not_verified"
"data/texture/treesong/hem_fild_17.bmp","ground_texture","66612","not_yet_hashed","hem_fild","unknown","not_verified"
"data/texture/treesong/hem_fild_18.bmp","ground_texture","66612","not_yet_hashed","hem_fild","unknown","not_verified"
"data/texture/treesong/hem_fild_19.bmp","ground_texture","66612","not_yet_hashed","hem_fild","unknown","not_verified"
"data/texture/treesong/hem_fild_20.bmp","ground_texture","66612","not_yet_hashed","hem_fild","unknown","not_verified"
"data/texture/treesong/hem_fild_21.bmp","ground_texture","66612","not_yet_hashed","hem_fild","unknown","not_verified"
"data/texture/treesong/hem_fild_22.bmp","ground_texture","66612","not_yet_hashed","hem_fild","unknown","not_verified"
"data/texture/treesong/hem_fild_23.bmp","ground_texture","66612","not_yet_hashed","hem_fild","unknown","not_verified"
"data/texture/treesong/hem_fild_24.bmp","ground_texture","66612","not_yet_hashed","hem_fild","unknown","not_verified"
"data/texture/treesong/hem_fild_25.bmp","ground_texture","66612","not_yet_hashed","hem_fild","unknown","not_verified"
"data/texture/treesong/hem_fild_26.bmp","ground_texture","66612","not_yet_hashed","hem_fild","unknown","not_verified"
"data/texture/treesong/hem_fild_27.bmp","ground_texture","66612","not_yet_hashed","hem_fild","unknown","not_verified"
"data/texture/treesong/hem_fild_28.bmp","ground_texture","66612","not_yet_hashed","hem_fild","unknown","not_verified"
"data/texture/treesong/hem_fild_29.bmp","ground_texture","66612","not_yet_hashed","hem_fild","unknown","not_verified"
"data/texture/treesong/hem_fild_30.bmp","ground_texture","66612","not_yet_hashed","hem_fild","unknown","not_verified"
"data/texture/treesong/hem_fild_31.bmp","ground_texture","66612","not_yet_hashed","hem_fild","unknown","not_verified"
"data/texture/treesong/treesong_d_05.bmp","ground_texture","1049652","not_yet_hashed","1@alta;1@ch2a;1@ch2b;1@krns;ch2safe4;veledor","unknown","not_verified"
"data/texture/treesong/treesong_d_25.bmp","ground_texture","66612","not_yet_hashed","ch1_sf02;uknw_ruin;uknw_ruin2","unknown","not_verified"
"data/texture/treesong/treesong_d_26.bmp","ground_texture","66612","not_yet_hashed","ch1_sf02;uknw_ruin;uknw_ruin2","unknown","not_verified"
"data/texture/treesong/treesong_d_27.bmp","ground_texture","66612","not_yet_hashed","ch1_sf02;uknw_ruin;uknw_ruin2","unknown","not_verified"
"data/texture/treesong/treesong_d_28.bmp","ground_texture","66612","not_yet_hashed","ch1_sf02;uknw_ruin;uknw_ruin2","unknown","not_verified"
"data/texture/treesong/treesong_d_29.bmp","ground_texture","66612","not_yet_hashed","ch1_sf02;uknw_ruin;uknw_ruin2","unknown","not_verified"
"data/texture/treesong/treesong_p_01.bmp","ground_texture","66612","not_yet_hashed","1@ch2a;ch2safe4","unknown","not_verified"
"data/texture/treesong/treesong_p_02.bmp","ground_texture","263220","not_yet_hashed","1@ch2a","unknown","not_verified"
"data/texture/treesong/uknw_y_bot01.bmp","ground_texture","66612","not_yet_hashed","ch1_sf02;uknw_ruin;uknw_ruin2","unknown","not_verified"
"data/texture/treesong/uknw_y_bot02.bmp","ground_texture","66612","not_yet_hashed","ch1_sf02;uknw_ruin;uknw_ruin2","unknown","not_verified"
"data/texture/treesong/uknw_y_wall01.bmp","ground_texture","66612","not_yet_hashed","ch1_sf02;uknw_ruin;uknw_ruin2","unknown","not_verified"
"data/texture/treesong/uknw_y_wall02.bmp","ground_texture","66612","not_yet_hashed","ch1_sf02;uknw_ruin;uknw_ruin2","unknown","not_verified"
"data/texture/treesong/uknw_y_wall03.bmp","ground_texture","263220","not_yet_hashed","uknw_ruin;uknw_ruin2","unknown","not_verified"
"data/texture/treesong/ygroots_w_01.bmp","ground_texture","66612","not_yet_hashed","ch1fild1;ygg_roots","unknown","not_verified"
"data/texture/treesong/ygroots_w_02.bmp","ground_texture","66612","not_yet_hashed","ch1fild1;ygg_roots","unknown","not_verified"
"data/texture/treesong/ygroots_w_03.bmp","ground_texture","66612","not_yet_hashed","ch1fild1;ygg_roots","unknown","not_verified"
"data/texture/treesong/ygroots_w_04.bmp","ground_texture","66612","not_yet_hashed","ch1fild1;ygg_roots","unknown","not_verified"
"data/texture/treesong/ygroots_w_05.bmp","ground_texture","66612","not_yet_hashed","ch1fild1;ygg_roots","unknown","not_verified"
"data/texture/treesong/ygroots_w_06.bmp","ground_texture","66612","not_yet_hashed","ch1fild1;ygg_roots","unknown","not_verified"
"data/texture/treesong/ygroots_w_07.bmp","ground_texture","66612","not_yet_hashed","ygg_roots","unknown","not_verified"
"data/texture/treesong/ygroots_w_08.bmp","ground_texture","66612","not_yet_hashed","ch1fild1;ygg_roots","unknown","not_verified"
"data/texture/treesong/ygroots_w_09.bmp","ground_texture","66612","not_yet_hashed","ygg_roots","unknown","not_verified"
"data/texture/treesong/ygroots_w_10.bmp","ground_texture","66612","not_yet_hashed","ygg_roots","unknown","not_verified"
"data/texture/undying/root_d_bot01f.bmp","ground_texture","66616","not_yet_hashed","1@20cn2;jor_root1;jor_root2;jor_safty2","unknown","not_verified"
"data/texture/undying/root_d_wall01.bmp","ground_texture","66616","not_yet_hashed","1@20cn2;jor_root1;jor_root2","unknown","not_verified"
"data/texture/undying/root_d_wall03.bmp","ground_texture","66616","not_yet_hashed","1@20cn2;jor_root1;jor_root2;jor_safty2","unknown","not_verified"
"data/texture/undying/root_d_wall04.bmp","ground_texture","66616","not_yet_hashed","1@20cn2;jor_root1","unknown","not_verified"
"data/texture/undying/root_d_wall05.bmp","ground_texture","66616","not_yet_hashed","1@20cn2;jor_root1;jor_root2;jor_safty2","unknown","not_verified"
"data/texture/undying/root_d_wall06.bmp","ground_texture","66616","not_yet_hashed","jor_root2;jor_safty2","unknown","not_verified"
"data/texture/undying/root_d_wall07.bmp","ground_texture","66616","not_yet_hashed","1@20cn2;jor_root1;jor_root2;jor_safty2","unknown","not_verified"
"data/texture/undying/root_d_wall08.bmp","ground_texture","66616","not_yet_hashed","1@20cn2;jor_root1;jor_root2;jor_safty2","unknown","not_verified"
"data/texture/undying/root_d_wall09.bmp","ground_texture","66616","not_yet_hashed","jor_root1","unknown","not_verified"
"data/texture/undying/sanctuary_d_bot01.bmp","ground_texture","66616","not_yet_hashed","jor_root2;jor_sanct","unknown","not_verified"
"data/texture/undying/sanctuary_d_bot02.bmp","ground_texture","66616","not_yet_hashed","jor_root2;jor_sanct","unknown","not_verified"
"data/texture/undying/sanctuary_d_bot03.bmp","ground_texture","66616","not_yet_hashed","jor_root2;jor_sanct","unknown","not_verified"
"data/texture/undying/sanctuary_d_bot04.bmp","ground_texture","66616","not_yet_hashed","jor_root2;jor_sanct","unknown","not_verified"
"data/texture/undying/sanctuary_d_wall01.bmp","ground_texture","66616","not_yet_hashed","jor_root2;jor_sanct","unknown","not_verified"
"data/texture/undying/twas_y_wall01.bmp","ground_texture","66612","not_yet_hashed","1@twas;1@twbs;1@twbs2","unknown","not_verified"
"data/texture/undying/twas_y_wall02.bmp","ground_texture","66612","not_yet_hashed","1@twas;1@twbs;1@twbs2","unknown","not_verified"
"data/texture/undying/twas_y_wall03.bmp","ground_texture","66596","not_yet_hashed","1@twas;1@twbs;1@twbs2","unknown","not_verified"
"data/texture/undying/undying_y_14.bmp","ground_texture","66612","not_yet_hashed","1@20cn1;jor_back5;jor_back6","unknown","not_verified"
"data/texture/verus/bunker_bottom01.bmp","ground_texture","66612","not_yet_hashed","ch2gms;un_bk_q;un_bunker","unknown","not_verified"
"data/texture/verus/bunker_bottom02.bmp","ground_texture","66612","not_yet_hashed","ch2gms;un_bk_q;un_bunker","unknown","not_verified"
"data/texture/verus/bunker_bottom03.bmp","ground_texture","66612","not_yet_hashed","1@vrhha;un_bk_q;un_bunker","unknown","not_verified"
"data/texture/verus/bunker_wall01.bmp","ground_texture","66612","not_yet_hashed","1@vrev;amicit02;amicitia2;un_bk_q;un_bunker","unknown","not_verified"
"data/texture/verus/bunker_wall02.bmp","ground_texture","66612","not_yet_hashed","1@vrev;1@vrhha;amicit02;amicitia2;un_bk_q;un_bunker;un_myst","unknown","not_verified"
"data/texture/verus/lab_bottom01.bmp","ground_texture","66612","not_yet_hashed","1@lab;1@swat;que_swat;un_bk_q;un_bunker;un_myst","unknown","not_verified"
"data/texture/verus/lab_bottom02.bmp","ground_texture","66612","not_yet_hashed","1@lab;un_bk_q;un_bunker;un_myst","unknown","not_verified"
"data/texture/verus/lab_wall01.bmp","ground_texture","66612","not_yet_hashed","1@lab;un_bk_q;un_bunker;un_myst","unknown","not_verified"
"data/texture/verus/ver_bottom_01.bmp","ground_texture","66616","not_yet_hashed","1@uns;ch1_sf03;hem_dun01;ver_eju;ver_tunn;verus01;verus02;verus02_a;verus02_b;verus03;verus04","unknown","not_verified"
"data/texture/verus/ver_bottom_02.bmp","ground_texture","66612","not_yet_hashed","1@uns;ch1_sf03;hem_dun01;un_bk_q;un_bunker;un_myst;ver_eju;ver_tunn;verus01;verus02;verus02_a;verus02_b;verus03;verus04","unknown","not_verified"
"data/texture/verus/ver_bottom_03_00.bmp","ground_texture","66616","not_yet_hashed","1@infi;ch1_sf03;ch2safe1;hem_dun01;verus01;verus02;verus02_a;verus02_b;verus03;verus04","unknown","not_verified"
"data/texture/verus/ver_bottom_03_01.bmp","ground_texture","66612","not_yet_hashed","ch1_sf03;hem_dun01;verus01;verus02;verus02_a;verus02_b;verus03;verus04","unknown","not_verified"
"data/texture/verus/ver_bottom_03_02.bmp","ground_texture","66612","not_yet_hashed","1@exhn;verus01;verus02;verus02_a;verus02_b","unknown","not_verified"
"data/texture/verus/ver_bottom_03_03.bmp","ground_texture","66616","not_yet_hashed","ch1_sf03;ch2safe1;hem_dun01;verus01;verus02;verus02_a;verus02_b;verus03;verus04","unknown","not_verified"
"data/texture/verus/ver_bottom_03_04.bmp","ground_texture","66616","not_yet_hashed","ch1_sf03;ch2safe1;hem_dun01;verus01;verus02;verus02_a;verus02_b;verus03;verus04","unknown","not_verified"
"data/texture/verus/ver_bottom_03_05.bmp","ground_texture","66616","not_yet_hashed","ch1_sf03;ch2safe1;hem_dun01;verus01;verus02;verus02_a;verus02_b;verus03;verus04","unknown","not_verified"
"data/texture/verus/ver_bottom_04_00.bmp","ground_texture","66616","not_yet_hashed","1@uns;un_myst;ver_eju;ver_tunn;verus02;verus02_a;verus02_b;verus04","unknown","not_verified"
"data/texture/verus/ver_bottom_04_01.bmp","ground_texture","66616","not_yet_hashed","1@uns;ver_eju;ver_tunn;verus02;verus02_a;verus02_b;verus04","unknown","not_verified"
"data/texture/verus/ver_bottom_04_02.bmp","ground_texture","66616","not_yet_hashed","1@uns;ver_eju;ver_tunn;verus02;verus02_a;verus02_b;verus04","unknown","not_verified"
"data/texture/verus/ver_bottom_05_01.bmp","ground_texture","66612","not_yet_hashed","ch1_sf03;ch2safe1;hem_dun01;verus01;verus02;verus02_a;verus02_b;verus03;verus04","unknown","not_verified"
"data/texture/verus/ver_bottom_05.bmp","ground_texture","66612","not_yet_hashed","ch1_sf03;ch2safe1;hem_dun01;verus01;verus02;verus02_a;verus02_b;verus03;verus04","unknown","not_verified"
"data/texture/verus/ver_bottom_06.bmp","ground_texture","66616","not_yet_hashed","hem_dun01;un_myst;verus01;verus03","unknown","not_verified"
"data/texture/verus/ver_bottom_07.bmp","ground_texture","66612","not_yet_hashed","hem_dun01;verus01;verus02;verus02_a;verus02_b;verus03;verus04","unknown","not_verified"
"data/texture/verus/ver_bottom_09.bmp","ground_texture","66612","not_yet_hashed","1@uns","unknown","not_verified"
"data/texture/verus/ver_bottom_10.bmp","ground_texture","66612","not_yet_hashed","1@mir;2@mir;hem_dun01;verus01","unknown","not_verified"
"data/texture/verus/ver_h_29.bmp","ground_texture","66612","not_yet_hashed","1@exnw;1@gol1;1@lab;1@slw;1@vrev;1@vrsn;1@whl;air_if;amicit02;amicitia2;ch2gms;un_bk_q;un_bunker;un_myst","unknown","not_verified"
"data/texture/verus/ver_h_30.bmp","ground_texture","66612","not_yet_hashed","1@lab;1@slw;un_bk_q;un_bunker;un_myst","unknown","not_verified"
"data/texture/verus/ver_j_05_01.bmp","ground_texture","263220","not_yet_hashed","hem_dun01;verus03","unknown","not_verified"
"data/texture/verus/ver_j_25.bmp","ground_texture","132148","not_yet_hashed","1@vrev;amicit02;amicitia2;ch1_sf03;hem_dun01;verus03","unknown","not_verified"
"data/texture/verus/ver_j_38.bmp","ground_texture","263220","not_yet_hashed","1@vrev;amicit01;amicit02;amicitia1;amicitia2","unknown","not_verified"
"data/texture/verus/ver_j_39.bmp","ground_texture","263220","not_yet_hashed","1@vrev;amicit01;amicit02;amicitia1;amicitia2","unknown","not_verified"
"data/texture/verus/ver_j_53.bmp","ground_texture","263220","not_yet_hashed","1@rgsr;1@vrsn;rgsr_in","unknown","not_verified"
"data/texture/white.bmp","ground_texture","4164","not_yet_hashed","1@jorchs;jor_nest","unknown","not_verified"
"data/texture/yellow.bmp","ground_texture","332","not_yet_hashed","jor_albe","unknown","not_verified"
"data/texture/게페니아/gedam01_01.bmp","ground_texture","66612","not_yet_hashed","1@gef;ch1_geffen;ch1_vrgef2;gef_fild00;gef_fild04;gef_fild07;geffen;hem_fild","unknown","not_verified"
"data/texture/게펜내부/ge_hin01_01.bmp","ground_texture","66614","not_yet_hashed","1@gef_in;ch1_gef_in;ch1_sf03;ch1_vrgef1;ch2safe1;geffen_in;gefg_cas01;gefg_cas02;gefg_cas03;gefg_cas04;gefg_cas05","unknown","not_verified"
"data/texture/게펜내부/ge_hin01_02.bmp","ground_texture","66614","not_yet_hashed","1@gef_in;ch1_gef_in;ch1_sf03;ch1_vrgef1;ch2safe1;geffen_in;gefg_cas01;gefg_cas02;gefg_cas03;gefg_cas04;gefg_cas05","unknown","not_verified"
"data/texture/게펜내부/ge_hin01_03.bmp","ground_texture","66614","not_yet_hashed","1@gef_in;ch1_gef_in;ch1_vrgef1;geffen_in;gefg_cas01;gefg_cas02;gefg_cas03;gefg_cas04;gefg_cas05","unknown","not_verified"
"data/texture/게펜내부/ge_hin01_04.bmp","ground_texture","66614","not_yet_hashed","1@gef_in;ch1_gef_in;ch1_sf03;ch1_vrgef1;ch2safe1;geffen_in;gefg_cas01;gefg_cas02;gefg_cas03;gefg_cas04;gefg_cas05","unknown","not_verified"
"data/texture/게펜내부/ge_hin01_06.bmp","ground_texture","66614","not_yet_hashed","1@gef_in;ch1_gef_in;ch1_vrgef1;geffen_in;gefg_cas01;gefg_cas02;gefg_cas03;gefg_cas04;gefg_cas05","unknown","not_verified"
"data/texture/게펜내부/ge_shop_tile-1.bmp","ground_texture","33846","not_yet_hashed","1@gef_in;ch1_gef_in;ch1_vrgef1;geffen_in;gefg_cas01;gefg_cas02;gefg_cas03","unknown","not_verified"
"data/texture/게펜내부/ge_top_tile01.bmp","ground_texture","33846","not_yet_hashed","1@gef_in;ch1_gef_in;ch1_vrgef1;gef_tower;geffen_in;gefg_cas01;gefg_cas02;gefg_cas03;gefg_cas04;gefg_cas05","unknown","not_verified"
"data/texture/게펜내부/ge_top_tile02.bmp","ground_texture","33846","not_yet_hashed","1@gef_in;ch1_gef_in;ch1_sf03;ch1_vrgef1;gef_tower;geffen_in;gefg_cas01;gefg_cas02;gefg_cas03;gefg_cas04;gefg_cas05;job_sage;job_wiz","unknown","not_verified"
"data/texture/게펜내부/ge_top_tile03.bmp","ground_texture","66614","not_yet_hashed","gef_tower;gefg_cas02;gefg_cas04","unknown","not_verified"
"data/texture/게펜내부/ge-in000.bmp","ground_texture","66612","not_yet_hashed","gefg_cas01;in_orcs01","unknown","not_verified"
"data/texture/게펜내부/ge-in001.bmp","ground_texture","17460","not_yet_hashed","in_orcs01","unknown","not_verified"
"data/texture/게펜내부/ge-incarpet1.bmp","ground_texture","33844","not_yet_hashed","in_orcs01","unknown","not_verified"
"data/texture/게펜내부/ge-incarpet2.bmp","ground_texture","33844","not_yet_hashed","in_orcs01","unknown","not_verified"
"data/texture/게펜내부/ge-inflat.bmp","ground_texture","33844","not_yet_hashed","gefg_cas01;in_orcs01","unknown","not_verified"
"data/texture/게펜내부/ge-land-1.bmp","ground_texture","66614","not_yet_hashed","1@gef_in;ch1_gef_in;ch1_vrgef1;geffen_in","unknown","not_verified"
"data/texture/게펜내부/ge-land.bmp","ground_texture","66614","not_yet_hashed","1@gef_in;ch1_gef_in;ch1_vrgef1;gef_tower;geffen_in;gefg_cas01;gefg_cas04;gefg_cas05;lhz_in02","unknown","not_verified"
"data/texture/게펜내부/ge-wall-00.bmp","ground_texture","66614","not_yet_hashed","gef_tower;gefg_cas01;gefg_cas03;gefg_cas05","unknown","not_verified"
"data/texture/게펜내부/ge-wall-000.bmp","ground_texture","33846","not_yet_hashed","gef_tower;gefg_cas01;gefg_cas02;gefg_cas03;gefg_cas04","unknown","not_verified"
"data/texture/기타마을/5 copy.bmp","ground_texture","196664","not_yet_hashed","1@sara;lou_in02;payon","unknown","not_verified"
"data/texture/기타마을/al-00.bmp","ground_texture","33848","not_yet_hashed","alberta;jor_albe;pay_fild03","unknown","not_verified"
"data/texture/기타마을/al-05.bmp","ground_texture","66614","not_yet_hashed","alberta;alberta_in;jalbe_in;jor_albe;pay_fild03;prtg_cas05;te_prtcas05","unknown","not_verified"
"data/texture/기타마을/al-a02.bmp","ground_texture","66614","not_yet_hashed","alberta;ayo_dun02;jor_albe;lighthalzen;prtg_cas05;te_prtcas05","unknown","not_verified"
"data/texture/기타마을/al-bar4.bmp","ground_texture","66614","not_yet_hashed","ayo_dun02;lighthalzen","unknown","not_verified"
"data/texture/기타마을/al-inn-w1.bmp","ground_texture","66614","not_yet_hashed","alberta;jor_albe","unknown","not_verified"
"data/texture/기타마을/al-ship3.bmp","ground_texture","263220","not_yet_hashed","alb_ship","unknown","not_verified"
"data/texture/기타마을/al-ship4.bmp","ground_texture","263184","not_yet_hashed","alb_ship","unknown","not_verified"
"data/texture/기타마을/alb-a-w3.bmp","ground_texture","66614","not_yet_hashed","alberta;jor_albe","unknown","not_verified"
"data/texture/기타마을/alb-a-w5.bmp","ground_texture","66614","not_yet_hashed","alberta;gon_fild01;jor_albe;pay_fild03;rag_fes;rag_fes_a","unknown","not_verified"
"data/texture/기타마을/albdo-02.bmp","ground_texture","132152","not_yet_hashed","alberta;alberta_in;jalbe_in;jor_albe","unknown","not_verified"
"data/texture/기타마을/alde_entrance03.bmp","ground_texture","66596","not_yet_hashed","alde_tt02","unknown","not_verified"
"data/texture/기타마을/alde-brg1.bmp","ground_texture","66612","not_yet_hashed","ayo_dun02","unknown","not_verified"
"data/texture/기타마을/ame_engine6 copy.bmp","ground_texture","66612","not_yet_hashed","hu_in01","unknown","not_verified"
"data/texture/기타마을/aru_sin_pt.bmp","ground_texture","66612","not_yet_hashed","1@nyr;ra_temple","unknown","not_verified"
"data/texture/기타마을/aru_sindoor.bmp","ground_texture","66612","not_yet_hashed","1@pop2;rachel","unknown","not_verified"
"data/texture/기타마을/aru_sintop.bmp","ground_texture","66612","not_yet_hashed","ra_san03","unknown","not_verified"
"data/texture/기타마을/aru_sinwall02.bmp","ground_texture","66612","not_yet_hashed","1@pop2;rachel","unknown","not_verified"
"data/texture/기타마을/aru_sinwall03.bmp","ground_texture","66612","not_yet_hashed","ra_fild12;rachel","unknown","not_verified"
"data/texture/기타마을/aru_sinwall04.bmp","ground_texture","66612","not_yet_hashed","1@pop2;ra_fild12;rachel","unknown","not_verified"
"data/texture/기타마을/aru_sinwall05.bmp","ground_texture","66612","not_yet_hashed","rachel","unknown","not_verified"
"data/texture/기타마을/aru_sinwall06.bmp","ground_texture","66612","not_yet_hashed","1@nyr;1@pop2;aru_gld;ra_fild12;ra_temple;rachel","unknown","not_verified"
"data/texture/기타마을/aru_sinwall07.bmp","ground_texture","66612","not_yet_hashed","1@nyr;1@pop2;ra_temple;rachel","unknown","not_verified"
"data/texture/기타마을/aru_sinwall09.bmp","ground_texture","66612","not_yet_hashed","1@nyr;ra_fild12;ra_temple","unknown","not_verified"
"data/texture/기타마을/baduk1.bmp","ground_texture","196664","not_yet_hashed","gon_dun02","unknown","not_verified"
"data/texture/기타마을/baduk2.bmp","ground_texture","196664","not_yet_hashed","gon_dun02","unknown","not_verified"
"data/texture/기타마을/busi_cpybo.bmp","ground_texture","66612","not_yet_hashed","kh_school","unknown","not_verified"
"data/texture/기타마을/busi_hotelsiw03.bmp","ground_texture","66612","not_yet_hashed","lighthalzen;x_lhz","unknown","not_verified"
"data/texture/기타마을/busi_hotelsiw04.bmp","ground_texture","66612","not_yet_hashed","lhz_in02;lighthalzen;x_lhz","unknown","not_verified"
"data/texture/기타마을/busi_hotroof.bmp","ground_texture","66612","not_yet_hashed","lighthalzen;x_lhz","unknown","not_verified"
"data/texture/기타마을/busi_mone02.bmp","ground_texture","66612","not_yet_hashed","arug_cas02;mosk_in","unknown","not_verified"
"data/texture/기타마을/castle04.bmp","ground_texture","66612","not_yet_hashed","amatsu","unknown","not_verified"
"data/texture/기타마을/castle05.bmp","ground_texture","66612","not_yet_hashed","amatsu","unknown","not_verified"
"data/texture/기타마을/castle08.bmp","ground_texture","66612","not_yet_hashed","amatsu;gonryun","unknown","not_verified"
"data/texture/기타마을/cc_bank07.bmp","ground_texture","196664","not_yet_hashed","lighthalzen;x_lhz","unknown","not_verified"
"data/texture/기타마을/cc_bank10.bmp","ground_texture","196664","not_yet_hashed","lighthalzen;x_lhz","unknown","not_verified"
"data/texture/기타마을/cc_castle01-a.bmp","ground_texture","66612","not_yet_hashed","ch1fild1;lighthalzen;sch_gld","unknown","not_verified"
"data/texture/기타마을/cc_castle01.bmp","ground_texture","66612","not_yet_hashed","ch1fild1;lighthalzen","unknown","not_verified"
"data/texture/기타마을/cc_castle02.bmp","ground_texture","66612","not_yet_hashed","ch1fild1;lighthalzen;sch_gld","unknown","not_verified"
"data/texture/기타마을/cc_castle03.bmp","ground_texture","66612","not_yet_hashed","ch1fild1;lighthalzen;sch_gld","unknown","not_verified"
"data/texture/기타마을/cc_castle05.bmp","ground_texture","33844","not_yet_hashed","ch1fild1;lhz_in01;lighthalzen","unknown","not_verified"
"data/texture/기타마을/cc_castle07.bmp","ground_texture","33844","not_yet_hashed","ch1fild1;lighthalzen;sch_gld","unknown","not_verified"
"data/texture/기타마을/cc_castle11.bmp","ground_texture","66612","not_yet_hashed","ch1fild1;lhz_in01;lighthalzen;poring_w02;que_qsch01","unknown","not_verified"
"data/texture/기타마을/cc_castle12.bmp","ground_texture","66612","not_yet_hashed","ch1fild1;lhz_in01;lighthalzen;poring_w02;que_qsch01","unknown","not_verified"
"data/texture/기타마을/cc_castle14.bmp","ground_texture","66612","not_yet_hashed","ch1fild1;kh_dun02;kh_rossi;lighthalzen;tha_t01;x_lhz","unknown","not_verified"
"data/texture/기타마을/cc_castle16-1.bmp","ground_texture","66612","not_yet_hashed","1@gol1;ch1fild1;kh_dun01;kh_dun02;lhz_dun01;lhz_in01;lighthalzen","unknown","not_verified"
"data/texture/기타마을/cc_castle16-2.bmp","ground_texture","66612","not_yet_hashed","1@gol1;ch1fild1;lhz_dun01;lhz_in01;lhz_que01;lighthalzen","unknown","not_verified"
"data/texture/기타마을/cc_castle16-3.bmp","ground_texture","66612","not_yet_hashed","1@gol1;ch1fild1;kh_dun01;kh_dun02;lhz_dun01;lhz_in01;lighthalzen","unknown","not_verified"
"data/texture/기타마을/cc_castle16-4.bmp","ground_texture","66612","not_yet_hashed","1@gol1;ch1fild1;lhz_dun01;lhz_in01;lighthalzen","unknown","not_verified"
"data/texture/기타마을/cc_castle18.bmp","ground_texture","66612","not_yet_hashed","que_qsch01","unknown","not_verified"
"data/texture/기타마을/cc_castle20.bmp","ground_texture","66612","not_yet_hashed","ch1fild1;lighthalzen;x_lhz","unknown","not_verified"
"data/texture/기타마을/cc_castle21.bmp","ground_texture","66612","not_yet_hashed","ch1fild1;lighthalzen;sch_gld","unknown","not_verified"
"data/texture/기타마을/cc_castle22.bmp","ground_texture","33844","not_yet_hashed","ch1fild1;lighthalzen","unknown","not_verified"
"data/texture/기타마을/cc_castle23.bmp","ground_texture","66612","not_yet_hashed","ch1fild1;lighthalzen","unknown","not_verified"
"data/texture/기타마을/cc_castle27.bmp","ground_texture","66612","not_yet_hashed","kh_school","unknown","not_verified"
"data/texture/기타마을/cc_misc04.bmp","ground_texture","66612","not_yet_hashed","hu_in01","unknown","not_verified"
"data/texture/기타마을/cc_police01.bmp","ground_texture","66612","not_yet_hashed","lhz_dun01","unknown","not_verified"
"data/texture/기타마을/cc_police02.bmp","ground_texture","66612","not_yet_hashed","lighthalzen","unknown","not_verified"
"data/texture/기타마을/cc_weapon07.bmp","ground_texture","66612","not_yet_hashed","1@swat;jupe_ele_r;kh_dun02;lhz_dun01;que_swat","unknown","not_verified"
"data/texture/기타마을/cc_weapon16.bmp","ground_texture","66612","not_yet_hashed","lhz_in02","unknown","not_verified"
"data/texture/기타마을/ch_door02.bmp","ground_texture","17460","not_yet_hashed","lou_dun03","unknown","not_verified"
"data/texture/기타마을/ch_min03.bmp","ground_texture","66612","not_yet_hashed","gon_in;lou_in01","unknown","not_verified"
"data/texture/기타마을/ch_mipil03.bmp","ground_texture","66612","not_yet_hashed","lou_dun03","unknown","not_verified"
"data/texture/기타마을/ch_w03.BMP","ground_texture","66612","not_yet_hashed","lou_dun01;lou_fild01;louyang","unknown","not_verified"
"data/texture/기타마을/ch_wall.bmp","ground_texture","66612","not_yet_hashed","lou_dun01;lou_dun03;louyang","unknown","not_verified"
"data/texture/기타마을/ch_wallhi.bmp","ground_texture","66612","not_yet_hashed","jawaii_in;lou_dun01;lou_dun02","unknown","not_verified"
"data/texture/기타마을/ch_wallst.bmp","ground_texture","17460","not_yet_hashed","lou_dun03","unknown","not_verified"
"data/texture/기타마을/curse_min01.bmp","ground_texture","66612","not_yet_hashed","aru_gld;nameless_i;nameless_n","unknown","not_verified"
"data/texture/기타마을/curse_rel01.bmp","ground_texture","66612","not_yet_hashed","abbey01","unknown","not_verified"
"data/texture/기타마을/curse_rel02.bmp","ground_texture","66612","not_yet_hashed","abbey01;nameless_i;nameless_n","unknown","not_verified"
"data/texture/기타마을/curse_rel05.bmp","ground_texture","66612","not_yet_hashed","abbey01;aru_gld;nameless_i;nameless_n","unknown","not_verified"
"data/texture/기타마을/curse_rel06.bmp","ground_texture","66612","not_yet_hashed","abbey01","unknown","not_verified"
"data/texture/기타마을/curse_rel07.bmp","ground_texture","66612","not_yet_hashed","abbey01","unknown","not_verified"
"data/texture/기타마을/curse_rel08.bmp","ground_texture","66612","not_yet_hashed","abbey01","unknown","not_verified"
"data/texture/기타마을/curse_rel11.bmp","ground_texture","66612","not_yet_hashed","abbey01;arug_cas03","unknown","not_verified"
"data/texture/기타마을/curse_rel12.bmp","ground_texture","66612","not_yet_hashed","abbey01;nameless_i;nameless_n","unknown","not_verified"
"data/texture/기타마을/cursed_abbey02.bmp","ground_texture","66612","not_yet_hashed","nameless_in","unknown","not_verified"
"data/texture/기타마을/cursed_abbey11.bmp","ground_texture","66612","not_yet_hashed","aru_gld;nameless_i;nameless_n","unknown","not_verified"
"data/texture/기타마을/cursed_abbey12.bmp","ground_texture","66612","not_yet_hashed","aru_gld;nameless_i;nameless_n","unknown","not_verified"
"data/texture/기타마을/cursed_tower01.bmp","ground_texture","66612","not_yet_hashed","nameless_i;nameless_n","unknown","not_verified"
"data/texture/기타마을/de_tool001.bmp","ground_texture","66612","not_yet_hashed","aru_gld;arug_cas01;veins","unknown","not_verified"
"data/texture/기타마을/de_tool002.bmp","ground_texture","66612","not_yet_hashed","arug_cas01","unknown","not_verified"
"data/texture/기타마을/de_tool003.bmp","ground_texture","66612","not_yet_hashed","arug_cas01","unknown","not_verified"
"data/texture/기타마을/de_tool006.bmp","ground_texture","66612","not_yet_hashed","arug_cas01","unknown","not_verified"
"data/texture/기타마을/de_tool008.bmp","ground_texture","66612","not_yet_hashed","arug_cas01","unknown","not_verified"
"data/texture/기타마을/des_inn09.bmp","ground_texture","33844","not_yet_hashed","arug_cas01;veins","unknown","not_verified"
"data/texture/기타마을/des_inn12.bmp","ground_texture","66612","not_yet_hashed","arug_cas01","unknown","not_verified"
"data/texture/기타마을/des_inn13.bmp","ground_texture","66612","not_yet_hashed","arug_cas01","unknown","not_verified"
"data/texture/기타마을/des_inn14.bmp","ground_texture","66612","not_yet_hashed","arug_cas01","unknown","not_verified"
"data/texture/기타마을/des_min01.bmp","ground_texture","66612","not_yet_hashed","veins","unknown","not_verified"
"data/texture/기타마을/des_min201.bmp","ground_texture","66612","not_yet_hashed","veins","unknown","not_verified"
"data/texture/기타마을/des_min300.bmp","ground_texture","66612","not_yet_hashed","aru_gld;arug_cas01","unknown","not_verified"
"data/texture/기타마을/des_min301.bmp","ground_texture","66612","not_yet_hashed","ve_fild06;veins","unknown","not_verified"
"data/texture/기타마을/des_min305.bmp","ground_texture","66612","not_yet_hashed","arug_cas01","unknown","not_verified"
"data/texture/기타마을/des_min307.bmp","ground_texture","66612","not_yet_hashed","arug_cas01;veins","unknown","not_verified"
"data/texture/기타마을/des_min500.bmp","ground_texture","66612","not_yet_hashed","arug_cas01","unknown","not_verified"
"data/texture/기타마을/desert_board02.bmp","ground_texture","66612","not_yet_hashed","arug_cas01","unknown","not_verified"
"data/texture/기타마을/desert_chapel01.bmp","ground_texture","66612","not_yet_hashed","aru_gld;arug_cas01","unknown","not_verified"
"data/texture/기타마을/desert_chapel03.bmp","ground_texture","66612","not_yet_hashed","aru_gld","unknown","not_verified"
"data/texture/기타마을/empelium_01.BMP","ground_texture","66612","not_yet_hashed","spl_in01","unknown","not_verified"
"data/texture/기타마을/fr_bed02.BMP","ground_texture","196664","not_yet_hashed","um_in","unknown","not_verified"
"data/texture/기타마을/geffen_seige05.BMP","ground_texture","66612","not_yet_hashed","gefg_cas01;gefg_cas02;gefg_cas04;gefg_cas05","unknown","not_verified"
"data/texture/기타마을/hg_misc01.bmp","ground_texture","66612","not_yet_hashed","hu_in01","unknown","not_verified"
"data/texture/기타마을/hg_misc08.bmp","ground_texture","66612","not_yet_hashed","hu_in01","unknown","not_verified"
"data/texture/기타마을/hg_weapon05.bmp","ground_texture","66612","not_yet_hashed","hu_in01","unknown","not_verified"
"data/texture/기타마을/hu_dunbri.bmp","ground_texture","66612","not_yet_hashed","1@odin;bl_depth1;bl_temple;job3_arch02;odin_past;odin_tem01;odin_tem02;odin_tem03","unknown","not_verified"
"data/texture/기타마을/hu_dunbrmi02.bmp","ground_texture","66612","not_yet_hashed","poring_w01","unknown","not_verified"
"data/texture/기타마을/hu_fru02.bmp","ground_texture","66612","not_yet_hashed","1@pop2;rachel;x_ra","unknown","not_verified"
"data/texture/기타마을/hw_roof02.bmp","ground_texture","66612","not_yet_hashed","e_hugel;hugel","unknown","not_verified"
"data/texture/기타마을/hw_wall03.bmp","ground_texture","66612","not_yet_hashed","e_hugel;hugel","unknown","not_verified"
"data/texture/기타마을/LH_BW006.bmp","ground_texture","66452","not_yet_hashed","que_qsch01","unknown","not_verified"
"data/texture/기타마을/LT_KA004.bmp","ground_texture","66612","not_yet_hashed","lhz_dun01","unknown","not_verified"
"data/texture/기타마을/LT_M005.bmp","ground_texture","66612","not_yet_hashed","1@gol1;ch1zero2;lhz_dun01;lhz_dun02","unknown","not_verified"
"data/texture/기타마을/LT_M007.bmp","ground_texture","66612","not_yet_hashed","lhz_dun01","unknown","not_verified"
"data/texture/기타마을/LT_O004.bmp","ground_texture","66612","not_yet_hashed","kh_school","unknown","not_verified"
"data/texture/기타마을/LT_O005.bmp","ground_texture","66612","not_yet_hashed","kh_school;lhz_in01;que_ba;que_qsch01","unknown","not_verified"
"data/texture/기타마을/LT_Swall03.bmp","ground_texture","66612","not_yet_hashed","lhz_dun01;lhz_in02","unknown","not_verified"
"data/texture/기타마을/min_ensi02.bmp","ground_texture","66612","not_yet_hashed","kh_dun02","unknown","not_verified"
"data/texture/기타마을/oxfront.BMP","ground_texture","66612","not_yet_hashed","quiz_00","unknown","not_verified"
"data/texture/기타마을/oxside01.BMP","ground_texture","66612","not_yet_hashed","quiz_00;quiz_02","unknown","not_verified"
"data/texture/기타마을/pay_wa008.bmp","ground_texture","66612","not_yet_hashed","pay_gld;payg_cas01;payg_cas02;payg_cas03;payg_cas04;payg_cas05","unknown","not_verified"
"data/texture/기타마을/pe_br01.bmp","ground_texture","66612","not_yet_hashed","1@sara;payon","unknown","not_verified"
"data/texture/기타마을/pe_br04.bmp","ground_texture","66612","not_yet_hashed","gld2_pay;payon_in03","unknown","not_verified"
"data/texture/기타마을/pe_outerwall.bmp","ground_texture","66612","not_yet_hashed","1@sara;payon","unknown","not_verified"
"data/texture/기타마을/prihouse02.bmp","ground_texture","66612","not_yet_hashed","ra_fild12;rachel","unknown","not_verified"
"data/texture/기타마을/prihouse03.bmp","ground_texture","66612","not_yet_hashed","1@pop2;rachel","unknown","not_verified"
"data/texture/기타마을/prihouse05.bmp","ground_texture","66612","not_yet_hashed","rachel","unknown","not_verified"
"data/texture/기타마을/prihouse08.bmp","ground_texture","66612","not_yet_hashed","1@pop2;ra_fild12;rachel","unknown","not_verified"
"data/texture/기타마을/prihouse13.bmp","ground_texture","66612","not_yet_hashed","ra_fild12;rachel","unknown","not_verified"
"data/texture/기타마을/prt_mo_if1.bmp","ground_texture","17460","not_yet_hashed","monk_in;monk_test","unknown","not_verified"
"data/texture/기타마을/prt_mo_if2.bmp","ground_texture","17460","not_yet_hashed","monk_in","unknown","not_verified"
"data/texture/기타마을/prt_mo_if3.bmp","ground_texture","17460","not_yet_hashed","monk_in;monk_test","unknown","not_verified"
"data/texture/기타마을/prt_mo_if4.bmp","ground_texture","17460","not_yet_hashed","monk_in;monk_test","unknown","not_verified"
"data/texture/기타마을/prt_mo_if6.bmp","ground_texture","66612","not_yet_hashed","alde_tt02;monk_in;monk_test;sec_in02;turbo_room;valkyrie","unknown","not_verified"
"data/texture/기타마을/prt_mo_if7.bmp","ground_texture","66612","not_yet_hashed","alde_tt02;monk_in;monk_test;sec_in02;turbo_room;valkyrie","unknown","not_verified"
"data/texture/기타마을/prt_mo_in1.bmp","ground_texture","66612","not_yet_hashed","monk_in;monk_test;sec_in02","unknown","not_verified"
"data/texture/기타마을/prt_mo_in2.bmp","ground_texture","66612","not_yet_hashed","monk_in;monk_test","unknown","not_verified"
"data/texture/기타마을/prt_mo_in3.bmp","ground_texture","66612","not_yet_hashed","monk_in;monk_test","unknown","not_verified"
"data/texture/기타마을/prt_mo_in4.bmp","ground_texture","66612","not_yet_hashed","gl_knt01;monk_in;monk_test","unknown","not_verified"
"data/texture/기타마을/prt_mo_in5.bmp","ground_texture","33844","not_yet_hashed","gl_knt01;monk_in;monk_test;sec_in02","unknown","not_verified"
"data/texture/기타마을/PY_WS08.bmp","ground_texture","66614","not_yet_hashed","1@sara;payon","unknown","not_verified"
"data/texture/기타마을/RC_OW001.bmp","ground_texture","66612","not_yet_hashed","1@pop2;ra_fild11;ra_fild12;rachel;x_ra","unknown","not_verified"
"data/texture/기타마을/RC_OW004.bmp","ground_texture","66612","not_yet_hashed","aru_gld","unknown","not_verified"
"data/texture/기타마을/RC_OW006.bmp","ground_texture","66612","not_yet_hashed","1@4sac;job3_guil03","unknown","not_verified"
"data/texture/기타마을/RC_OW008.bmp","ground_texture","66612","not_yet_hashed","1@pop1;ra_temsky","unknown","not_verified"
"data/texture/기타마을/RC_sr001.bmp","ground_texture","66612","not_yet_hashed","1@4sac;job3_guil03","unknown","not_verified"
"data/texture/기타마을/RC_sr002.bmp","ground_texture","66612","not_yet_hashed","1@4sac;job3_guil03","unknown","not_verified"
"data/texture/기타마을/RC_sr003.bmp","ground_texture","66612","not_yet_hashed","1@4sac;job3_guil03","unknown","not_verified"
"data/texture/기타마을/RC_sr004.bmp","ground_texture","66612","not_yet_hashed","1@pop2;rachel","unknown","not_verified"
"data/texture/기타마을/RC_sr007.bmp","ground_texture","66612","not_yet_hashed","1@pop2;rachel;x_ra","unknown","not_verified"
"data/texture/기타마을/RC_ST006.bmp","ground_texture","66612","not_yet_hashed","aru_gld","unknown","not_verified"
"data/texture/기타마을/RC_ST008.bmp","ground_texture","66612","not_yet_hashed","ra_fild03;rachel","unknown","not_verified"
"data/texture/기타마을/RC_ST010.bmp","ground_texture","66612","not_yet_hashed","1@pop2;rachel;ve_in;x_ra","unknown","not_verified"
"data/texture/기타마을/RC_ST011.bmp","ground_texture","33844","not_yet_hashed","1@pop2;rachel;ve_in;x_ra","unknown","not_verified"
"data/texture/기타마을/Rc_wall001.bmp","ground_texture","66612","not_yet_hashed","1@nyr;1@pop2;aru_gld;ra_san03;ra_temple;rachel","unknown","not_verified"
"data/texture/기타마을/Rc_wall002.bmp","ground_texture","66612","not_yet_hashed","ra_fild12;ra_san03","unknown","not_verified"
"data/texture/기타마을/Rc_wall003.bmp","ground_texture","66612","not_yet_hashed","1@nyr;ra_temple;rachel","unknown","not_verified"
"data/texture/기타마을/Rc_wall005.bmp","ground_texture","66612","not_yet_hashed","1@pop2;rachel;x_ra","unknown","not_verified"
"data/texture/기타마을/Rc_wall007.bmp","ground_texture","66612","not_yet_hashed","1@nyr;1@pop2;ra_fild12;ra_san03;ra_temple;rachel","unknown","not_verified"
"data/texture/기타마을/Rc_wall012.bmp","ground_texture","66612","not_yet_hashed","aru_gld","unknown","not_verified"
"data/texture/기타마을/Rct_001.bmp","ground_texture","66612","not_yet_hashed","1@pop2;aru_gld;rachel;x_ra","unknown","not_verified"
"data/texture/기타마을/Rct_002.bmp","ground_texture","66612","not_yet_hashed","1@4sac;job3_guil03;ra_san03","unknown","not_verified"
"data/texture/기타마을/Rct_003.bmp","ground_texture","66612","not_yet_hashed","1@4sac;1@pop2;job3_guil03;rachel;x_ra","unknown","not_verified"
"data/texture/기타마을/Rct_005.bmp","ground_texture","66612","not_yet_hashed","1@4sac;job3_guil03","unknown","not_verified"
"data/texture/기타마을/Rct_007.bmp","ground_texture","66612","not_yet_hashed","ra_san03","unknown","not_verified"
"data/texture/기타마을/Rct_011.bmp","ground_texture","66612","not_yet_hashed","1@pop2;rachel;x_ra","unknown","not_verified"
"data/texture/기타마을/Rct_015.bmp","ground_texture","66612","not_yet_hashed","1@4sac;1@pop2;job3_guil03;rachel;x_ra","unknown","not_verified"
"data/texture/기타마을/russia_palace02.bmp","ground_texture","66612","not_yet_hashed","moscovia","unknown","not_verified"
"data/texture/기타마을/russia_palace04.bmp","ground_texture","66612","not_yet_hashed","moscovia","unknown","not_verified"
"data/texture/기타마을/russia_palace06.bmp","ground_texture","66612","not_yet_hashed","mosk_in","unknown","not_verified"
"data/texture/기타마을/russia_palace08.bmp","ground_texture","66612","not_yet_hashed","mosk_in","unknown","not_verified"
"data/texture/기타마을/Russia_Ship03.bmp","ground_texture","66612","not_yet_hashed","mosk_ship","unknown","not_verified"
"data/texture/기타마을/sage_ba.BMP","ground_texture","66496","not_yet_hashed","schg_cas01","unknown","not_verified"
"data/texture/기타마을/sage_bar01.bmp","ground_texture","66592","not_yet_hashed","2@ch_t;5@tower;sch_gld;yuno","unknown","not_verified"
"data/texture/기타마을/sage_book03.bmp","ground_texture","66612","not_yet_hashed","yuno","unknown","not_verified"
"data/texture/기타마을/sage_book04.bmp","ground_texture","66612","not_yet_hashed","que_ba","unknown","not_verified"
"data/texture/기타마을/sage_connect.bmp","ground_texture","66612","not_yet_hashed","que_qsch01","unknown","not_verified"
"data/texture/기타마을/sage_entrance01.bmp","ground_texture","66612","not_yet_hashed","que_ba","unknown","not_verified"
"data/texture/기타마을/sage_houseA_1.bmp","ground_texture","66612","not_yet_hashed","yuno","unknown","not_verified"
"data/texture/기타마을/sage_houseA_2.bmp","ground_texture","66612","not_yet_hashed","yuno","unknown","not_verified"
"data/texture/기타마을/sage_houseB_2.bmp","ground_texture","66612","not_yet_hashed","que_ba","unknown","not_verified"
"data/texture/기타마을/sage_houseB_4.bmp","ground_texture","66612","not_yet_hashed","que_ba","unknown","not_verified"
"data/texture/기타마을/sage_library1.bmp","ground_texture","66612","not_yet_hashed","yuno","unknown","not_verified"
"data/texture/기타마을/sage_library3.bmp","ground_texture","66612","not_yet_hashed","que_ba;yuno","unknown","not_verified"
"data/texture/기타마을/sage_library4.bmp","ground_texture","66612","not_yet_hashed","yuno","unknown","not_verified"
"data/texture/기타마을/sage_library5.bmp","ground_texture","66612","not_yet_hashed","yuno","unknown","not_verified"
"data/texture/기타마을/sage_library7.bmp","ground_texture","66612","not_yet_hashed","yuno","unknown","not_verified"
"data/texture/기타마을/sage_mmu04.bmp","ground_texture","66612","not_yet_hashed","que_ba","unknown","not_verified"
"data/texture/기타마을/sage_shp05.bmp","ground_texture","66612","not_yet_hashed","abbey03","unknown","not_verified"
"data/texture/기타마을/sage_weapon6.bmp","ground_texture","66612","not_yet_hashed","que_ba;que_god01","unknown","not_verified"
"data/texture/기타마을/sagewb_03.BMP","ground_texture","66612","not_yet_hashed","que_ba","unknown","not_verified"
"data/texture/기타마을/st_airwall01.bmp","ground_texture","66612","not_yet_hashed","airport","unknown","not_verified"
"data/texture/기타마을/st_airwall02.bmp","ground_texture","66612","not_yet_hashed","airport","unknown","not_verified"
"data/texture/기타마을/st_airwin01.bmp","ground_texture","66612","not_yet_hashed","airport","unknown","not_verified"
"data/texture/기타마을/st_barwallsi03.bmp","ground_texture","66612","not_yet_hashed","einbroch;kh_dun02","unknown","not_verified"
"data/texture/기타마을/st_comdoor.bmp","ground_texture","66612","not_yet_hashed","ch1zero2;kh_kiehl01;lhz_dun02;schg_dun01;tha_t02","unknown","not_verified"
"data/texture/기타마을/st_comgu01.bmp","ground_texture","66612","not_yet_hashed","ch1zero2;kh_dun02;lhz_dun02;schg_dun01","unknown","not_verified"
"data/texture/기타마을/st_comma02.bmp","ground_texture","66612","not_yet_hashed","kh_dun02","unknown","not_verified"
"data/texture/기타마을/st_comsi02.bmp","ground_texture","66612","not_yet_hashed","ch1zero2;lhz_dun02;schg_dun01","unknown","not_verified"
"data/texture/기타마을/st_comsi03.bmp","ground_texture","66612","not_yet_hashed","1@swat;ein_fild04;einbroch;kh_dun02;que_swat","unknown","not_verified"
"data/texture/기타마을/ST_F00.bmp","ground_texture","33844","not_yet_hashed","kh_dun02","unknown","not_verified"
"data/texture/기타마을/ST_F04.bmp","ground_texture","66612","not_yet_hashed","ein_fild09;einbech","unknown","not_verified"
"data/texture/기타마을/ST_F07.bmp","ground_texture","66612","not_yet_hashed","ein_fild09","unknown","not_verified"
"data/texture/기타마을/ST_F08.bmp","ground_texture","66612","not_yet_hashed","ein_fild09","unknown","not_verified"
"data/texture/기타마을/ST_F09.bmp","ground_texture","66612","not_yet_hashed","ein_fild09","unknown","not_verified"
"data/texture/기타마을/ST_F11.bmp","ground_texture","66612","not_yet_hashed","1@swat;ein_fild04;einbroch;que_swat","unknown","not_verified"
"data/texture/기타마을/ST_F13.bmp","ground_texture","66612","not_yet_hashed","ein_fild09","unknown","not_verified"
"data/texture/기타마을/ST_F14.bmp","ground_texture","66612","not_yet_hashed","ein_fild09","unknown","not_verified"
"data/texture/기타마을/ST_F15.bmp","ground_texture","66612","not_yet_hashed","einbech","unknown","not_verified"
"data/texture/기타마을/ST_Fdoor.bmp","ground_texture","17460","not_yet_hashed","ein_fild09;einbech","unknown","not_verified"
"data/texture/기타마을/ST_FH01.bmp","ground_texture","17460","not_yet_hashed","ein_fild09;einbech","unknown","not_verified"
"data/texture/기타마을/ST_FR01.bmp","ground_texture","66612","not_yet_hashed","ein_fild09","unknown","not_verified"
"data/texture/기타마을/st_infactory02.bmp","ground_texture","196664","not_yet_hashed","hu_in01","unknown","not_verified"
"data/texture/기타마을/st_infactory04.bmp","ground_texture","196664","not_yet_hashed","ch1zero2;lhz_dun02","unknown","not_verified"
"data/texture/기타마을/st_infactory06.bmp","ground_texture","196664","not_yet_hashed","1@swat;kh_dun02;que_swat","unknown","not_verified"
"data/texture/기타마을/ST_INO014.bmp","ground_texture","17460","not_yet_hashed","1@gol1;einbech;lhz_dun01","unknown","not_verified"
"data/texture/기타마을/st_jbuild3 copy.bmp","ground_texture","196664","not_yet_hashed","einbech","unknown","not_verified"
"data/texture/기타마을/st_jbuild8 copy.bmp","ground_texture","196664","not_yet_hashed","einbech","unknown","not_verified"
"data/texture/기타마을/st_min2_07.bmp","ground_texture","33844","not_yet_hashed","kh_dun02","unknown","not_verified"
"data/texture/기타마을/st_swordman03.bmp","ground_texture","66612","not_yet_hashed","ein_in01","unknown","not_verified"
"data/texture/기타마을/st_swordman05.bmp","ground_texture","66612","not_yet_hashed","ein_in01","unknown","not_verified"
"data/texture/기타마을/ST_W008.bmp","ground_texture","66612","not_yet_hashed","ein_fild09","unknown","not_verified"
"data/texture/기타마을/ST_W010.bmp","ground_texture","66612","not_yet_hashed","ein_fild09","unknown","not_verified"
"data/texture/기타마을/st_ydoor2 copy.bmp","ground_texture","196664","not_yet_hashed","1@swat;que_swat","unknown","not_verified"
"data/texture/기타마을/t_dansang2 copy.bmp","ground_texture","196664","not_yet_hashed","ayo_fild01;ayo_fild02","unknown","not_verified"
"data/texture/기타마을/T_do007.bmp","ground_texture","66612","not_yet_hashed","ayo_in01","unknown","not_verified"
"data/texture/기타마을/T_do01.bmp","ground_texture","66612","not_yet_hashed","ayo_in01","unknown","not_verified"
"data/texture/기타마을/tana_frwall11.bmp","ground_texture","66612","not_yet_hashed","1@mir;2@mir","unknown","not_verified"
"data/texture/기타마을/tana_frwall19.bmp","ground_texture","66612","not_yet_hashed","1@4tro;1@mir;1@tnm2;2@mir;8@thts;job4_tro;tha_t02;thana_boss","unknown","not_verified"
"data/texture/기타마을/tana_frwall20.bmp","ground_texture","66612","not_yet_hashed","1@4tro;1@mir;1@tnm2;2@mir;8@thts;job4_tro;tha_t01;thana_boss","unknown","not_verified"
"data/texture/기타마을/tana_frwallbottom01.bmp","ground_texture","66612","not_yet_hashed","1@mir;1@tnm2;2@mir;8@thts;thana_boss","unknown","not_verified"
"data/texture/기타마을/tana_frwallbottom02.bmp","ground_texture","66612","not_yet_hashed","1@mir;1@tnm2;2@mir;8@thts;thana_boss","unknown","not_verified"
"data/texture/기타마을/tana_frwallbottom03.bmp","ground_texture","66612","not_yet_hashed","1@tnm2;8@thts;thana_boss","unknown","not_verified"
"data/texture/기타마을/tana_frwallbottom04.bmp","ground_texture","66612","not_yet_hashed","1@mir;1@tnm2;2@mir;8@thts;thana_boss","unknown","not_verified"
"data/texture/기타마을/te_dech.bmp","ground_texture","66612","not_yet_hashed","ayo_in01","unknown","not_verified"
"data/texture/기타마을/te_dunob.bmp","ground_texture","66612","not_yet_hashed","ayo_fild02","unknown","not_verified"
"data/texture/기타마을/te_dunpill.bmp","ground_texture","66612","not_yet_hashed","ayo_dun02","unknown","not_verified"
"data/texture/기타마을/te_dunroof01.bmp","ground_texture","66612","not_yet_hashed","ayo_dun02;ayo_fild02","unknown","not_verified"
"data/texture/기타마을/te_dunte_02.bmp","ground_texture","66612","not_yet_hashed","ayo_dun02","unknown","not_verified"
"data/texture/기타마을/te_dunte_03.bmp","ground_texture","66612","not_yet_hashed","ayo_dun02","unknown","not_verified"
"data/texture/기타마을/te_dunte.bmp","ground_texture","66612","not_yet_hashed","ayo_dun02;ayo_fild01;ayo_fild02","unknown","not_verified"
"data/texture/기타마을/te_dunwall.bmp","ground_texture","66612","not_yet_hashed","ayo_fild02","unknown","not_verified"
"data/texture/기타마을/te_jumuni.bmp","ground_texture","66612","not_yet_hashed","ayo_in01","unknown","not_verified"
"data/texture/기타마을/te_mudo.bmp","ground_texture","66612","not_yet_hashed","ayo_in01","unknown","not_verified"
"data/texture/기타마을/te_muwall.bmp","ground_texture","66612","not_yet_hashed","ayo_in01","unknown","not_verified"
"data/texture/기타마을/te_oudoorwa.bmp","ground_texture","66612","not_yet_hashed","ayo_in01","unknown","not_verified"
"data/texture/기타마을/te_udoor.bmp","ground_texture","66612","not_yet_hashed","ayo_fild02","unknown","not_verified"
"data/texture/기타마을/te_udoorfrtop.bmp","ground_texture","66612","not_yet_hashed","ayo_dun02","unknown","not_verified"
"data/texture/기타마을/te_upill01.bmp","ground_texture","66612","not_yet_hashed","ayo_fild01;ayo_fild02","unknown","not_verified"
"data/texture/기타마을/te_upill02.bmp","ground_texture","66612","not_yet_hashed","ayo_fild01;ayo_fild02;ayo_in01","unknown","not_verified"
"data/texture/기타마을/te_uwall01.bmp","ground_texture","66612","not_yet_hashed","ayo_fild02","unknown","not_verified"
"data/texture/기타마을/te_uwall02.bmp","ground_texture","66612","not_yet_hashed","ayo_fild01;ayo_fild02","unknown","not_verified"
"data/texture/기타마을/tru_sin1 copy.bmp","ground_texture","196664","not_yet_hashed","mosk_in","unknown","not_verified"
"data/texture/기타마을/tw_bottom01.BMP","ground_texture","66612","not_yet_hashed","gon_in;lou_in02","unknown","not_verified"
"data/texture/기타마을/tw_bottom02.BMP","ground_texture","17460","not_yet_hashed","gon_in","unknown","not_verified"
"data/texture/기타마을/tw_in01.BMP","ground_texture","66612","not_yet_hashed","gon_in","unknown","not_verified"
"data/texture/기타마을/tw_in02.BMP","ground_texture","66612","not_yet_hashed","gon_in","unknown","not_verified"
"data/texture/기타마을/uno_centr01.bmp","ground_texture","66612","not_yet_hashed","yuno_fild12","unknown","not_verified"
"data/texture/기타마을/uno_centr03.bmp","ground_texture","66612","not_yet_hashed","yuno_fild12","unknown","not_verified"
"data/texture/기타마을/uno_centr04.bmp","ground_texture","66612","not_yet_hashed","que_qsch01;yuno_fild12","unknown","not_verified"
"data/texture/기타마을/uno_pole01.bmp","ground_texture","17460","not_yet_hashed","que_dan02","unknown","not_verified"
"data/texture/기타마을/uno_ruins01.BMP","ground_texture","196664","not_yet_hashed","1@4mst;jupe_core","unknown","not_verified"
"data/texture/기타마을/whi_dunbadak1 copy.bmp","ground_texture","66612","not_yet_hashed","1@odin;job3_arch01;job3_arch02;odin_past;odin_tem03","unknown","not_verified"
"data/texture/기타마을/whi_jap3 copy.bmp","ground_texture","196664","not_yet_hashed","hu_in01","unknown","not_verified"
"data/texture/기타마을/whi_ming5 copy.bmp","ground_texture","196664","not_yet_hashed","hu_in01","unknown","not_verified"
"data/texture/기타마을/whi_ming8 copy.bmp","ground_texture","196664","not_yet_hashed","hu_in01","unknown","not_verified"
"data/texture/기타마을/whi_mul4 copy.bmp","ground_texture","196664","not_yet_hashed","hu_in01","unknown","not_verified"
"data/texture/기타마을/x_house1_01.bmp","ground_texture","66612","not_yet_hashed","xmas","unknown","not_verified"
"data/texture/기타마을/xmas_box.bmp","ground_texture","66612","not_yet_hashed","alde_tt02;xmas_dun01","unknown","not_verified"
"data/texture/기타마을/xmas_box02.bmp","ground_texture","66612","not_yet_hashed","alde_tt02;xmas_dun01","unknown","not_verified"
"data/texture/기타마을/xmas_box03.bmp","ground_texture","66612","not_yet_hashed","1@xm_d;1@xm_d2;xmas_dun02","unknown","not_verified"
"data/texture/기타마을/xmas_brdg01.bmp","ground_texture","66612","not_yet_hashed","xmas","unknown","not_verified"
"data/texture/기타마을/xmas_brdg02.bmp","ground_texture","66612","not_yet_hashed","xmas","unknown","not_verified"
"data/texture/기타마을/xmas_ch01.bmp","ground_texture","196664","not_yet_hashed","xmas","unknown","not_verified"
"data/texture/기타마을/xmas_ent06.bmp","ground_texture","66612","not_yet_hashed","xmas","unknown","not_verified"
"data/texture/기타마을/xmas_wp01.bmp","ground_texture","196664","not_yet_hashed","xmas","unknown","not_verified"
"data/texture/기타마을/알_바닥.bmp","ground_texture","66614","not_yet_hashed","alberta;alberta_in;gon_fild01;jalbe_in;jor_albe;rag_fes;rag_fes_a","unknown","not_verified"
"data/texture/기타마을내부/adinship_01.bmp","ground_texture","17462","not_yet_hashed","2025arena3;alb_ship;brasilis;grademk;paramk","unknown","not_verified"
"data/texture/기타마을내부/adinship_02.bmp","ground_texture","66614","not_yet_hashed","alb_ship","unknown","not_verified"
"data/texture/기타마을내부/adinship_03.bmp","ground_texture","66614","not_yet_hashed","alb_ship","unknown","not_verified"
"data/texture/기타마을내부/adinship_05.bmp","ground_texture","17462","not_yet_hashed","alb_ship","unknown","not_verified"
"data/texture/기타마을내부/alde-in_kap1.bmp","ground_texture","66612","not_yet_hashed","aldeba_in;aldeg_cas01;aldeg_cas02;aldeg_cas03;aldeg_cas04;aldeg_cas05;te_aldecas1;te_aldecas2;te_aldecas3;te_aldecas4;te_aldecas5","unknown","not_verified"
"data/texture/기타마을내부/alde-in-bar01.bmp","ground_texture","66612","not_yet_hashed","aldeba_in;aldeg_cas02;te_aldecas2;ve_in","unknown","not_verified"
"data/texture/기타마을내부/alde-in-blo01.bmp","ground_texture","33844","not_yet_hashed","1@exhn;1@vrac2;alde_alche;alde_dun04;aldeba_in;aldeg_cas01;aldeg_cas02;aldeg_cas03;aldeg_cas04;aldeg_cas05;bat_room;clock_01;iz_ac02;iz_ac02_a;iz_ac02_b;iz_ac02_c;iz_ac02_d;pvp_room;te_aldecas1;te_aldecas2;te_aldecas3;te_aldecas4;te_aldecas5","unknown","not_verified"
"data/texture/기타마을내부/alde-in-carpet.bmp","ground_texture","66612","not_yet_hashed","1@exhn;1@gl_he;1@gl_he2;1@gl_k;1@gl_k2;1@gl_kh;2@gl_k;2@gl_k2;2@gl_kh;alde_alche;aldeba_in;aldeg_cas01;aldeg_cas02;aldeg_cas03;aldeg_cas04;aldeg_cas05;jawaii_in;prtg_cas05;s_atelier;te_aldecas1;te_aldecas2;te_aldecas3;te_aldecas4;te_aldecas5;te_prtcas05;yuno_in02","unknown","not_verified"
"data/texture/기타마을내부/alde-in-house01.bmp","ground_texture","66612","not_yet_hashed","1@exhn;aldeba_in","unknown","not_verified"
"data/texture/기타마을내부/alde-in-tool01.bmp","ground_texture","66612","not_yet_hashed","alde_alche;aldeba_in;aldeg_cas01;aldeg_cas02;aldeg_cas03;te_aldecas1;te_aldecas2;te_aldecas3","unknown","not_verified"
"data/texture/기타마을내부/alde-in-wea01.bmp","ground_texture","66612","not_yet_hashed","aldeba_in;aldeg_cas01;te_aldecas1","unknown","not_verified"
"data/texture/기타마을내부/aru_nechapel01.bmp","ground_texture","66612","not_yet_hashed","1@spa;1@tcamp;2@nyr;arug_cas03;bra_in01;que_rachel;ra_in01;ra_san03;ra_san04;ra_san05;ra_temin;thor_camp","unknown","not_verified"
"data/texture/기타마을내부/aru_nechapel02.bmp","ground_texture","66612","not_yet_hashed","2@nyr;arug_cas03;bra_in01;que_rachel;ra_in01;ra_san04;ra_san05;ra_temin","unknown","not_verified"
"data/texture/기타마을내부/aru_nechapel03.bmp","ground_texture","66612","not_yet_hashed","1@tcamp;que_rachel;ra_in01;ra_san05;ra_temin;thor_camp","unknown","not_verified"
"data/texture/기타마을내부/aru_nechapel04.bmp","ground_texture","66612","not_yet_hashed","1@gl_he;1@gl_he2;1@gl_k;1@gl_k2;1@gl_kh;1@spa;1@tcamp;1@vrac2;2@gl_k;2@gl_k2;2@gl_kh;2@nyr;aru_gld;arug_dun01;bra_in01;iz_ac02;iz_ac02_a;iz_ac02_b;iz_ac02_c;iz_ac02_d;que_rachel;ra_in01;ra_san01;ra_san02;ra_san03;ra_san04;ra_san05;ra_temin;s_atelier;thor_camp","unknown","not_verified"
"data/texture/기타마을내부/aru_nechapel05.bmp","ground_texture","66612","not_yet_hashed","arug_cas03;arug_dun01;bra_in01;que_rachel;ra_san01;ra_san02;ra_san03;ra_san05;ra_temin","unknown","not_verified"
"data/texture/기타마을내부/aru_nechapel06.bmp","ground_texture","66612","not_yet_hashed","1@spa;1@vrac2;arug_dun01;bra_in01;iz_ac02;iz_ac02_a;iz_ac02_b;iz_ac02_c;iz_ac02_d;que_rachel;ra_san01;ra_san02;ra_san03;ra_temin","unknown","not_verified"
"data/texture/기타마을내부/aru_nechapel07.bmp","ground_texture","66612","not_yet_hashed","1@spa;arug_dun01;bra_in01;que_rachel;ra_san01;ra_san02;ra_temin","unknown","not_verified"
"data/texture/기타마을내부/aru_nechpl01.bmp","ground_texture","66612","not_yet_hashed","arug_cas03;ra_in01","unknown","not_verified"
"data/texture/기타마을내부/aru_nechpl02.bmp","ground_texture","66612","not_yet_hashed","1@nyr;1@pop1;1@pop2;1@tcamp;2@nyr;arug_cas01;arug_cas02;arug_cas03;arug_dun01;que_rachel;ra_in01;ra_san01;ra_san02;ra_san03;ra_san04;ra_san05;ra_temin;ra_temple;ra_temsky;rachel;s_atelier;thor_camp;x_ra","unknown","not_verified"
"data/texture/기타마을내부/aru_nechpl03.bmp","ground_texture","66612","not_yet_hashed","1@4sac;1@nyr;1@pop1;1@spa;1@tcamp;2@nyr;arug_cas01;arug_cas03;arug_dun01;bra_in01;job3_guil03;mosk_in;que_qsch01;que_rachel;ra_in01;ra_san03;ra_san04;ra_san05;ra_temin;ra_temple;ra_temsky;thor_camp;ve_in","unknown","not_verified"
"data/texture/기타마을내부/aru_nechpl04.bmp","ground_texture","66612","not_yet_hashed","1@4sac;1@tcamp;2@nyr;abbey01;abbey02;arug_cas02;arug_cas03;arug_dun01;job3_guil01;job3_guil03;mosk_in;que_rachel;ra_in01;ra_san01;ra_san02;ra_san03;ra_san04;ra_san05;ra_temin;thor_camp;ve_in","unknown","not_verified"
"data/texture/기타마을내부/aru_nechpl05.bmp","ground_texture","66612","not_yet_hashed","1@4sac;1@nyr;1@pop1;2@nyr;abbey02;arug_cas01;arug_cas03;arug_dun01;job3_guil03;que_house_s;que_rachel;ra_in01;ra_san01;ra_san02;ra_san03;ra_san04;ra_san05;ra_temin;ra_temple;ra_temsky","unknown","not_verified"
"data/texture/기타마을내부/aru_nechpl06.bmp","ground_texture","66612","not_yet_hashed","1@gl_k;1@gl_k2;1@gl_kh;1@nyr;1@pop1;1@pop2;1@vrac1;1@vrac2;2@nyr;arug_cas01;arug_cas03;arug_dun01;bra_in01;iz_ac01;iz_ac01_a;iz_ac01_b;iz_ac01_c;iz_ac01_d;iz_ac02;iz_ac02_a;iz_ac02_b;iz_ac02_c;iz_ac02_d;mosk_in;que_house_s;que_qsch01;que_rachel;ra_in01;ra_san01;ra_san02;ra_san03;ra_san04;ra_san05;ra_temin;ra_temple;ra_temsky;rachel;x_ra","unknown","not_verified"
"data/texture/기타마을내부/aru_nega.bmp","ground_texture","66612","not_yet_hashed","ma_dun01;ra_in01;ve_in","unknown","not_verified"
"data/texture/기타마을내부/aru_negun01.bmp","ground_texture","66612","not_yet_hashed","que_house_s;ra_in01;ra_san03;rebel_in","unknown","not_verified"
"data/texture/기타마을내부/aru_negun02.bmp","ground_texture","66612","not_yet_hashed","ra_in01;s_atelier","unknown","not_verified"
"data/texture/기타마을내부/aru_negun03.bmp","ground_texture","66612","not_yet_hashed","2@nyr;arug_cas03;que_house_s;que_rachel;ra_in01;ra_san03;ra_san04;ra_temin;rebel_in","unknown","not_verified"
"data/texture/기타마을내부/aru_nenol01.bmp","ground_texture","66612","not_yet_hashed","2@nyr;arug_cas03;arug_dun01;que_rachel;ra_san03;ra_san04;ra_san05;ra_temin","unknown","not_verified"
"data/texture/기타마을내부/aru_nestairpl.bmp","ground_texture","66612","not_yet_hashed","1@spa;2@nyr;arug_cas01;arug_cas03;arug_dun01;bra_in01;mosk_in;ra_san02;ra_san03;ra_san04;s_atelier;ve_in","unknown","not_verified"
"data/texture/기타마을내부/aru_nestairplsi.bmp","ground_texture","66612","not_yet_hashed","2@nyr;arug_cas01;arug_dun01;que_qsch01;ra_in01;ra_san01;ra_san02;ra_san03;ra_san04","unknown","not_verified"
"data/texture/기타마을내부/aru_newell01.bmp","ground_texture","33844","not_yet_hashed","1@spa;arug_cas03;arug_dun01;bra_in01;que_rachel;ra_in01;ra_san01;ra_san02;ra_san03;ra_temin;ve_in","unknown","not_verified"
"data/texture/기타마을내부/busi_in01.bmp","ground_texture","66612","not_yet_hashed","lhz_dun01;lhz_in03;ra_in01","unknown","not_verified"
"data/texture/기타마을내부/busi_in02.bmp","ground_texture","66612","not_yet_hashed","kh_mansion;lhz_dun01;lhz_in03;ra_in01","unknown","not_verified"
"data/texture/기타마을내부/busi_in03.bmp","ground_texture","66612","not_yet_hashed","lhz_in03;ra_in01;ve_in","unknown","not_verified"
"data/texture/기타마을내부/busi_ingi01.bmp","ground_texture","66612","not_yet_hashed","lhz_in02;schg_cas03","unknown","not_verified"
"data/texture/기타마을내부/busi_ingi02.bmp","ground_texture","66612","not_yet_hashed","1@vrac2;1@vrgen;iz_ac02;iz_ac02_a;iz_ac02_b;iz_ac02_c;iz_ac02_d;job3_gen01;job4_bio;lhz_dun01;lhz_in02;vr_gen","unknown","not_verified"
"data/texture/기타마을내부/busi_ingi03.bmp","ground_texture","66612","not_yet_hashed","lhz_in02;lhz_in03","unknown","not_verified"
"data/texture/기타마을내부/busi_ingi04.bmp","ground_texture","66612","not_yet_hashed","auction_02;bra_in01;lhz_in02;schg_cas03","unknown","not_verified"
"data/texture/기타마을내부/busi_ingi05.bmp","ground_texture","66612","not_yet_hashed","1@vrgen;evt_mobroom;job3_gen01;job4_bio;kh_dun01;lhz_in02;ve_in;vr_gen","unknown","not_verified"
"data/texture/기타마을내부/busi_ingi06.bmp","ground_texture","66612","not_yet_hashed","cave","unknown","not_verified"
"data/texture/기타마을내부/busi_ingi08.bmp","ground_texture","66612","not_yet_hashed","1@spa;bra_in01;kh_dun01;kh_dun02;lhz_in02;lhz_in03;s_atelier","unknown","not_verified"
"data/texture/기타마을내부/busi_ingi09.bmp","ground_texture","66612","not_yet_hashed","lhz_in02","unknown","not_verified"
"data/texture/기타마을내부/busi_ingi10.bmp","ground_texture","66612","not_yet_hashed","kh_dun01;lhz_in02;s_atelier","unknown","not_verified"
"data/texture/기타마을내부/busi_inmo01.bmp","ground_texture","66612","not_yet_hashed","1@gol1;arug_cas03;auction_02;bra_in01;kh_dun01;kh_kiehl01;kh_mansion;lhz_dun01;lhz_in01;lhz_que01;que_ba;que_qsch01;schg_cas03","unknown","not_verified"
"data/texture/기타마을내부/busi_inmo02.bmp","ground_texture","66612","not_yet_hashed","1@gol1;1@spa;arug_cas03;auction_02;bat_room;bra_in01;kh_kiehl01;kh_mansion;lhz_dun01;lhz_in01;lhz_in02;lhz_in03;lhz_que01;que_ba;schg_cas03;ve_in","unknown","not_verified"
"data/texture/기타마을내부/busi_inmo03.bmp","ground_texture","66612","not_yet_hashed","1@gol1;bra_in01;ch1fild1;ch1zero3;ch1zero4;lhz_cube;lhz_dun01;lhz_dun04;lhz_in01;lhz_que01;lighthalzen;que_lhz;schg_cas03","unknown","not_verified"
"data/texture/기타마을내부/busi_inpl01.bmp","ground_texture","66612","not_yet_hashed","1@vrgen;arug_cas03;bra_in01;job3_gen01;kh_dun01;kh_dun02;kh_mansion;lhz_cube;lhz_dun01;lhz_in02;lhz_in03;que_ba;ra_in01;s_atelier;schg_cas03;vr_gen","unknown","not_verified"
"data/texture/기타마을내부/busi_inpl02.bmp","ground_texture","66612","not_yet_hashed","1@gol1;1@spa;1@vrac1;1@vrac2;arug_cas03;auction_02;bra_in01;iz_ac01;iz_ac01_a;iz_ac01_b;iz_ac01_c;iz_ac01_d;iz_ac02;iz_ac02_a;iz_ac02_b;iz_ac02_c;iz_ac02_d;kh_dun01;kh_dun02;kh_kiehl01;kh_mansion;lhz_dun01;lhz_in01;lhz_in02;lhz_in03;lhz_que01;schg_cas03","unknown","not_verified"
"data/texture/기타마을내부/busi_inpl03.bmp","ground_texture","66612","not_yet_hashed","1@gol1;1@pop1;1@spa;1@vrac1;1@vrac2;abbey02;arug_cas03;arug_dun01;auction_02;bra_in01;hu_in01;iz_ac01;iz_ac01_a;iz_ac01_b;iz_ac01_c;iz_ac01_d;iz_ac02;iz_ac02_a;iz_ac02_b;iz_ac02_c;iz_ac02_d;kh_dun01;kh_kiehl01;kh_mansion;lhz_cube;lhz_dun01;lhz_in01;lhz_in02;lhz_in03;lhz_que01;prt_castle;que_qsch01;que_rachel;ra_in01;ra_san01;ra_temin;ra_temsky;schg_cas03;tha_t01;tha_t02;tha_t05;ve_in","unknown","not_verified"
"data/texture/기타마을내부/busi_inpl04.bmp","ground_texture","66612","not_yet_hashed","auction_02;bra_in01;ch1zero1;kh_dun01;kh_dun02;kh_school;lhz_d_n2;lhz_dun_n;lhz_dun03;lhz_in01;lhz_in02;lhz_in03;ra_in01;schg_cas03","unknown","not_verified"
"data/texture/기타마을내부/busi_so.bmp","ground_texture","66612","not_yet_hashed","bat_room","unknown","not_verified"
"data/texture/기타마을내부/busi_soja.bmp","ground_texture","66612","not_yet_hashed","ch1zero2;lhz_dun02","unknown","not_verified"
"data/texture/기타마을내부/ch_box01.bmp","ground_texture","66612","not_yet_hashed","dic_in01;lou_in02","unknown","not_verified"
"data/texture/기타마을내부/ch_box02.bmp","ground_texture","66612","not_yet_hashed","dic_in01;lou_in02","unknown","not_verified"
"data/texture/기타마을내부/ch_cp.bmp","ground_texture","33844","not_yet_hashed","jawaii_in","unknown","not_verified"
"data/texture/기타마을내부/ch_in1.bmp","ground_texture","66612","not_yet_hashed","lou_dun03;lou_in02","unknown","not_verified"
"data/texture/기타마을내부/ch_in2.bmp","ground_texture","66612","not_yet_hashed","lou_in01;lou_in02","unknown","not_verified"
"data/texture/기타마을내부/ch_in3.bmp","ground_texture","66612","not_yet_hashed","lou_in02","unknown","not_verified"
"data/texture/기타마을내부/ch_in4.bmp","ground_texture","66612","not_yet_hashed","lou_in02","unknown","not_verified"
"data/texture/기타마을내부/ch_in5.bmp","ground_texture","66612","not_yet_hashed","lou_in02","unknown","not_verified"
"data/texture/기타마을내부/ch_in7.bmp","ground_texture","66612","not_yet_hashed","lou_in01","unknown","not_verified"
"data/texture/기타마을내부/ch_in8.bmp","ground_texture","66612","not_yet_hashed","lou_in02","unknown","not_verified"
"data/texture/기타마을내부/ch_inh.bmp","ground_texture","66612","not_yet_hashed","lou_in01;lou_in02","unknown","not_verified"
"data/texture/기타마을내부/ch_tile01.bmp","ground_texture","66612","not_yet_hashed","jawaii_in;lou_dun03;lou_in01;lou_in02","unknown","not_verified"
"data/texture/기타마을내부/ch_tile02.bmp","ground_texture","33492","not_yet_hashed","jawaii_in;lou_in01;lou_in02","unknown","not_verified"
"data/texture/기타마을내부/ch_tile04.bmp","ground_texture","66612","not_yet_hashed","bat_room;jawaii_in","unknown","not_verified"
"data/texture/기타마을내부/ch_weapon01.bmp","ground_texture","17460","not_yet_hashed","jawaii_in","unknown","not_verified"
"data/texture/기타마을내부/chapel candle.bmp","ground_texture","66612","not_yet_hashed","abbey03;arug_cas01;ve_in","unknown","not_verified"
"data/texture/기타마을내부/chapel wall-1.bmp","ground_texture","66612","not_yet_hashed","ve_in","unknown","not_verified"
"data/texture/기타마을내부/chapel wall.bmp","ground_texture","66612","not_yet_hashed","1@4sac;abbey03;arug_cas01;job3_guil03;ve_in","unknown","not_verified"
"data/texture/기타마을내부/chpel bottom.bmp","ground_texture","66612","not_yet_hashed","1@4sac;1@gl_he;1@gl_he2;1@gl_k;1@gl_k2;1@gl_kh;1@spa;1@vrac2;2@gl_k;2@gl_k2;2@gl_kh;abbey03;arug_cas01;arug_cas03;bra_in01;iz_ac02;iz_ac02_a;iz_ac02_b;iz_ac02_c;iz_ac02_d;job3_guil03;ve_in","unknown","not_verified"
"data/texture/기타마을내부/co_in_b_01.bmp","ground_texture","17460","not_yet_hashed","cmd_in01;in_rogue;prt_evt_in;que_house_s","unknown","not_verified"
"data/texture/기타마을내부/co_in_be01.bmp","ground_texture","66612","not_yet_hashed","cmd_in01;cmd_in02;in_rogue;job_duncer;prt_evt_in;que_house_s;sec_in01","unknown","not_verified"
"data/texture/기타마을내부/co_in_be02.bmp","ground_texture","66612","not_yet_hashed","cmd_in01;cmd_in02;prt_evt_in;que_house_s;sec_in01","unknown","not_verified"
"data/texture/기타마을내부/co_in_be03.bmp","ground_texture","66612","not_yet_hashed","cmd_in01;cmd_in02;in_rogue;prt_evt_in;que_house_s;sec_in01","unknown","not_verified"
"data/texture/기타마을내부/co_in_be04.bmp","ground_texture","33844","not_yet_hashed","cmd_in01;cmd_in02;in_rogue;prt_evt_in;que_house_s","unknown","not_verified"
"data/texture/기타마을내부/co_in_be05.bmp","ground_texture","66612","not_yet_hashed","cmd_in01;cmd_in02;in_rogue;job_duncer;prt_evt_in;que_house_s;sec_in01","unknown","not_verified"
"data/texture/기타마을내부/co_in_be06.bmp","ground_texture","33844","not_yet_hashed","cmd_in01;cmd_in02;job_duncer;sec_in01","unknown","not_verified"
"data/texture/기타마을내부/co_in_be07.bmp","ground_texture","33844","not_yet_hashed","cmd_in01;cmd_in02;in_rogue;job_duncer;prt_evt_in;que_house_s;sec_in01","unknown","not_verified"
"data/texture/기타마을내부/cursed_in02.bmp","ground_texture","66612","not_yet_hashed","nameless_in","unknown","not_verified"
"data/texture/기타마을내부/cursed_in03.bmp","ground_texture","66612","not_yet_hashed","abbey01;abbey02;abbey03;arug_cas02;nameless_in","unknown","not_verified"
"data/texture/기타마을내부/cursed_in04.bmp","ground_texture","66612","not_yet_hashed","mosk_in;nameless_in","unknown","not_verified"
"data/texture/기타마을내부/cursed_in05.bmp","ground_texture","66612","not_yet_hashed","abbey01;grademk;paramk","unknown","not_verified"
"data/texture/기타마을내부/cursed_in06.bmp","ground_texture","17460","not_yet_hashed","abbey01;mosk_in;nameless_in","unknown","not_verified"
"data/texture/기타마을내부/cursed_in07.bmp","ground_texture","33844","not_yet_hashed","abbey01;nameless_in","unknown","not_verified"
"data/texture/기타마을내부/cursed_in08.bmp","ground_texture","66612","not_yet_hashed","abbey03","unknown","not_verified"
"data/texture/기타마을내부/cursed_in09.bmp","ground_texture","66612","not_yet_hashed","abbey01;abbey02;arug_cas02","unknown","not_verified"
"data/texture/기타마을내부/cursed_in10.bmp","ground_texture","66612","not_yet_hashed","abbey01;abbey02;abbey03;arug_cas02","unknown","not_verified"
"data/texture/기타마을내부/cursed_in11.bmp","ground_texture","66612","not_yet_hashed","abbey01;abbey03;arug_cas02","unknown","not_verified"
"data/texture/기타마을내부/cursed_inb001.bmp","ground_texture","66612","not_yet_hashed","abbey01;abbey02;abbey03;arug_cas02","unknown","not_verified"
"data/texture/기타마을내부/cursed_inb002.bmp","ground_texture","66612","not_yet_hashed","abbey01;mosk_in;nameless_in;spl_in01","unknown","not_verified"
"data/texture/기타마을내부/cursed_inb003.bmp","ground_texture","66612","not_yet_hashed","abbey01;abbey02;arug_cas02;mosk_in;nameless_in;spl_in01","unknown","not_verified"
"data/texture/기타마을내부/cursed_inb004.bmp","ground_texture","33844","not_yet_hashed","abbey01;abbey02;nameless_in","unknown","not_verified"
"data/texture/기타마을내부/cursed_inb005.bmp","ground_texture","66612","not_yet_hashed","abbey01;abbey02;abbey03;arug_cas02","unknown","not_verified"
"data/texture/기타마을내부/dg2_bosswall02.bmp","ground_texture","66612","not_yet_hashed","3@ch_t;6@tower","unknown","not_verified"
"data/texture/기타마을내부/dg2_bosswall03.bmp","ground_texture","66612","not_yet_hashed","3@ch_t;6@tower","unknown","not_verified"
"data/texture/기타마을내부/dg2_bosswall04.bmp","ground_texture","66612","not_yet_hashed","3@ch_t;6@tower","unknown","not_verified"
"data/texture/기타마을내부/dg2_bosswall05.bmp","ground_texture","66612","not_yet_hashed","3@ch_t;6@tower","unknown","not_verified"
"data/texture/기타마을내부/dg2_bosswall06.bmp","ground_texture","66612","not_yet_hashed","3@ch_t;6@tower","unknown","not_verified"
"data/texture/기타마을내부/dg2_bosswall07.bmp","ground_texture","66612","not_yet_hashed","2@ch_t;5@tower","unknown","not_verified"
"data/texture/기타마을내부/fay_in001.bmp","ground_texture","66612","not_yet_hashed","1@vrac2;gld2_pay;iz_ac02;iz_ac02_a;iz_ac02_b;iz_ac02_c;iz_ac02_d;jawaii_in;payon_in01;payon_in03;star_in","unknown","not_verified"
"data/texture/기타마을내부/fay_in002.bmp","ground_texture","66612","not_yet_hashed","gld2_pay;payon_in01;payon_in03;star_in","unknown","not_verified"
"data/texture/기타마을내부/fay_in003.bmp","ground_texture","66612","not_yet_hashed","gld2_pay;jawaii_in;payon_in03","unknown","not_verified"
"data/texture/기타마을내부/fay_in004.bmp","ground_texture","66612","not_yet_hashed","gld2_pay;jawaii_in;payon_in01;star_in","unknown","not_verified"
"data/texture/기타마을내부/fay_in005.bmp","ground_texture","66612","not_yet_hashed","gld2_pay;jawaii_in;payon_in03","unknown","not_verified"
"data/texture/기타마을내부/fay_tile001.bmp","ground_texture","17460","not_yet_hashed","1@gl_he;1@gl_he2;1@vrac1;1@vrac2;2@gl_k;2@gl_k2;2@gl_kh;evt_bomb;gld2_pay;grademk;iz_ac01;iz_ac01_a;iz_ac01_b;iz_ac01_c;iz_ac01_d;iz_ac02;iz_ac02_a;iz_ac02_b;iz_ac02_c;iz_ac02_d;paramk;payon_in01;payon_in03;quiz_02;s_atelier;star_in;tha_t01","unknown","not_verified"
"data/texture/기타마을내부/fay_tile002.bmp","ground_texture","16680","not_yet_hashed","gld2_pay;payon_in01;star_in","unknown","not_verified"
"data/texture/기타마을내부/fay_tile003.bmp","ground_texture","17460","not_yet_hashed","1@vrac2;gld2_pay;iz_ac02;iz_ac02_a;iz_ac02_b;iz_ac02_c;iz_ac02_d;payon_in01;payon_in03;star_in","unknown","not_verified"
"data/texture/기타마을내부/fay_tile004.bmp","ground_texture","66612","not_yet_hashed","1@exse;1@vrac2;gld2_pay;iz_ac02;iz_ac02_a;iz_ac02_b;iz_ac02_c;iz_ac02_d;jawaii_in;lhz_in01;lhz_in02;payon_in01;payon_in03;star_in","unknown","not_verified"
"data/texture/기타마을내부/fay_tile005.bmp","ground_texture","33844","not_yet_hashed","gld2_pay;payon_in01;payon_in03;star_in","unknown","not_verified"
"data/texture/기타마을내부/fay_tile006.bmp","ground_texture","16760","not_yet_hashed","1@vrac2;gld2_pay;iz_ac02;iz_ac02_a;iz_ac02_b;iz_ac02_c;iz_ac02_d;payon_in01;star_in","unknown","not_verified"
"data/texture/기타마을내부/fay_tile007.bmp","ground_texture","17084","not_yet_hashed","1@vrac2;gld2_pay;iz_ac02;iz_ac02_a;iz_ac02_b;iz_ac02_c;iz_ac02_d;payon_in01;payon_in03;quiz_02;star_in","unknown","not_verified"
"data/texture/기타마을내부/fay_tile008.bmp","ground_texture","17460","not_yet_hashed","gld2_pay;payon_in03","unknown","not_verified"
"data/texture/기타마을내부/fr_bo01.BMP","ground_texture","196664","not_yet_hashed","jawaii_in;um_in","unknown","not_verified"
"data/texture/기타마을내부/fr_bo02.BMP","ground_texture","196664","not_yet_hashed","jawaii_in;um_in;ve_in","unknown","not_verified"
"data/texture/기타마을내부/fr_bo03.BMP","ground_texture","49208","not_yet_hashed","um_in","unknown","not_verified"
"data/texture/기타마을내부/fr_in01.bmp","ground_texture","196664","not_yet_hashed","jawaii_in;um_in","unknown","not_verified"
"data/texture/기타마을내부/fr_in02.BMP","ground_texture","196664","not_yet_hashed","jawaii_in;um_in","unknown","not_verified"
"data/texture/기타마을내부/fr_in03.BMP","ground_texture","196664","not_yet_hashed","um_in","unknown","not_verified"
"data/texture/기타마을내부/fr_in04.BMP","ground_texture","147512","not_yet_hashed","jawaii_in;um_in;ve_in","unknown","not_verified"
"data/texture/기타마을내부/gl_ce01.bmp","ground_texture","66612","not_yet_hashed","gl_chyard;gl_chyard_;yuno_in05","unknown","not_verified"
"data/texture/기타마을내부/gl_ce02.bmp","ground_texture","66612","not_yet_hashed","gl_chyard;gl_chyard_;gl_knt02;kh_rossi;yuno_in05","unknown","not_verified"
"data/texture/기타마을내부/gl_ce03.bmp","ground_texture","66612","not_yet_hashed","gl_chyard;gl_chyard_;gl_knt02;kh_rossi;yuno_in05","unknown","not_verified"
"data/texture/기타마을내부/gl_ce04.bmp","ground_texture","66612","not_yet_hashed","gl_chyard;gl_chyard_;gl_knt02;kh_rossi;yuno_in05","unknown","not_verified"
"data/texture/기타마을내부/gla_chu1-1.bmp","ground_texture","66612","not_yet_hashed","bl_soul;gl_cas02;gl_cas02_;gl_church","unknown","not_verified"
"data/texture/기타마을내부/gla_chu1.bmp","ground_texture","66612","not_yet_hashed","bl_soul;gl_cas02;gl_cas02_;gl_church","unknown","not_verified"
"data/texture/기타마을내부/gla_chu2-1.bmp","ground_texture","66612","not_yet_hashed","bl_soul;gl_church","unknown","not_verified"
"data/texture/기타마을내부/gla_chu2.bmp","ground_texture","66612","not_yet_hashed","bl_soul;gl_cas02;gl_cas02_;gl_church","unknown","not_verified"
"data/texture/기타마을내부/gla_chu3.bmp","ground_texture","66612","not_yet_hashed","bl_soul;gl_church","unknown","not_verified"
"data/texture/기타마을내부/gla-carpet1.bmp","ground_texture","66612","not_yet_hashed","bl_soul;gl_church","unknown","not_verified"
"data/texture/기타마을내부/gla-carpet2.bmp","ground_texture","66612","not_yet_hashed","bl_depth2;bl_soul;gl_church","unknown","not_verified"
"data/texture/기타마을내부/gla-carpet3.bmp","ground_texture","66612","not_yet_hashed","bl_depth2;bl_soul;gl_church","unknown","not_verified"
"data/texture/기타마을내부/gla-floor1.bmp","ground_texture","66612","not_yet_hashed","bl_depth1;bl_depth2;bl_soul;gl_church;yuno_in05","unknown","not_verified"
"data/texture/기타마을내부/gla-floor2.bmp","ground_texture","66612","not_yet_hashed","bl_depth1;bl_depth2;bl_soul;gl_cas02;gl_cas02_;gl_church;gl_dun02;kh_rossi;yuno_in05","unknown","not_verified"
"data/texture/기타마을내부/gla-floor3.bmp","ground_texture","17460","not_yet_hashed","bl_depth2;bl_soul;gl_church","unknown","not_verified"
"data/texture/기타마을내부/hg_heater03.bmp","ground_texture","66612","not_yet_hashed","hu_in01","unknown","not_verified"
"data/texture/기타마을내부/hu_bed.bmp","ground_texture","66612","not_yet_hashed","poring_w02","unknown","not_verified"
"data/texture/기타마을내부/HW_bottom01.bmp","ground_texture","66612","not_yet_hashed","e_hugel;hu_in01;hugel;moc_para01;que_bingo;ra_in01;s_atelier;ve_in","unknown","not_verified"
"data/texture/기타마을내부/HW_bottom02.bmp","ground_texture","66612","not_yet_hashed","hu_in01","unknown","not_verified"
"data/texture/기타마을내부/HW_bottom03.bmp","ground_texture","17460","not_yet_hashed","hu_in01","unknown","not_verified"
"data/texture/기타마을내부/HW_bottom04.bmp","ground_texture","33844","not_yet_hashed","hu_in01","unknown","not_verified"
"data/texture/기타마을내부/HW_CH001.bmp","ground_texture","66612","not_yet_hashed","hu_in01","unknown","not_verified"
"data/texture/기타마을내부/HW_CH002.bmp","ground_texture","66612","not_yet_hashed","hu_in01","unknown","not_verified"
"data/texture/기타마을내부/HW_INN01.bmp","ground_texture","66612","not_yet_hashed","hu_in01","unknown","not_verified"
"data/texture/기타마을내부/HW_MIN01.bmp","ground_texture","66612","not_yet_hashed","hu_in01;moc_para01;que_bingo","unknown","not_verified"
"data/texture/기타마을내부/HW_MIN02.bmp","ground_texture","66612","not_yet_hashed","bra_in01;grademk;hu_in01;paramk","unknown","not_verified"
"data/texture/기타마을내부/HW_MIN03.bmp","ground_texture","66612","not_yet_hashed","hu_in01;que_bingo","unknown","not_verified"
"data/texture/기타마을내부/HW_misc01.bmp","ground_texture","66612","not_yet_hashed","hu_in01;que_bingo","unknown","not_verified"
"data/texture/기타마을내부/HW_mu01.bmp","ground_texture","66612","not_yet_hashed","hu_in01","unknown","not_verified"
"data/texture/기타마을내부/HW_WAll.bmp","ground_texture","17112","not_yet_hashed","hu_in01;que_bingo","unknown","not_verified"
"data/texture/기타마을내부/HW_WAll01.bmp","ground_texture","8868","not_yet_hashed","hu_in01","unknown","not_verified"
"data/texture/기타마을내부/HW_WAll02.bmp","ground_texture","17460","not_yet_hashed","hu_in01","unknown","not_verified"
"data/texture/기타마을내부/HW_WAll03.bmp","ground_texture","9268","not_yet_hashed","1@ma_c;hu_in01","unknown","not_verified"
"data/texture/기타마을내부/HW_WAll04.bmp","ground_texture","9268","not_yet_hashed","hu_in01","unknown","not_verified"
"data/texture/기타마을내부/HW_WAll05.bmp","ground_texture","8760","not_yet_hashed","hu_in01","unknown","not_verified"
"data/texture/기타마을내부/HW_WAll06.bmp","ground_texture","8868","not_yet_hashed","hu_in01","unknown","not_verified"
"data/texture/기타마을내부/inal_01.bmp","ground_texture","66614","not_yet_hashed","alberta_in;jalbe_in","unknown","not_verified"
"data/texture/기타마을내부/inal_02.bmp","ground_texture","66614","not_yet_hashed","alberta_in;jalbe_in","unknown","not_verified"
"data/texture/기타마을내부/inal_03.bmp","ground_texture","66614","not_yet_hashed","alberta_in;jalbe_in","unknown","not_verified"
"data/texture/기타마을내부/inal02_01.bmp","ground_texture","66614","not_yet_hashed","alberta_in;jalbe_in","unknown","not_verified"
"data/texture/기타마을내부/inal02_02.bmp","ground_texture","66614","not_yet_hashed","alberta_in;jalbe_in","unknown","not_verified"
"data/texture/기타마을내부/inal02_03.bmp","ground_texture","66614","not_yet_hashed","alberta_in;jalbe_in","unknown","not_verified"
"data/texture/기타마을내부/ingla_carpet01.bmp","ground_texture","66612","not_yet_hashed","1@gl_prq;gl_cas01;gl_cas01_;gl_cas02;gl_cas02_;kh_rossi","unknown","not_verified"
"data/texture/기타마을내부/ingla_carpet02.bmp","ground_texture","66612","not_yet_hashed","gl_cas01;gl_cas01_;gl_cas02;gl_cas02_;gl_knt01;gl_knt02;kh_rossi","unknown","not_verified"
"data/texture/기타마을내부/ingla_carpet03.bmp","ground_texture","66612","not_yet_hashed","kh_rossi","unknown","not_verified"
"data/texture/기타마을내부/ingla_carpet04.bmp","ground_texture","66612","not_yet_hashed","1@gl_prq;gl_cas01;gl_cas01_;gl_cas02;gl_cas02_;gl_knt01;gl_knt02;kh_rossi","unknown","not_verified"
"data/texture/기타마을내부/ingla_cat01.bmp","ground_texture","66612","not_yet_hashed","1@gl_he;1@gl_he2;1@gl_k;1@gl_k2;1@gl_kh;1@gl_prq;2@gl_k;2@gl_k2;2@gl_kh;gl_cas01;gl_cas01_;gl_cas02;gl_cas02_;gl_knt01;gl_knt02;job3_rune01;kh_rossi;pvp_room","unknown","not_verified"
"data/texture/기타마을내부/ingla_cat02.bmp","ground_texture","66612","not_yet_hashed","1@gl_he;1@gl_he2;1@gl_prq;2@gl_k;2@gl_k2;2@gl_kh;gl_cas01;gl_cas01_;gl_cas02;gl_cas02_;gl_in01;gl_knt01;gl_knt02;pvp_room","unknown","not_verified"
"data/texture/기타마을내부/ingla_cat03.bmp","ground_texture","66612","not_yet_hashed","1@gl_k;1@gl_k2;1@gl_kh;1@gl_prq;gl_cas01;gl_cas01_;gl_cas02;gl_cas02_;gl_in01;gl_knt01;gl_knt02;job3_rune01;kh_rossi;pvp_room","unknown","not_verified"
"data/texture/기타마을내부/ingla_cat04.bmp","ground_texture","66612","not_yet_hashed","1@gl_he;1@gl_he2;1@gl_k;1@gl_k2;1@gl_kh;1@gl_prq;2@gl_k;2@gl_k2;2@gl_kh;gl_cas01;gl_cas01_;gl_cas02;gl_cas02_;gl_in01;gl_knt01;gl_knt02;job3_rune01;kh_rossi;pvp_room","unknown","not_verified"
"data/texture/기타마을내부/ingla_cat05.bmp","ground_texture","66612","not_yet_hashed","1@gl_he;1@gl_he2;1@gl_k;1@gl_k2;1@gl_kh;1@gl_prq;2@gl_k;2@gl_k2;2@gl_kh;gl_cas01;gl_cas01_;gl_cas02;gl_cas02_;gl_in01;gl_knt01;gl_knt02;job3_rune01;kh_rossi;yuno_fild08","unknown","not_verified"
"data/texture/기타마을내부/ingla_cat06.bmp","ground_texture","66612","not_yet_hashed","1@gl_k;1@gl_k2;1@gl_kh;1@gl_prq;gl_cas01;gl_cas01_;gl_cas02;gl_cas02_;gl_in01;gl_knt01;gl_knt02;job3_rune01;kh_rossi","unknown","not_verified"
"data/texture/기타마을내부/ingla_cat07.bmp","ground_texture","66612","not_yet_hashed","1@gl_he;1@gl_he2;1@gl_k;1@gl_k2;1@gl_kh;1@gl_prq;1@tnm1;2@gl_k;2@gl_k2;2@gl_kh;3@thts;ch1fild1;ch1zero1;einbroch;evt_bomb;gl_cas01;gl_cas01_;gl_cas02;gl_cas02_;gl_dun01;gl_dun02;gl_in01;gl_knt01;gl_knt02;gon_dun01;gon_test;job3_rune01;job3_rune02;jupe_cave;juperos_01;kh_rossi;lhz_d_n2;lhz_dun_n;lhz_dun03;lighthalzen;pvp_room;rag_fes;rag_fes_a;s_atelier;sch_gld;schg_cas02;tha_t08;valkyrie;yuno;yuno_fild04;yuno_fild07;yuno_fild08","unknown","not_verified"
"data/texture/기타마을내부/ingla_cat08.bmp","ground_texture","66612","not_yet_hashed","1@gl_prq;gl_cas01;gl_cas01_;gl_dun01;gl_in01;pvp_room;yuno;yuno_fild08","unknown","not_verified"
"data/texture/기타마을내부/ingla_cat09.bmp","ground_texture","66612","not_yet_hashed","1@gl_he;1@gl_he2;1@gl_k;1@gl_k2;1@gl_kh;1@gl_prq;1@tnm1;2@gl_k;2@gl_k2;2@gl_kh;gl_cas01;gl_cas01_;gl_cas02;gl_cas02_;gl_dun01;gl_in01;gl_knt01;gl_knt02;job3_rune01;job3_rune02;kh_rossi;yuno_fild08","unknown","not_verified"
"data/texture/기타마을내부/ingla_cat10.bmp","ground_texture","66612","not_yet_hashed","gl_cas01;gl_cas01_;gl_cas02;gl_cas02_;gl_knt01;gl_knt02;yuno","unknown","not_verified"
"data/texture/기타마을내부/ingla_kn01.bmp","ground_texture","66612","not_yet_hashed","1@gl_he;1@gl_he2;1@gl_k;1@gl_k2;1@gl_kh;1@gl_prq;2@gl_k;2@gl_k2;2@gl_kh;gl_cas01;gl_cas01_;gl_cas02;gl_cas02_;gl_in01;gl_knt01;gl_knt02","unknown","not_verified"
"data/texture/기타마을내부/ingla_kn02.bmp","ground_texture","66612","not_yet_hashed","1@gl_k;1@gl_k2;1@gl_kh;1@gl_prq;gl_cas01;gl_cas01_;gl_cas02;gl_cas02_;gl_in01;gl_knt01;gl_knt02;job3_rune02;pvp_room","unknown","not_verified"
"data/texture/기타마을내부/ingla_kn03.bmp","ground_texture","66612","not_yet_hashed","1@gl_he;1@gl_he2;1@gl_k;1@gl_k2;1@gl_kh;1@gl_prq;2@gl_k;2@gl_k2;2@gl_kh;gl_cas01;gl_cas01_;gl_cas02;gl_cas02_;gl_in01;gl_knt01;gl_knt02;job3_rune01;pvp_room","unknown","not_verified"
"data/texture/기타마을내부/ingla_wall00.bmp","ground_texture","66612","not_yet_hashed","1@gl_he;1@gl_he2;1@gl_k;1@gl_k2;1@gl_kh;1@gl_prq;2@gl_k;2@gl_k2;2@gl_kh;gl_cas01;gl_cas01_;gl_cas02;gl_cas02_;gl_dun01;gl_in01;gl_knt01;gl_knt02;gon_dun01","unknown","not_verified"
"data/texture/기타마을내부/ingla_wiz01.bmp","ground_texture","66612","not_yet_hashed","1@gl_prq;gl_cas01;gl_cas01_;gl_cas02;gl_cas02_;gl_in01;gl_knt01;juperos_01;kh_rossi;yuno;yuno_fild04;yuno_fild08","unknown","not_verified"
"data/texture/기타마을내부/ingla_wiz02.bmp","ground_texture","66612","not_yet_hashed","1@gl_prq;3@thts;gl_cas01;gl_cas01_;gl_in01;gl_knt01;kh_rossi;tha_t08;yuno;yuno_fild08","unknown","not_verified"
"data/texture/기타마을내부/japan_bottom01.BMP","ground_texture","66612","not_yet_hashed","1@vrac2;ama_dun01;ama_dun03;ama_in01;ama_in02;gonryun;iz_ac02;iz_ac02_a;iz_ac02_b;iz_ac02_c;iz_ac02_d;iz_ng01;job_ko;louyang;que_ng;tha_t01","unknown","not_verified"
"data/texture/기타마을내부/japan_bottom02.BMP","ground_texture","17460","not_yet_hashed","1@air1;1@air2;airplane;airplane2;ama_dun01;ama_dun03;ama_in01;ama_in02;iz_ng01;job_ko;que_ng","unknown","not_verified"
"data/texture/기타마을내부/japan_in01.BMP","ground_texture","66612","not_yet_hashed","ama_dun01;ama_in01;ama_in02;iz_ng01;que_ng","unknown","not_verified"
"data/texture/기타마을내부/japan_in02.BMP","ground_texture","66612","not_yet_hashed","1@vrac2;ama_dun01;ama_dun03;ama_in01;ama_in02;iz_ac02;iz_ac02_a;iz_ac02_b;iz_ac02_c;iz_ac02_d;iz_ng01;job_ko;que_ng","unknown","not_verified"
"data/texture/기타마을내부/japan_in03.bmp","ground_texture","9268","not_yet_hashed","1@vrac2;ama_dun01;ama_in01;ama_in02;iz_ac02;iz_ac02_a;iz_ac02_b;iz_ac02_c;iz_ac02_d;iz_ng01;que_ng","unknown","not_verified"
"data/texture/기타마을내부/japan_in04.BMP","ground_texture","25652","not_yet_hashed","ama_dun01;ama_dun03;ama_in01;ama_in02;iz_ng01;que_ng","unknown","not_verified"
"data/texture/기타마을내부/jawai_b03.bmp","ground_texture","66612","not_yet_hashed","jawaii_in","unknown","not_verified"
"data/texture/기타마을내부/LT_inob001.bmp","ground_texture","66612","not_yet_hashed","auction_02;hu_in01;kh_kiehl01;kh_mansion;kh_school;kh_vila;lhz_in01;lhz_in02;lhz_in03;que_rachel;ra_temin;s_atelier","unknown","not_verified"
"data/texture/기타마을내부/LT_inob002.bmp","ground_texture","66612","not_yet_hashed","kh_school;kh_vila","unknown","not_verified"
"data/texture/기타마을내부/ni_bottom01.bmp","ground_texture","66612","not_yet_hashed","nif_in;que_sign01","unknown","not_verified"
"data/texture/기타마을내부/ni_bottom02.bmp","ground_texture","66612","not_yet_hashed","nif_in;que_sign01","unknown","not_verified"
"data/texture/기타마을내부/ni_bottom03.bmp","ground_texture","66612","not_yet_hashed","mosk_in;nif_in;que_sign01","unknown","not_verified"
"data/texture/기타마을내부/ni_bottom04.bmp","ground_texture","66612","not_yet_hashed","nif_in","unknown","not_verified"
"data/texture/기타마을내부/ni_bottom05.bmp","ground_texture","66612","not_yet_hashed","nif_in;que_sign01","unknown","not_verified"
"data/texture/기타마을내부/ni_in01.bmp","ground_texture","66612","not_yet_hashed","nif_in;que_sign01","unknown","not_verified"
"data/texture/기타마을내부/ni_in02.bmp","ground_texture","66612","not_yet_hashed","nif_in;que_sign01","unknown","not_verified"
"data/texture/기타마을내부/ni_in03.bmp","ground_texture","66612","not_yet_hashed","nif_in;que_sign01","unknown","not_verified"
"data/texture/기타마을내부/ni_in04.bmp","ground_texture","66612","not_yet_hashed","nif_in;que_sign01","unknown","not_verified"
"data/texture/기타마을내부/py_in000.bmp","ground_texture","17460","not_yet_hashed","1@vrac2;gld2_pay;iz_ac02;iz_ac02_a;iz_ac02_b;iz_ac02_c;iz_ac02_d;payon_in03","unknown","not_verified"
"data/texture/기타마을내부/rachel_chandelier.bmp","ground_texture","66612","not_yet_hashed","2@nyr;ra_san04","unknown","not_verified"
"data/texture/기타마을내부/RC_desk02.bmp","ground_texture","66612","not_yet_hashed","2@nyr;bra_in01;mosk_in;ra_in01;ra_san03;ra_san04","unknown","not_verified"
"data/texture/기타마을내부/Russia_church.bmp","ground_texture","66612","not_yet_hashed","mosk_in","unknown","not_verified"
"data/texture/기타마을내부/russia_inbottom01.bmp","ground_texture","33844","not_yet_hashed","mosk_in","unknown","not_verified"
"data/texture/기타마을내부/Russia_inn01.bmp","ground_texture","66612","not_yet_hashed","mosk_in","unknown","not_verified"
"data/texture/기타마을내부/Russia_inn02.bmp","ground_texture","33844","not_yet_hashed","mosk_in","unknown","not_verified"
"data/texture/기타마을내부/Russia_inn03.bmp","ground_texture","9268","not_yet_hashed","mosk_in","unknown","not_verified"
"data/texture/기타마을내부/russia_military01.bmp","ground_texture","66612","not_yet_hashed","mosk_in","unknown","not_verified"
"data/texture/기타마을내부/russia_military02.bmp","ground_texture","33844","not_yet_hashed","mosk_in","unknown","not_verified"
"data/texture/기타마을내부/Russia_Palace01.bmp","ground_texture","66612","not_yet_hashed","mosk_in","unknown","not_verified"
"data/texture/기타마을내부/Russia_Palace02.bmp","ground_texture","66612","not_yet_hashed","bra_in01;moscovia;mosk_in","unknown","not_verified"
"data/texture/기타마을내부/Russia_Palace03.bmp","ground_texture","17460","not_yet_hashed","mosk_in","unknown","not_verified"
"data/texture/기타마을내부/Russia_store01.bmp","ground_texture","66612","not_yet_hashed","mosk_in","unknown","not_verified"
"data/texture/기타마을내부/Russia_store02.bmp","ground_texture","98360","not_yet_hashed","moscovia;mosk_in","unknown","not_verified"
"data/texture/기타마을내부/Russia_store03.bmp","ground_texture","17460","not_yet_hashed","mosk_in","unknown","not_verified"
"data/texture/기타마을내부/sage_b02.bmp","ground_texture","66612","not_yet_hashed","que_ba;schg_cas01","unknown","not_verified"
"data/texture/기타마을내부/sage_b03.bmp","ground_texture","66612","not_yet_hashed","que_ba;que_job02;schg_cas01","unknown","not_verified"
"data/texture/기타마을내부/sage_f001.bmp","ground_texture","66612","not_yet_hashed","que_rachel;ra_temin;schg_cas01;yuno_in03;yuno_in04","unknown","not_verified"
"data/texture/기타마을내부/sage_f002.bmp","ground_texture","66612","not_yet_hashed","schg_cas01","unknown","not_verified"
"data/texture/기타마을내부/st_bi_fix01.bmp","ground_texture","66208","not_yet_hashed","bra_in01;grademk;paramk","unknown","not_verified"
"data/texture/기타마을내부/st_bi_fix02.bmp","ground_texture","33844","not_yet_hashed","kh_dun02","unknown","not_verified"
"data/texture/기타마을내부/st_bi_fix03.bmp","ground_texture","66612","not_yet_hashed","bra_in01;conch_in;lasa_in01;ma_in01;mal_in02;s_atelier","unknown","not_verified"
"data/texture/기타마을내부/st_bi_in01.bmp","ground_texture","66612","not_yet_hashed","airplane;airplane2","unknown","not_verified"
"data/texture/기타마을내부/st_bi_in02.bmp","ground_texture","66612","not_yet_hashed","airplane;airplane2","unknown","not_verified"
"data/texture/기타마을내부/ST_IN001.bmp","ground_texture","66612","not_yet_hashed","ein_in01;job_gun","unknown","not_verified"
"data/texture/기타마을내부/ST_IN002.bmp","ground_texture","66612","not_yet_hashed","airport;ein_in01;job_gun;kh_dun02","unknown","not_verified"
"data/texture/기타마을내부/ST_IN003.bmp","ground_texture","66612","not_yet_hashed","ein_fild04;ein_in01;kh_dun02;que_ng","unknown","not_verified"
"data/texture/기타마을내부/ST_IN005.bmp","ground_texture","66612","not_yet_hashed","1@tcamp;ein_in01;kh_dun02;lhz_dun01;que_ng;thor_camp","unknown","not_verified"
"data/texture/기타마을내부/ST_IN006.bmp","ground_texture","66612","not_yet_hashed","1@vrac2;dic_in01;ein_in01;iz_ac02;iz_ac02_a;iz_ac02_b;iz_ac02_c;iz_ac02_d;job_gun;que_ng","unknown","not_verified"
"data/texture/기타마을내부/ST_IN007.bmp","ground_texture","66612","not_yet_hashed","ein_in01;ve_in02","unknown","not_verified"
"data/texture/기타마을내부/ST_IN009.bmp","ground_texture","66612","not_yet_hashed","ein_in01;kh_dun02;lhz_dun01;que_ng","unknown","not_verified"
"data/texture/기타마을내부/ST_IN010.bmp","ground_texture","66612","not_yet_hashed","ein_in01;job_gun;kh_dun02;lhz_dun01;ve_in02","unknown","not_verified"
"data/texture/기타마을내부/ST_IN011.bmp","ground_texture","66612","not_yet_hashed","ch1zero3;ch1zero4;kh_kiehl01;lhz_dun01;lhz_dun04;que_lhz;ve_in02","unknown","not_verified"
"data/texture/기타마을내부/ST_INO05.bmp","ground_texture","66612","not_yet_hashed","lhz_dun01","unknown","not_verified"
"data/texture/기타마을내부/ST_INO06.bmp","ground_texture","66612","not_yet_hashed","lhz_dun01","unknown","not_verified"
"data/texture/기타마을내부/ST_INO07.bmp","ground_texture","66612","not_yet_hashed","1@vrac2;iz_ac02;iz_ac02_a;iz_ac02_b;iz_ac02_c;iz_ac02_d","unknown","not_verified"
"data/texture/기타마을내부/ST_INW.bmp","ground_texture","66612","not_yet_hashed","1@tcamp;airport;ein_in01;job_gun;kh_dun02;que_ng;thor_camp","unknown","not_verified"
"data/texture/기타마을내부/st_ne01.bmp","ground_texture","66612","not_yet_hashed","1@gol1;ch1zero2;kh_dun02;lhz_dun01;lhz_dun02;que_bingo","unknown","not_verified"
"data/texture/기타마을내부/st_ne02.bmp","ground_texture","66612","not_yet_hashed","1@gol1;kh_dun02","unknown","not_verified"
"data/texture/기타마을내부/ST_tile001.bmp","ground_texture","66612","not_yet_hashed","airport;ein_d02_i;ein_dun02;ein_fild02;ein_fild09;ein_in01;job_gun;kh_dun02;que_ng;rebel_in","unknown","not_verified"
"data/texture/기타마을내부/ST_tile002.bmp","ground_texture","66612","not_yet_hashed","1@tcamp;1@vrac2;airport;ein_fild09;ein_in01;einbech;iz_ac02;iz_ac02_a;iz_ac02_b;iz_ac02_c;iz_ac02_d;job_gun;kh_dun02;que_ng;ra_in01;s_atelier;thor_camp;ve_in","unknown","not_verified"
"data/texture/기타마을내부/ST_tile003.bmp","ground_texture","33844","not_yet_hashed","1@tcamp;ein_fild04;ein_fild09;ein_in01;einbroch;job_gun;lhz_in03;que_ng;thor_camp","unknown","not_verified"
"data/texture/기타마을내부/ST_tile004.bmp","ground_texture","66612","not_yet_hashed","1@mcd;1@swat;airport;ein_fild04;ein_fild05;ein_fild08;ein_fild09;ein_in01;einbech;einbroch;job_gun;jupe_area1;jupe_area2;jupe_ele;jupe_ele_r;kh_dun01;kh_kiehl02;lhz_fild02;lhz_in02;que_swat","unknown","not_verified"
"data/texture/기타마을내부/ST_tile005.bmp","ground_texture","17460","not_yet_hashed","ein_in01;einbech;job_gun;kh_dun02;que_ng;ve_in02","unknown","not_verified"
"data/texture/기타마을내부/ST_tile006.bmp","ground_texture","17460","not_yet_hashed","ein_in01","unknown","not_verified"
"data/texture/기타마을내부/ST_tile007.bmp","ground_texture","66612","not_yet_hashed","ein_in01;job_gun;kh_school;ma_in01;moc_para01;que_house_s;que_rachel;ra_in01;ra_temin","unknown","not_verified"
"data/texture/기타마을내부/ST_tile008.bmp","ground_texture","33844","not_yet_hashed","airplane;airplane2;ein_in01;kh_school;que_rachel;ra_temin","unknown","not_verified"
"data/texture/기타마을내부/ST_tile009.bmp","ground_texture","17460","not_yet_hashed","ein_in01;que_ng","unknown","not_verified"
"data/texture/기타마을내부/ST_tile010.bmp","ground_texture","66612","not_yet_hashed","1@gol1;1@gol2;1@rgsr;1@swat;1@vrhha;1@whl;2025arena5;air_if;airport;amicit01;amicitia1;ba_2whs01;ch1zero1;ch1zero3;ch1zero4;ein_fild04;ein_fild08;ein_fild09;ein_in01;einbroch;job_gun;kh_dun02;kh_kiehl02;lhz_dun_n;lhz_dun03;lhz_dun04;lighthalzen;que_lhz;que_ng;que_swat;rgsr_in;slabw01;un_bk_q;un_bunker;ve_in02","unknown","not_verified"
"data/texture/기타마을내부/ST_tile012.bmp","ground_texture","9128","not_yet_hashed","1@air1;1@air2;airplane;airplane2","unknown","not_verified"
"data/texture/기타마을내부/ST_tile013.bmp","ground_texture","17460","not_yet_hashed","1@air1;1@air2;airplane;airplane2","unknown","not_verified"
"data/texture/기타마을내부/ST_tile014.bmp","ground_texture","17456","not_yet_hashed","1@air1;1@air2;airplane;airplane2","unknown","not_verified"
"data/texture/기타마을내부/ST_tile015.bmp","ground_texture","17456","not_yet_hashed","1@air1;1@air2;airplane;airplane2","unknown","not_verified"
"data/texture/기타마을내부/T_do001.bmp","ground_texture","66612","not_yet_hashed","ayo_in01","unknown","not_verified"
"data/texture/기타마을내부/T_inbt001.bmp","ground_texture","17460","not_yet_hashed","ayo_in01;ayo_in02;bra_in01;tha_t01","unknown","not_verified"
"data/texture/기타마을내부/T_inbt002.bmp","ground_texture","17460","not_yet_hashed","ayo_in02;schg_cas03","unknown","not_verified"
"data/texture/기타마을내부/T_inbt003.bmp","ground_texture","17460","not_yet_hashed","ayo_in02","unknown","not_verified"
"data/texture/기타마을내부/T_inbt004.bmp","ground_texture","66612","not_yet_hashed","1@gl_he;1@gl_he2;1@gol1;1@spa;1@vrac2;2@gl_k;2@gl_k2;2@gl_kh;auction_02;ayo_in01;ayo_in02;bra_in01;iz_ac02;iz_ac02_a;iz_ac02_b;iz_ac02_c;iz_ac02_d;lhz_in02;schg_cas03;tha_t01","unknown","not_verified"
"data/texture/기타마을내부/T_inca001.bmp","ground_texture","33844","not_yet_hashed","ayo_in01;ayo_in02","unknown","not_verified"
"data/texture/기타마을내부/T_inca002.bmp","ground_texture","17460","not_yet_hashed","ayo_in01","unknown","not_verified"
"data/texture/기타마을내부/T_inca003.bmp","ground_texture","17460","not_yet_hashed","ayo_in01","unknown","not_verified"
"data/texture/기타마을내부/T_inca004.bmp","ground_texture","9268","not_yet_hashed","ayo_in02;ein_in01","unknown","not_verified"
"data/texture/기타마을내부/T_inju001.bmp","ground_texture","66612","not_yet_hashed","ayo_in01","unknown","not_verified"
"data/texture/기타마을내부/T_inmin001.bmp","ground_texture","66612","not_yet_hashed","ayo_in01;ayo_in02","unknown","not_verified"
"data/texture/기타마을내부/T_inmin002.bmp","ground_texture","66612","not_yet_hashed","ayo_in01","unknown","not_verified"
"data/texture/기타마을내부/T_inmin003.bmp","ground_texture","66612","not_yet_hashed","ayo_in01","unknown","not_verified"
"data/texture/기타마을내부/T_inmu001.bmp","ground_texture","66612","not_yet_hashed","ayo_in01","unknown","not_verified"
"data/texture/기타마을내부/T_inn001.bmp","ground_texture","66612","not_yet_hashed","ayo_in01","unknown","not_verified"
"data/texture/기타마을내부/T_inob001.bmp","ground_texture","66612","not_yet_hashed","ayo_in02","unknown","not_verified"
"data/texture/기타마을내부/T_inob002.bmp","ground_texture","66612","not_yet_hashed","ayo_in01;ayo_in02","unknown","not_verified"
"data/texture/기타마을내부/T_inob008.bmp","ground_texture","17460","not_yet_hashed","ayo_in01","unknown","not_verified"
"data/texture/기타마을내부/T_inob2.bmp","ground_texture","66612","not_yet_hashed","tha_t03","unknown","not_verified"
"data/texture/기타마을내부/T_sa001.bmp","ground_texture","66612","not_yet_hashed","ayo_in02","unknown","not_verified"
"data/texture/기타마을내부/T_sa002.bmp","ground_texture","66612","not_yet_hashed","ayo_in01;ayo_in02","unknown","not_verified"
"data/texture/기타마을내부/T_tile004.bmp","ground_texture","33844","not_yet_hashed","ayo_in01","unknown","not_verified"
"data/texture/기타마을내부/T_tile006.bmp","ground_texture","33844","not_yet_hashed","ayo_in01","unknown","not_verified"
"data/texture/기타마을내부/ta_basket.bmp","ground_texture","66612","not_yet_hashed","cave","unknown","not_verified"
"data/texture/기타마을내부/tai_sinbal copy.bmp","ground_texture","196664","not_yet_hashed","1@pop1;ra_temsky","unknown","not_verified"
"data/texture/기타마을내부/TN_in001.bmp","ground_texture","66612","not_yet_hashed","1@gl_he;1@gl_he2;1@gl_k;1@gl_k2;1@gl_kh;2@gl_k;2@gl_k2;2@gl_kh;abbey02;evt_bomb;tha_t01;tha_t02;tha_t03;tha_t04;tha_t05;tha_t06","unknown","not_verified"
"data/texture/기타마을내부/TN_in003.bmp","ground_texture","66612","not_yet_hashed","1@gl_he;1@gl_he2;1@gl_k;1@gl_k2;1@gl_kh;2@gl_k;2@gl_k2;2@gl_kh;2@thts;tha_t01;tha_t02;tha_t03;tha_t05;tha_t07","unknown","not_verified"
"data/texture/기타마을내부/TN_in004.bmp","ground_texture","66612","not_yet_hashed","1@gl_he;1@gl_he2;2@gl_k;2@gl_k2;2@gl_kh;evt_bomb;tha_t01;tha_t03","unknown","not_verified"
"data/texture/기타마을내부/TN_in005.bmp","ground_texture","66612","not_yet_hashed","1@gl_he;1@gl_he2;2@gl_k;2@gl_k2;2@gl_kh;tha_t01;tha_t02;tha_t03;tha_t04;tha_t05;tha_t06","unknown","not_verified"
"data/texture/기타마을내부/TN_in006.bmp","ground_texture","66612","not_yet_hashed","1@gl_he;1@gl_he2;1@gl_k;1@gl_k2;1@gl_kh;1@thts;2@gl_k;2@gl_k2;2@gl_kh;2@thts;abbey02;evt_bomb;tha_t01;tha_t02;tha_t03;tha_t05;tha_t07;thana_step","unknown","not_verified"
"data/texture/기타마을내부/TN_in007.bmp","ground_texture","66612","not_yet_hashed","1@gl_he;1@gl_he2;1@gl_k;1@gl_k2;1@gl_kh;2@gl_k;2@gl_k2;2@gl_kh;5@thts;evt_bomb;tha_t01;tha_t02;tha_t05;tha_t10","unknown","not_verified"
"data/texture/기타마을내부/TN_in008.bmp","ground_texture","66612","not_yet_hashed","2@thts;abbey03;tha_t04;tha_t05;tha_t07","unknown","not_verified"
"data/texture/기타마을내부/TN_in009.bmp","ground_texture","66612","not_yet_hashed","2@thts;abbey03;tha_t01;tha_t02;tha_t04;tha_t05;tha_t07","unknown","not_verified"
"data/texture/기타마을내부/TN_in010.bmp","ground_texture","66612","not_yet_hashed","1@gl_he;1@gl_he2;1@gl_k;1@gl_k2;1@gl_kh;2@gl_k;2@gl_k2;2@gl_kh;3@thts;abbey02;tha_t01;tha_t02;tha_t05;tha_t08","unknown","not_verified"
"data/texture/기타마을내부/TN_in011.bmp","ground_texture","66612","not_yet_hashed","6@thts;evt_bomb;tha_t01;tha_t04;tha_t05;tha_t11","unknown","not_verified"
"data/texture/기타마을내부/TN_in012.bmp","ground_texture","66612","not_yet_hashed","1@mir;2@mir;6@thts;tha_t01;tha_t05;tha_t11","unknown","not_verified"
"data/texture/기타마을내부/TN_in013.bmp","ground_texture","66612","not_yet_hashed","6@thts;evt_bomb;tha_t01;tha_t05;tha_t11","unknown","not_verified"
"data/texture/기타마을내부/TN_in014.bmp","ground_texture","66612","not_yet_hashed","1@tnm1;1@vrac1;4@thts;evt_bomb;iz_ac01;iz_ac01_a;iz_ac01_b;iz_ac01_c;iz_ac01_d;tha_t01;tha_t02;tha_t03;tha_t05;tha_t09","unknown","not_verified"
"data/texture/기타마을내부/TN_in015.bmp","ground_texture","17460","not_yet_hashed","1@gl_k;1@gl_k2;1@gl_kh;1@tnm1;5@thts;7@thts;tha_t01;tha_t02;tha_t05;tha_t06;tha_t10;tha_t12","unknown","not_verified"
"data/texture/기타마을내부/TN_in016.bmp","ground_texture","66612","not_yet_hashed","1@tnm1;1@vrac2;7@thts;evt_bomb;iz_ac02;iz_ac02_a;iz_ac02_b;iz_ac02_c;iz_ac02_d;tha_t01;tha_t02;tha_t05;tha_t12","unknown","not_verified"
"data/texture/기타마을내부/TN_in017.bmp","ground_texture","66612","not_yet_hashed","1@gl_k;1@gl_k2;1@gl_kh;1@thts;2@thts;evt_bomb;tha_t01;tha_t05;tha_t07;thana_step","unknown","not_verified"
"data/texture/기타마을내부/TN_in018.bmp","ground_texture","66612","not_yet_hashed","1@gl_k;1@gl_k2;1@gl_kh;1@gol1;1@tnm1;1@vrac1;1@vrac2;4@thts;evt_bomb;iz_ac01;iz_ac01_a;iz_ac01_b;iz_ac01_c;iz_ac01_d;iz_ac02;iz_ac02_a;iz_ac02_b;iz_ac02_c;iz_ac02_d;tha_t01;tha_t02;tha_t03;tha_t04;tha_t05;tha_t09","unknown","not_verified"
"data/texture/기타마을내부/TN_in019.bmp","ground_texture","66612","not_yet_hashed","1@gl_k;1@gl_k2;1@gl_kh;4@thts;evt_bomb;tha_t01;tha_t02;tha_t09","unknown","not_verified"
"data/texture/기타마을내부/TN_in401.bmp","ground_texture","66612","not_yet_hashed","1@thts;6@thts;abbey02;abbey03;arug_cas02;s_atelier;tha_t01;tha_t04;tha_t05;tha_t11;thana_step","unknown","not_verified"
"data/texture/기타마을내부/TN_in402.bmp","ground_texture","66612","not_yet_hashed","2@thts;5@thts;abbey02;arug_cas02;evt_bomb;tha_t01;tha_t02;tha_t04;tha_t05;tha_t06;tha_t07;tha_t10","unknown","not_verified"
"data/texture/기타마을내부/TN_in403.bmp","ground_texture","66612","not_yet_hashed","2@thts;evt_bomb;tha_t01;tha_t02;tha_t05;tha_t07","unknown","not_verified"
"data/texture/기타마을내부/TN_in404.bmp","ground_texture","66612","not_yet_hashed","1@spa;1@tnm1;1@tnm2;1@vrac2;3@thts;4@thts;6@thts;8@thts;arug_cas02;evt_bomb;iz_ac02;iz_ac02_a;iz_ac02_b;iz_ac02_c;iz_ac02_d;tha_t01;tha_t02;tha_t03;tha_t04;tha_t05;tha_t06;tha_t08;tha_t09;tha_t11;thana_boss","unknown","not_verified"
"data/texture/기타마을내부/TN_in405.bmp","ground_texture","66612","not_yet_hashed","1@mir;1@tnm1;1@vrac2;2@mir;3@thts;4@thts;5@thts;6@thts;abbey02;arug_cas03;evt_bomb;iz_ac02;iz_ac02_a;iz_ac02_b;iz_ac02_c;iz_ac02_d;s_atelier;tha_t01;tha_t05;tha_t06;tha_t08;tha_t09;tha_t10;tha_t11","unknown","not_verified"
"data/texture/기타마을내부/TN_in406.bmp","ground_texture","66612","not_yet_hashed","1@gl_he;1@gl_he2;1@lost;1@rgsr;1@thts;1@tnm1;1@vrac2;1@vrhha;2@gl_k;2@gl_k2;2@gl_kh;2@thts;4@thts;ba_lost;evt_bomb;iz_ac02;iz_ac02_a;iz_ac02_b;iz_ac02_c;iz_ac02_d;rgsr_in;tha_t01;tha_t02;tha_t03;tha_t04;tha_t05;tha_t06;tha_t07;tha_t09;thana_step;un_bk_q;un_bunker","unknown","not_verified"
"data/texture/기타마을내부/TN_in407.bmp","ground_texture","66612","not_yet_hashed","1@thts;1@tnm1;1@vrac1;2@thts;7@thts;abbey02;arug_cas02;evt_bomb;iz_ac01;iz_ac01_a;iz_ac01_b;iz_ac01_c;iz_ac01_d;tha_t01;tha_t02;tha_t03;tha_t04;tha_t05;tha_t06;tha_t07;tha_t12;thana_step","unknown","not_verified"
"data/texture/기타마을내부/TN_in408.bmp","ground_texture","66612","not_yet_hashed","1@thts;1@tnm1;evt_bomb;tha_t01;thana_step","unknown","not_verified"
"data/texture/기타마을내부/uno_bottom01.bmp","ground_texture","196664","not_yet_hashed","1@tnm3;auction_02;bat_room;kh_dun01;kh_school;kh_vila;que_ba;que_god01;schg_cas01;schg_cas02;yuno_in01;yuno_in02;yuno_in03;yuno_in04;yuno_pre","unknown","not_verified"
"data/texture/기타마을내부/uno_bottom02.BMP","ground_texture","196664","not_yet_hashed","1@tnm3;auction_02;bat_room;grademk;kh_dun01;kh_kiehl01;kh_school;kh_vila;paramk;que_ba;que_dan02;que_god01;s_atelier;schg_cas01;schg_cas02;schg_dun01;sec_in01;yuno_in01;yuno_in02;yuno_in03;yuno_in04;yuno_pre","unknown","not_verified"
"data/texture/기타마을내부/uno_bottom03.BMP","ground_texture","196664","not_yet_hashed","1@tnm3;1@vrac2;alde_alche;bat_room;iz_ac02;iz_ac02_a;iz_ac02_b;iz_ac02_c;iz_ac02_d;schg_cas01;schg_cas02;yuno_in02;yuno_in03;yuno_in04;yuno_pre","unknown","not_verified"
"data/texture/기타마을내부/uno_bottom04.BMP","ground_texture","196664","not_yet_hashed","1@tnm3;1@vrac2;alde_alche;bat_room;iz_ac02;iz_ac02_a;iz_ac02_b;iz_ac02_c;iz_ac02_d;schg_cas01;schg_cas02;sec_in01;yuno_in02;yuno_in03;yuno_in04;yuno_pre","unknown","not_verified"
"data/texture/기타마을내부/uno_bottom05.BMP","ground_texture","196664","not_yet_hashed","1@gol1;1@mcd;1@slw;1@swat;1@vrhha;alde_alche;bat_room;ein_fild04;ein_fild08;einbech;einbroch;jupe_ele_r;juperos_01;juperos_02;kh_dun01;kh_dun02;kh_kiehl01;kh_school;lhz_fild02;que_ba;que_swat;schg_cas01;yuno_in03;yuno_in05","unknown","not_verified"
"data/texture/기타마을내부/uno_bottom06.BMP","ground_texture","66612","not_yet_hashed","1@gl_he;1@gl_he2;1@gl_k;1@gl_k2;1@gl_kh;1@tnm3;1@vrac1;2@gl_k;2@gl_k2;2@gl_kh;abbey02;arug_cas03;auction_02;bat_room;hu_in01;iz_ac01;iz_ac01_a;iz_ac01_b;iz_ac01_c;iz_ac01_d;jawaii_in;juperos_02;kh_kiehl01;kh_vila;lhz_in02;lhz_in03;que_ba;que_bingo;que_dan02;que_god01;que_rachel;ra_in01;ra_temin;schg_cas01;schg_cas02;schg_cas03;ve_in;yuno_in01;yuno_in02;yuno_in03;yuno_in04;yuno_pre","unknown","not_verified"
"data/texture/기타마을내부/uno_bottom07.bmp","ground_texture","196664","not_yet_hashed","1@4inq;1@tnm3;2@cata;bat_room;que_god01;schg_cas01;schg_cas02;sec_in01;yuno_in01;yuno_in02;yuno_in03","unknown","not_verified"
"data/texture/기타마을내부/uno_gidung copy.bmp","ground_texture","196664","not_yet_hashed","bat_room","unknown","not_verified"
"data/texture/기타마을내부/uno_in01.BMP","ground_texture","66612","not_yet_hashed","1@tnm3;1@vrac1;auction_02;bat_room;iz_ac01;iz_ac01_a;iz_ac01_b;iz_ac01_c;iz_ac01_d;juperos_02;kh_dun02;kh_kiehl01;kh_school;kh_vila;que_dan02;que_god01;s_atelier;schg_cas01;schg_cas02;sec_in01;yuno_in01;yuno_in03;yuno_in04;yuno_pre","unknown","not_verified"
"data/texture/기타마을내부/uno_in02.BMP","ground_texture","196664","not_yet_hashed","1@mcd;1@tnm3;1@vrac1;auction_02;bat_room;gonryun;iz_ac01;iz_ac01_a;iz_ac01_b;iz_ac01_c;iz_ac01_d;juperos_02;kh_dun02;que_god01;ra_in01;ve_in;yuno_in01;yuno_in03;yuno_in04;yuno_pre","unknown","not_verified"
"data/texture/기타마을내부/uno_in03.BMP","ground_texture","196664","not_yet_hashed","1@gol1;1@mcd;1@tnm3;2@nyr;abbey02;auction_02;bat_room;cave;hu_in01;juperos_02;kh_dun02;kh_kiehl01;kh_mansion;kh_rossi;kh_school;kh_vila;lhz_dun01;lhz_dun02;lhz_in01;lhz_in02;lhz_in03;que_ba;que_dan02;que_god01;ra_san04;s_atelier;schg_cas01;sec_in01;yuno_in01;yuno_in02;yuno_in03;yuno_in04;yuno_pre","unknown","not_verified"
"data/texture/기타마을내부/uno_in04.BMP","ground_texture","196664","not_yet_hashed","1@tnm3;1@vrac1;bat_room;iz_ac01;iz_ac01_a;iz_ac01_b;iz_ac01_c;iz_ac01_d;juperos_02;kh_school;kh_vila;que_ba;que_dan02;que_god01;s_atelier;schg_cas01;schg_cas02;sec_in01;yuno_in01;yuno_in02;yuno_in03;yuno_in04;yuno_pre","unknown","not_verified"
"data/texture/기타마을내부/uno_in05.bmp","ground_texture","196664","not_yet_hashed","1@mcd;1@tnm3;1@vrgen;ch1zero2;job3_gen01;juperos_02;kh_dun02;kh_kiehl01;kh_school;kh_vila;lhz_dun01;lhz_dun02;que_god01;s_atelier;schg_cas01;sec_in01;vr_gen;yuno_in01;yuno_in03;yuno_in04;yuno_pre","unknown","not_verified"
"data/texture/기타마을내부/uno_in06.BMP","ground_texture","196664","not_yet_hashed","1@mcd;alde_alche;juperos_02;kh_dun01;kh_kiehl01;kh_school;que_god01;schg_cas01;yuno_in03","unknown","not_verified"
"data/texture/기타마을내부/uno_in07.BMP","ground_texture","98360","not_yet_hashed","1@mcd;1@tnm3;1@vrac1;alde_alche;auction_02;bat_room;grademk;iz_ac01;iz_ac01_a;iz_ac01_b;iz_ac01_c;iz_ac01_d;juperos_02;kh_dun02;kh_kiehl01;kh_school;kh_vila;lhz_dun01;paramk;que_ba;que_dan02;que_god01;s_atelier;schg_cas01;schg_cas02;schg_dun01;yuno_fild10;yuno_in01;yuno_in02;yuno_in03;yuno_in04;yuno_pre","unknown","not_verified"
"data/texture/기타마을내부/up_bott01.BMP","ground_texture","196664","not_yet_hashed","1@4mst;1@gol1;1@mcd;1@tcamp;jupe_area1;jupe_area2;jupe_core;jupe_ele;jupe_ele_r;jupe_gate;juperos_02;kh_dun02;kh_kiehl01;kh_kiehl02;kh_vila;schg_cas01;schg_dun01;thor_camp;ver_eju","unknown","not_verified"
"data/texture/기타마을내부/up_bott02.BMP","ground_texture","196664","not_yet_hashed","1@4mst;1@gol1;1@mcd;1@tcamp;jupe_area1;jupe_area2;jupe_core;jupe_ele;jupe_ele_r;jupe_gate;juperos_01;juperos_02;kh_dun01;kh_kiehl01;kh_kiehl02;kh_vila;que_ba;schg_cas01;schg_dun01;thor_camp;ver_eju","unknown","not_verified"
"data/texture/기타마을내부/up_in01.BMP","ground_texture","196664","not_yet_hashed","1@4mst;1@gol1;1@mcd;1@slw;1@tcamp;1@vrev;1@whl;air_if;amicit01;amicit02;amicitia1;amicitia2;ch2gms;jupe_area1;jupe_area2;jupe_core;jupe_ele;jupe_ele_r;jupe_gate;juperos_02;kh_dun01;kh_dun02;kh_kiehl01;kh_kiehl02;kh_vila;schg_cas01;schg_dun01;slabw01;thor_camp;ver_eju","unknown","not_verified"
"data/texture/기타마을내부/up_in02.bmp","ground_texture","196664","not_yet_hashed","1@4mst;1@gol1;1@mcd;1@tcamp;jupe_area1;jupe_area2;jupe_core;jupe_ele_r;juperos_02;kh_kiehl01;kh_kiehl02;kh_vila;schg_cas01;schg_dun01;thor_camp","unknown","not_verified"
"data/texture/기타마을내부/up_in03.bmp","ground_texture","196664","not_yet_hashed","1@4mst;1@gol1;1@mcd;jupe_area1;jupe_area2;jupe_core;jupe_ele;jupe_ele_r;juperos_02;kh_dun01;kh_dun02;kh_kiehl01;kh_kiehl02;kh_vila;schg_cas01;schg_dun01","unknown","not_verified"
"data/texture/기타마을내부/ve_bar.bmp","ground_texture","66612","not_yet_hashed","job3_guil01;job3_guil02;ve_in","unknown","not_verified"
"data/texture/기타마을내부/ve_bottom.bmp","ground_texture","66612","not_yet_hashed","arug_cas01;job3_guil01;job3_guil02;ve_in;ve_in02","unknown","not_verified"
"data/texture/기타마을내부/ve_normal.bmp","ground_texture","66612","not_yet_hashed","job3_guil01;ve_in","unknown","not_verified"
"data/texture/기타마을내부/ve_shop bottom.bmp","ground_texture","66612","not_yet_hashed","1@tcamp;arug_cas01;job3_guil01;job3_guil02;thor_camp;ve_in;ve_in02","unknown","not_verified"
"data/texture/기타마을내부/ve_wall.bmp","ground_texture","66612","not_yet_hashed","arug_cas01;grademk;job3_guil01;job3_guil02;paramk;ve_fild04;ve_in","unknown","not_verified"
"data/texture/기타마을내부/ve_weapon shop.bmp","ground_texture","66612","not_yet_hashed","job3_guil01;ve_in","unknown","not_verified"
"data/texture/기타마을내부/whi_hwasalde copy.bmp","ground_texture","196664","not_yet_hashed","hu_in01","unknown","not_verified"
"data/texture/기타마을내부/whi_mugijang copy.bmp","ground_texture","196664","not_yet_hashed","hu_in01","unknown","not_verified"
"data/texture/기타마을내부/xmas_so2.bmp","ground_texture","66612","not_yet_hashed","que_sign01","unknown","not_verified"
"data/texture/기타마을내부/xmas_교회.bmp","ground_texture","66612","not_yet_hashed","xmas_in","unknown","not_verified"
"data/texture/기타마을내부/xmas_무기도구.bmp","ground_texture","66612","not_yet_hashed","xmas_in","unknown","not_verified"
"data/texture/기타마을내부/xmas_민가.bmp","ground_texture","66612","not_yet_hashed","xmas_in","unknown","not_verified"
"data/texture/기타마을내부/xmas_바닥1.bmp","ground_texture","66612","not_yet_hashed","xmas_in","unknown","not_verified"
"data/texture/기타마을내부/xmas_바닥2.bmp","ground_texture","66616","not_yet_hashed","xmas_in","unknown","not_verified"
"data/texture/기타마을내부/xmas_산타집.bmp","ground_texture","66612","not_yet_hashed","xmas_in","unknown","not_verified"
"data/texture/기타마을내부/xmas_상점.bmp","ground_texture","66612","not_yet_hashed","xmas_in","unknown","not_verified"
"data/texture/기타마을내부/xmas-candy.bmp","ground_texture","66612","not_yet_hashed","alde_tt02","unknown","not_verified"
"data/texture/기타마을내부/거북집.bmp","ground_texture","66616","not_yet_hashed","tur_d04_i;tur_d04ia;tur_d04ib;tur_dun04","unknown","not_verified"
"data/texture/기타마을내부/거북집바닥.bmp","ground_texture","66616","not_yet_hashed","conch_in;guild_vs2;lasa_in01;lou_dun01;lou_dun03;lou_in01;mal_in02;payg_cas05;tur_d04_i;tur_d04ia;tur_d04ib;tur_dun04","unknown","not_verified"
"data/texture/기타마을내부/거북집바닥2.bmp","ground_texture","66616","not_yet_hashed","guild_vs2;lou_in01;payg_cas02;tur_d04_i;tur_d04ia;tur_d04ib;tur_dun04","unknown","not_verified"
"data/texture/기타마을내부/동굴마을_in_01.bmp","ground_texture","66612","not_yet_hashed","cave","unknown","not_verified"
"data/texture/기타마을내부/동굴마을_in_02.bmp","ground_texture","66612","not_yet_hashed","cave","unknown","not_verified"
"data/texture/기타마을내부/시계탑내부바닥01.bmp","ground_texture","66612","not_yet_hashed","1@4igd;1@mcd;alde_dun01;alde_dun02;alde_dun03;alde_dun04;alde_tt02;aldeg_cas01;aldeg_cas03;beach_dun;bl_depth2;c_tower1;c_tower2;c_tower2_;c_tower3;c_tower3_;c_tower4;clock_01;gon_test;guild_vs4;jupe_ele_r;juperos_02;te_aldecas1;te_aldecas3;yuno_in05","unknown","not_verified"
"data/texture/기타마을내부/시계탑내부바닥02.bmp","ground_texture","66612","not_yet_hashed","1@4igd;alde_dun01;alde_dun02;alde_dun04;aldeg_cas03;c_tower1;c_tower2;c_tower2_;c_tower3;c_tower3_;c_tower4;clock_01;guild_vs4;te_aldecas3;yuno_in05","unknown","not_verified"
"data/texture/기타마을내부/시계탑내부바닥03.bmp","ground_texture","66612","not_yet_hashed","1@4igd;1@mcd;alde_dun01;alde_dun02;alde_dun03;alde_dun04;alde_tt02;aldeg_cas01;aldeg_cas03;aldeg_cas04;aldeg_cas05;c_tower1;c_tower2;c_tower2_;c_tower3;c_tower3_;c_tower4;clock_01;guild_vs4;juperos_02;te_aldecas1;te_aldecas3;te_aldecas4;te_aldecas5;yuno_in05","unknown","not_verified"
"data/texture/기타마을내부/시계탑내부바닥04.bmp","ground_texture","66612","not_yet_hashed","1@4igd;1@4mst;1@gl_prq;1@mcd;1@tcamp;alde_dun01;alde_dun02;alde_dun03;alde_dun04;alde_tt02;alde_tt03;aldeg_cas01;aldeg_cas04;beach_dun;bl_depth2;c_tower1;c_tower2;c_tower2_;c_tower3;c_tower3_;c_tower4;clock_01;gl_chyard;gl_chyard_;gl_sew02;guild_vs4;jupe_core;juperos_02;kh_kiehl02;n_castle;pvp_2vs2;que_job02;quiz_01;quiz_02;te_aldecas1;te_aldecas4;thor_camp;yuno_in05","unknown","not_verified"
"data/texture/기타마을내부/시계탑내부벽.bmp","ground_texture","66612","not_yet_hashed","alde_dun02;alde_dun03;aldeg_cas03;aldeg_cas04;bl_depth2;c_tower1;c_tower2;c_tower2_;c_tower3;c_tower3_;c_tower4;te_aldecas3;te_aldecas4","unknown","not_verified"
"data/texture/기타마을내부/시계탑내부벽2.bmp","ground_texture","66612","not_yet_hashed","alde_dun03;bl_depth2;c_tower1;c_tower2;c_tower2_;c_tower3;c_tower3_;c_tower4","unknown","not_verified"
"data/texture/기타마을내부/알베르타바닥0.bmp","ground_texture","66614","not_yet_hashed","alberta_in;aldeg_cas03;aldeg_cas04;aldeg_cas05;jalbe_in;te_aldecas3;te_aldecas4;te_aldecas5","unknown","not_verified"
"data/texture/기타마을내부/자라집.bmp","ground_texture","66616","not_yet_hashed","tur_d04_i;tur_d04ia;tur_d04ib;tur_dun04","unknown","not_verified"
"data/texture/내부소품/alde-in-obj03.bmp","ground_texture","66612","not_yet_hashed","kh_vila","unknown","not_verified"
"data/texture/내부소품/alde-inarch.bmp","ground_texture","66612","not_yet_hashed","gon_dun02;gonryun;valkyrie","unknown","not_verified"
"data/texture/내부소품/alde-incol.bmp","ground_texture","66612","not_yet_hashed","1@4igd;guild_vs4","unknown","not_verified"
"data/texture/내부소품/alde-incol2.bmp","ground_texture","66612","not_yet_hashed","bl_depth2;c_tower3;c_tower3_","unknown","not_verified"
"data/texture/내부소품/alde-inirn01.bmp","ground_texture","66612","not_yet_hashed","1@4igd;c_tower3;c_tower3_;guild_vs4","unknown","not_verified"
"data/texture/내부소품/arch.bmp","ground_texture","66612","not_yet_hashed","ein_fild09","unknown","not_verified"
"data/texture/내부소품/beach_table.bmp","ground_texture","66612","not_yet_hashed","que_dan02","unknown","not_verified"
"data/texture/내부소품/BOBO.bmp","ground_texture","17462","not_yet_hashed","1@gl_he;1@gl_he2;1@gl_k;1@gl_k2;1@gl_kh;1@spa;1@vrac1;2@gl_k;2@gl_k2;2@gl_kh;gl_knt01;grademk;iz_ac01;iz_ac01_a;iz_ac01_b;iz_ac01_c;iz_ac01_d;job3_rune01;paramk;prtg_cas01;prtg_cas03;prtg_cas04;siege_test;te_prtcas01;te_prtcas03;te_prtcas04;tur_d04_i;tur_d04ia;tur_d04ib;tur_dun04","unknown","not_verified"
"data/texture/내부소품/book-00.bmp","ground_texture","33846","not_yet_hashed","prtg_cas04;te_prtcas04","unknown","not_verified"
"data/texture/내부소품/book-1.bmp","ground_texture","33846","not_yet_hashed","1@vrac1;iz_ac01;iz_ac01_a;iz_ac01_b;iz_ac01_c;iz_ac01_d;job3_rune01;prtg_cas04;te_prtcas04","unknown","not_verified"
"data/texture/내부소품/book-side4.bmp","ground_texture","9270","not_yet_hashed","1@vrac1;iz_ac01;iz_ac01_a;iz_ac01_b;iz_ac01_c;iz_ac01_d","unknown","not_verified"
"data/texture/내부소품/bookshield01.BMP","ground_texture","98360","not_yet_hashed","bra_in01;s_atelier","unknown","not_verified"
"data/texture/내부소품/BOS.bmp","ground_texture","9270","not_yet_hashed","prtg_cas01;prtg_cas04;siege_test;te_prtcas01;te_prtcas04","unknown","not_verified"
"data/texture/내부소품/box2-side.bmp","ground_texture","33844","not_yet_hashed","alde_tt02","unknown","not_verified"
"data/texture/내부소품/BOX2.bmp","ground_texture","5174","not_yet_hashed","alde_tt02","unknown","not_verified"
"data/texture/내부소품/BU-SIDE1.bmp","ground_texture","33846","not_yet_hashed","mjo_dun02;yuno_in01","unknown","not_verified"
"data/texture/내부소품/carpet1.bmp","ground_texture","66612","not_yet_hashed","1@gl_he;1@gl_he2;1@gol1;1@spa;1@vrac2;2@gl_k;2@gl_k2;2@gl_kh;bra_in01;iz_ac02;iz_ac02_a;iz_ac02_b;iz_ac02_c;iz_ac02_d;jawaii_in;rebel_in","unknown","not_verified"
"data/texture/내부소품/ch4-side1.bmp","ground_texture","17462","not_yet_hashed","kh_school;payg_cas05","unknown","not_verified"
"data/texture/내부소품/CL-SIDE1.bmp","ground_texture","33846","not_yet_hashed","1@gl_he;1@gl_he2;1@gl_k;1@gl_k2;1@gl_kh;2@gl_k;2@gl_k2;2@gl_kh;gl_knt01;que_rachel;ra_temin","unknown","not_verified"
"data/texture/내부소품/curse_fireb.bmp","ground_texture","66612","not_yet_hashed","nameless_in","unknown","not_verified"
"data/texture/내부소품/DE-SIDE3.bmp","ground_texture","17462","not_yet_hashed","que_rachel;ra_temin","unknown","not_verified"
"data/texture/내부소품/desk2-side1.bmp","ground_texture","9270","not_yet_hashed","kh_vila","unknown","not_verified"
"data/texture/내부소품/desk2-side2.bmp","ground_texture","9270","not_yet_hashed","kh_vila","unknown","not_verified"
"data/texture/내부소품/desk2-side3.bmp","ground_texture","3126","not_yet_hashed","kh_vila","unknown","not_verified"
"data/texture/내부소품/DESK2-UP.bmp","ground_texture","33846","not_yet_hashed","kh_vila;moc_para01;nakhyang;ra_in01","unknown","not_verified"
"data/texture/내부소품/gedan-side1.bmp","ground_texture","33848","not_yet_hashed","kh_mansion;s_atelier","unknown","not_verified"
"data/texture/내부소품/gedan-side2.bmp","ground_texture","33846","not_yet_hashed","kh_mansion;s_atelier","unknown","not_verified"
"data/texture/내부소품/ildesk-side1.bmp","ground_texture","33846","not_yet_hashed","1@gl_he;1@gl_he2;1@gl_k;1@gl_k2;1@gl_kh;1@gl_prq;2@gl_k;2@gl_k2;2@gl_kh;alde_tt02;gl_cas01;gl_cas01_;gl_in01;gl_knt01;moc_para01;nakhyang;payg_cas05","unknown","not_verified"
"data/texture/내부소품/ildesk-side2.bmp","ground_texture","33846","not_yet_hashed","1@vrac1;iz_ac01;iz_ac01_a;iz_ac01_b;iz_ac01_c;iz_ac01_d;payg_cas05","unknown","not_verified"
"data/texture/내부소품/ind3-side1.bmp","ground_texture","9270","not_yet_hashed","alde_tt02","unknown","not_verified"
"data/texture/내부소품/JA-SIDE1.bmp","ground_texture","7030","not_yet_hashed","gl_cas02;gl_cas02_","unknown","not_verified"
"data/texture/내부소품/ja4-side1.bmp","ground_texture","33846","not_yet_hashed","kh_vila","unknown","not_verified"
"data/texture/내부소품/ja7-side1.bmp","ground_texture","17462","not_yet_hashed","gld2_pay","unknown","not_verified"
"data/texture/내부소품/ja7-side2.bmp","ground_texture","17462","not_yet_hashed","gld2_pay;que_rachel;ra_temin","unknown","not_verified"
"data/texture/내부소품/ja8-side1.bmp","ground_texture","33846","not_yet_hashed","alde_tt02;gld2_pay","unknown","not_verified"
"data/texture/내부소품/ja8-side2.bmp","ground_texture","17462","not_yet_hashed","gld2_pay","unknown","not_verified"
"data/texture/내부소품/ja9-side1.bmp","ground_texture","9270","not_yet_hashed","bra_in01;gld2_pay","unknown","not_verified"
"data/texture/내부소품/ja9-side2.bmp","ground_texture","9270","not_yet_hashed","bra_in01;gld2_pay","unknown","not_verified"
"data/texture/내부소품/jang-side1.bmp","ground_texture","17462","not_yet_hashed","kh_school","unknown","not_verified"
"data/texture/내부소품/jang-side2.bmp","ground_texture","17462","not_yet_hashed","kh_school","unknown","not_verified"
"data/texture/내부소품/jangsikjang.bmp","ground_texture","17462","not_yet_hashed","1@gl_k;1@gl_k2;1@gl_kh;1@gl_prq;1@vrac1;gl_cas01;gl_cas01_;gl_in01;gl_knt01;iz_ac01;iz_ac01_a;iz_ac01_b;iz_ac01_c;iz_ac01_d;kh_vila;moc_para01;nakhyang;prtg_cas03;prtg_cas04;que_rachel;ra_temin;te_prtcas03;te_prtcas04","unknown","not_verified"
"data/texture/내부소품/M2-SIDE1.bmp","ground_texture","33846","not_yet_hashed","moc_para01","unknown","not_verified"
"data/texture/내부소품/M2-SIDE2.bmp","ground_texture","18146","not_yet_hashed","kh_vila","unknown","not_verified"
"data/texture/내부소품/mo-castle-st1.bmp","ground_texture","33846","not_yet_hashed","moc_para01","unknown","not_verified"
"data/texture/내부소품/MU-SIDE2.bmp","ground_texture","9270","not_yet_hashed","moc_para01","unknown","not_verified"
"data/texture/내부소품/ni_gge2.bmp","ground_texture","196664","not_yet_hashed","nif_in","unknown","not_verified"
"data/texture/내부소품/ni_pole.bmp","ground_texture","9268","not_yet_hashed","kh_rossi","unknown","not_verified"
"data/texture/내부소품/one-side1.bmp","ground_texture","17462","not_yet_hashed","moc_para01;nakhyang","unknown","not_verified"
"data/texture/내부소품/prmd_wall.bmp","ground_texture","9270","not_yet_hashed","c_tower1","unknown","not_verified"
"data/texture/내부소품/prt_carpet03.bmp","ground_texture","33846","not_yet_hashed","1@gl_he;1@gl_he2;2@gl_k;2@gl_k2;2@gl_kh;c_tower1;c_tower2;c_tower2_;gl_cas01;gl_cas01_;gl_knt01;gl_knt02;job3_rune01;kh_vila","unknown","not_verified"
"data/texture/내부소품/prt_mo_al1.bmp","ground_texture","17460","not_yet_hashed","abbey03","unknown","not_verified"
"data/texture/내부소품/russia_infire01.bmp","ground_texture","66612","not_yet_hashed","mosk_que","unknown","not_verified"
"data/texture/내부소품/russia_infire02.bmp","ground_texture","33740","not_yet_hashed","mosk_que","unknown","not_verified"
"data/texture/내부소품/russia_mone02.bmp","ground_texture","196664","not_yet_hashed","mosk_in","unknown","not_verified"
"data/texture/내부소품/satadbl_01.bmp","ground_texture","17460","not_yet_hashed","que_qsch01","unknown","not_verified"
"data/texture/내부소품/satadbl_02.bmp","ground_texture","17460","not_yet_hashed","que_qsch01","unknown","not_verified"
"data/texture/내부소품/satadbl_03.bmp","ground_texture","17460","not_yet_hashed","que_qsch01","unknown","not_verified"
"data/texture/내부소품/satadbl_04.bmp","ground_texture","17460","not_yet_hashed","que_qsch01","unknown","not_verified"
"data/texture/내부소품/SP1.bmp","ground_texture","17462","not_yet_hashed","bra_in01","unknown","not_verified"
"data/texture/내부소품/T-SIDE.bmp","ground_texture","5174","not_yet_hashed","kh_vila","unknown","not_verified"
"data/texture/내부소품/TABLE-UP.bmp","ground_texture","17462","not_yet_hashed","kh_vila","unknown","not_verified"
"data/texture/내부소품/tanaaltar01.bmp","ground_texture","66612","not_yet_hashed","tha_t02","unknown","not_verified"
"data/texture/내부소품/tanaaltar04.bmp","ground_texture","66612","not_yet_hashed","tha_t02","unknown","not_verified"
"data/texture/내부소품/tanaweapon_3nd_01.bmp","ground_texture","66612","not_yet_hashed","tha_t02","unknown","not_verified"
"data/texture/내부소품/tanaweapon_3nd_02.bmp","ground_texture","66612","not_yet_hashed","1@tnm2;8@thts;thana_boss","unknown","not_verified"
"data/texture/내부소품/TN_ino002.bmp","ground_texture","66612","not_yet_hashed","arug_cas03;tha_t02","unknown","not_verified"
"data/texture/내부소품/TN_ino004.bmp","ground_texture","66612","not_yet_hashed","tha_t02","unknown","not_verified"
"data/texture/내부소품/TN_ino006.bmp","ground_texture","66612","not_yet_hashed","tha_t02","unknown","not_verified"
"data/texture/내부소품/TN_ino013.bmp","ground_texture","66612","not_yet_hashed","arug_cas03","unknown","not_verified"
"data/texture/내부소품/U-SIDE.bmp","ground_texture","5174","not_yet_hashed","lhz_in01;lhz_que01","unknown","not_verified"
"data/texture/내부소품/U-UP.bmp","ground_texture","9270","not_yet_hashed","lhz_in01;lhz_que01","unknown","not_verified"
"data/texture/내부소품/xmas_die1.bmp","ground_texture","66612","not_yet_hashed","1@xm_d;1@xm_d2;quiz_00;xmas_dun01;xmas_dun02","unknown","not_verified"
"data/texture/내부소품/xmas-s1.bmp","ground_texture","66612","not_yet_hashed","1@xm_d;1@xm_d2;xmas_dun02","unknown","not_verified"
"data/texture/내부소품/xmas-s3.bmp","ground_texture","66612","not_yet_hashed","1@xm_d;1@xm_d2;2025arena2;2025arena5;25ros03_01;xmas_dun01;xmas_dun02","unknown","not_verified"
"data/texture/내부소품/xmas-s4.bmp","ground_texture","66612","not_yet_hashed","1@xm_d;1@xm_d2;2025arena2;2025arena5;25ros03_01;xmas_dun01;xmas_dun02","unknown","not_verified"
"data/texture/내부소품/xmas-s5.bmp","ground_texture","66612","not_yet_hashed","1@xm_d;1@xm_d2;quiz_00;xmas_dun02","unknown","not_verified"
"data/texture/모로코/mo-castle-w5.bmp","ground_texture","66612","not_yet_hashed","moc_fild16;moc_ruins;morocc;quiz_01;tra_fild01;tra_fild02;tra_fild03","unknown","not_verified"
"data/texture/모로코/MO-SHOP3.bmp","ground_texture","66612","not_yet_hashed","auction_01","unknown","not_verified"
"data/texture/모로코/moc_ruins02.bmp","ground_texture","66612","not_yet_hashed","cmd_fild07;guild_vs3","unknown","not_verified"
"data/texture/모로코/moc_ruins03.bmp","ground_texture","66612","not_yet_hashed","cmd_fild04","unknown","not_verified"
"data/texture/모로코/moc_runbw.bmp","ground_texture","66612","not_yet_hashed","bat_a01;cmd_fild06;cmd_fild07;cmd_fild08;cmd_fild09","unknown","not_verified"
"data/texture/모로코/moc_runbw2.bmp","ground_texture","66612","not_yet_hashed","cmd_fild06;cmd_fild08","unknown","not_verified"
"data/texture/모로코/moc_stone copy.bmp","ground_texture","196664","not_yet_hashed","1@nyd","unknown","not_verified"
"data/texture/모로코/moc-assin2.bmp","ground_texture","66612","not_yet_hashed","cmd_fild07;moc_fild16","unknown","not_verified"
"data/texture/모로코/moc-assin3.bmp","ground_texture","66612","not_yet_hashed","cmd_fild07;in_moc_16;moc_fild16","unknown","not_verified"
"data/texture/모로코/moc-assin5.bmp","ground_texture","66612","not_yet_hashed","in_moc_16","unknown","not_verified"
"data/texture/모로코/moc-assin7.bmp","ground_texture","66612","not_yet_hashed","moc_fild16","unknown","not_verified"
"data/texture/모로코/SS10.bmp","ground_texture","5052","not_yet_hashed","moc_fild22;moc_fild22b","unknown","not_verified"
"data/texture/모로코내부/in_sphinx_01.bmp","ground_texture","66612","not_yet_hashed","1@gat;auction_01;in_sphinx1;in_sphinx2;in_sphinx3;in_sphinx4;in_sphinx5","unknown","not_verified"
"data/texture/모로코내부/in_sphinx_02.bmp","ground_texture","66612","not_yet_hashed","1@gat;auction_01;guild_vs3;in_sphinx1;in_sphinx2;in_sphinx3;in_sphinx4;in_sphinx5","unknown","not_verified"
"data/texture/모로코내부/in_sphinx_03.bmp","ground_texture","66612","not_yet_hashed","1@gat;auction_01;guild_vs3;in_sphinx1;in_sphinx2;in_sphinx3;in_sphinx4;in_sphinx5","unknown","not_verified"
"data/texture/모로코내부/in_sphinx_04.bmp","ground_texture","66612","not_yet_hashed","1@gat;auction_01;guild_vs3;in_sphinx1;in_sphinx2;in_sphinx3;in_sphinx4;in_sphinx5","unknown","not_verified"
"data/texture/모로코내부/mo-castle-wall1.bmp","ground_texture","17460","not_yet_hashed","moc_castle;moc_para01;morocc_in;nakhyang;prt_pri00","unknown","not_verified"
"data/texture/모로코내부/mo-castle-wall2.bmp","ground_texture","17460","not_yet_hashed","moc_castle;moc_para01;morocc_in;prt_pri00","unknown","not_verified"
"data/texture/모로코내부/mo-cstlw1-1.bmp","ground_texture","66612","not_yet_hashed","cmd_in01;moc_castle;moc_para01;morocc_in;prt_pri00;sec_in01","unknown","not_verified"
"data/texture/모로코내부/mo-cstlw1-2.bmp","ground_texture","33844","not_yet_hashed","moc_castle;moc_para01;morocc_in;prt_pri00","unknown","not_verified"
"data/texture/모로코내부/mo-cstlw2-1.bmp","ground_texture","66612","not_yet_hashed","moc_castle;moc_para01;morocc_in;prt_pri00;sec_in01","unknown","not_verified"
"data/texture/모로코내부/mo-cstlw2-2.bmp","ground_texture","33844","not_yet_hashed","moc_castle;moc_para01;prt_pri00","unknown","not_verified"
"data/texture/모로코내부/mo-pyra-c1.bmp","ground_texture","17460","not_yet_hashed","moc_para01","unknown","not_verified"
"data/texture/모로코내부/mo-tile-000.bmp","ground_texture","17460","not_yet_hashed","moc_castle;moc_para01;prt_pri00","unknown","not_verified"
"data/texture/모로코내부/moc_tile-00.bmp","ground_texture","17460","not_yet_hashed","morocc_in;nakhyang","unknown","not_verified"
"data/texture/모로코내부/moc_tile-02.bmp","ground_texture","33844","not_yet_hashed","2@vrclo;alberta_in;jalbe_in;moc_prydb1;new_zone04;prt_in;que_job01;vr_clo2;x_prt_in","unknown","not_verified"
"data/texture/모로코내부/moc_tile02.bmp","ground_texture","33844","not_yet_hashed","auction_01;in_rogue;job3_guil01;moc_para01;morocc_in;nakhyang;que_job01;quiz_01;quiz_02;ra_in01;sec_in01","unknown","not_verified"
"data/texture/모로코내부/moc_wall00.bmp","ground_texture","66612","not_yet_hashed","jawaii_in;job3_guil01;morocc_in;que_job01","unknown","not_verified"
"data/texture/모로코내부/moc_wall01.bmp","ground_texture","66612","not_yet_hashed","morocc_in;que_job01","unknown","not_verified"
"data/texture/모로코내부/moc_wall02.bmp","ground_texture","66612","not_yet_hashed","in_rogue;morocc_in;que_job01;ra_in01","unknown","not_verified"
"data/texture/모로코내부/moc_wall03.bmp","ground_texture","66612","not_yet_hashed","in_rogue;morocc_in;que_job01;ra_in01","unknown","not_verified"
"data/texture/모로코내부/moc_wall04.bmp","ground_texture","66612","not_yet_hashed","gon_test;in_rogue;morocc_in;que_job01;quiz_01;ra_in01","unknown","not_verified"
"data/texture/모로코내부/moc_wall05.bmp","ground_texture","66612","not_yet_hashed","in_rogue;morocc_in;que_job01;ra_in01","unknown","not_verified"
"data/texture/모로코내부/moc_wall06.bmp","ground_texture","66612","not_yet_hashed","in_rogue;morocc_in;que_job01;ra_in01","unknown","not_verified"
"data/texture/모로코내부/moc_wall07-.bmp","ground_texture","66612","not_yet_hashed","jawaii_in;morocc_in","unknown","not_verified"
"data/texture/모로코내부/moc_wall07.bmp","ground_texture","66612","not_yet_hashed","payon_in02","unknown","not_verified"
"data/texture/모로코내부/moc_wall08-.bmp","ground_texture","66612","not_yet_hashed","jawaii_in;morocc_in","unknown","not_verified"
"data/texture/모로코내부/moc_wall08.bmp","ground_texture","66612","not_yet_hashed","payon_in02","unknown","not_verified"
"data/texture/모로코내부/moc_wall10.bmp","ground_texture","66612","not_yet_hashed","payon_in02","unknown","not_verified"
"data/texture/모로코내부/moc_wall11.bmp","ground_texture","17460","not_yet_hashed","payon_in02","unknown","not_verified"
"data/texture/모로코내부/moc_wall12.bmp","ground_texture","17460","not_yet_hashed","payon_in02","unknown","not_verified"
"data/texture/모로코내부/moc_wall13.bmp","ground_texture","17460","not_yet_hashed","payon_in02","unknown","not_verified"
"data/texture/모로코내부/모로코성-바닥2.bmp","ground_texture","33844","not_yet_hashed","guild_vs3;moc_castle;moc_para01;morocc_in;payon_in02;prt_pri00","unknown","not_verified"
"data/texture/모로코내부/모로코성-바닥3.bmp","ground_texture","66612","not_yet_hashed","auction_01;moc_castle;moc_para01;morocc_in;nakhyang;prt_pri00;que_job01;sec_in01","unknown","not_verified"
"data/texture/알베르타내부/inaltreasureship_01.bmp","ground_texture","66614","not_yet_hashed","1@tre;conch_in;iz_int;iz_int01;iz_int02;iz_int03;iz_int04;lasa_in01;ma_in01;mal_in02;treasure_n1;treasure_n2;treasure01;treasure02","unknown","not_verified"
"data/texture/알베르타내부/inaltreasureship_02.bmp","ground_texture","66614","not_yet_hashed","1@tre;conch_in;iz_int;iz_int01;iz_int02;iz_int03;iz_int04;lasa_in01;ma_in01;mal_in02;mosk_in;treasure_n1;treasure_n2;treasure01;treasure02","unknown","not_verified"
"data/texture/알베르타내부/inaltreasureship_03.bmp","ground_texture","66614","not_yet_hashed","1@tre;conch_in;iz_int;iz_int01;iz_int02;iz_int03;iz_int04;lasa_in01;ma_in01;mal_in02;treasure_n1;treasure_n2;treasure01;treasure02","unknown","not_verified"
"data/texture/알베르타내부/inaltreasureship_04.bmp","ground_texture","66614","not_yet_hashed","1@tre;conch_in;iz_int;iz_int01;iz_int02;iz_int03;iz_int04;lasa_in01;ma_in01;mal_in02;mosk_in;treasure_n1;treasure_n2;treasure01;treasure02","unknown","not_verified"
"data/texture/알베르타내부/inaltreasureship_05.bmp","ground_texture","66614","not_yet_hashed","1@tre;conch_in;iz_int;iz_int01;iz_int02;iz_int03;iz_int04;lasa_in01;ma_in01;mal_in02;treasure_n1;treasure_n2;treasure01;treasure02","unknown","not_verified"
"data/texture/알베르타내부/inaltreasureship_06.bmp","ground_texture","66614","not_yet_hashed","1@tre;conch_in;iz_int;iz_int01;iz_int02;iz_int03;iz_int04;lasa_in01;mal_in02;treasure_n1;treasure_n2;treasure01;treasure02","unknown","not_verified"
"data/texture/알베르타내부/inaltreasureship_07.bmp","ground_texture","66614","not_yet_hashed","1@tre;conch_in;grademk;iz_int;iz_int01;iz_int02;iz_int03;iz_int04;lasa_in01;ma_in01;mal_in02;mosk_in;paramk;treasure_n1;treasure_n2;treasure01;treasure02","unknown","not_verified"
"data/texture/알베르타내부/inaltreasureship_08.bmp","ground_texture","9270","not_yet_hashed","1@tcamp;1@tre;alde_tt02;alde_tt03;iz_int;iz_int01;iz_int02;iz_int03;iz_int04;ma_in01;mjo_dun02;que_thor;que_thr;thor_camp;treasure_n1;treasure_n2;treasure01;treasure02","unknown","not_verified"
"data/texture/알베르타내부/inaltreasureship_09.bmp","ground_texture","17462","not_yet_hashed","1@tre;treasure_n1;treasure01","unknown","not_verified"
"data/texture/알베르타내부/inaltreasureship_10.bmp","ground_texture","5174","not_yet_hashed","1@tre;treasure_n1;treasure01","unknown","not_verified"
"data/texture/외부소품/back03.bmp","ground_texture","66612","not_yet_hashed","bat_b01","unknown","not_verified"
"data/texture/외부소품/bf1_fenceB01.bmp","ground_texture","66612","not_yet_hashed","bat_a01","unknown","not_verified"
"data/texture/외부소품/dadami.BMP","ground_texture","66612","not_yet_hashed","amatsu","unknown","not_verified"
"data/texture/외부소품/fie-02.bmp","ground_texture","66614","not_yet_hashed","1@vrclo;job_monk;prt_monk;vr_clo1","unknown","not_verified"
"data/texture/외부소품/fie-03.bmp","ground_texture","66614","not_yet_hashed","1@vrclo;job_monk;prt_monk;vr_clo1","unknown","not_verified"
"data/texture/외부소품/fie-05.bmp","ground_texture","66608","not_yet_hashed","bl_depth2;c_tower3;c_tower3_","unknown","not_verified"
"data/texture/외부소품/gep-br1.bmp","ground_texture","66612","not_yet_hashed","quiz_02","unknown","not_verified"
"data/texture/외부소품/gep-br3.bmp","ground_texture","66612","not_yet_hashed","quiz_02","unknown","not_verified"
"data/texture/외부소품/gl_09.bmp","ground_texture","54580","not_yet_hashed","1@gl_he;1@gl_he2;2@gl_k;2@gl_k2;2@gl_kh;gl_knt02","unknown","not_verified"
"data/texture/외부소품/gl_10.bmp","ground_texture","66612","not_yet_hashed","1@gl_he;1@gl_he2;2@gl_k;2@gl_k2;2@gl_kh;gl_knt02","unknown","not_verified"
"data/texture/외부소품/gl_11.bmp","ground_texture","66612","not_yet_hashed","1@gl_he;1@gl_he2;1@gl_k;1@gl_k2;1@gl_kh;1@glast;2@gl_k;2@gl_k2;2@gl_kh;gl_knt01;gl_knt02;glast_01","unknown","not_verified"
"data/texture/외부소품/gl_12.bmp","ground_texture","33844","not_yet_hashed","1@glast;glast_01","unknown","not_verified"
"data/texture/외부소품/gl_13.bmp","ground_texture","54580","not_yet_hashed","1@gl_he;1@gl_he2;1@gl_k;1@gl_k2;1@gl_kh;1@glast;2@gl_k;2@gl_k2;2@gl_kh;gl_knt01;gl_knt02;glast_01","unknown","not_verified"
"data/texture/외부소품/gl_breakpillar03.bmp","ground_texture","66612","not_yet_hashed","1@glast;gef_fild06;glast_01","unknown","not_verified"
"data/texture/외부소품/gl_breakpillar04.bmp","ground_texture","33844","not_yet_hashed","1@glast;gef_fild06;glast_01","unknown","not_verified"
"data/texture/외부소품/gla-latpole.bmp","ground_texture","66612","not_yet_hashed","1@glast;glast_01","unknown","not_verified"
"data/texture/외부소품/gla-wall.bmp","ground_texture","66612","not_yet_hashed","abbey03","unknown","not_verified"
"data/texture/외부소품/glst-cstle12.bmp","ground_texture","66612","not_yet_hashed","1@glast;2025arena1;glast_01","unknown","not_verified"
"data/texture/외부소품/glst-cstle13.bmp","ground_texture","33844","not_yet_hashed","1@glast;2025arena1;2025arena4;glast_01","unknown","not_verified"
"data/texture/외부소품/glst-cstle6_1.bmp","ground_texture","33844","not_yet_hashed","1@glast;glast_01","unknown","not_verified"
"data/texture/외부소품/glst-cstle6.bmp","ground_texture","66612","not_yet_hashed","1@glast;2025arena1;2025arena4;glast_01","unknown","not_verified"
"data/texture/외부소품/glst-cstle7_1.bmp","ground_texture","66612","not_yet_hashed","1@glast;gef_fild06;glast_01","unknown","not_verified"
"data/texture/외부소품/glst-cstle7.bmp","ground_texture","66612","not_yet_hashed","1@glast;2025arena1;2025arena4;gef_fild06;glast_01","unknown","not_verified"
"data/texture/외부소품/m_br_01.bmp","ground_texture","66612","not_yet_hashed","mjolnir_04_1","unknown","not_verified"
"data/texture/외부소품/mo-피라미드1-바닥.bmp","ground_texture","66612","not_yet_hashed","moc_fild19","unknown","not_verified"
"data/texture/외부소품/pron-mon4.bmp","ground_texture","66616","not_yet_hashed","1@vrclo;iz_d04_i;iz_d05_i;iz_dun04;iz_dun05;job_monk;prt_monk;vr_clo1","unknown","not_verified"
"data/texture/외부소품/statue-support.bmp","ground_texture","33844","not_yet_hashed","gl_dun01","unknown","not_verified"
"data/texture/외부소품/xmas_form04.BMP","ground_texture","66612","not_yet_hashed","1@xm_d;1@xm_d2;2025arena2;2025arena5;25ros03_01;xmas_dun02","unknown","not_verified"
"data/texture/외부소품/글래스트-1층벽.bmp","ground_texture","66612","not_yet_hashed","1@glast;2025arena1;gef_fild06;glast_01","unknown","not_verified"
"data/texture/워터/Water010.jpg","ground_texture","22111","not_yet_hashed","1@lost;ba_lost","unknown","not_verified"
"data/texture/워터/water810.jpg","ground_texture","30147","not_yet_hashed","un_bk_q;un_bunker","unknown","not_verified"
"data/texture/워프대기실내부/moc_a_inside04.bmp","ground_texture","66612","not_yet_hashed","1@gat;in_sphinx1;in_sphinx2;in_sphinx3;in_sphinx4;in_sphinx5","unknown","not_verified"
"data/texture/워프대기실내부/w_inside01.bmp","ground_texture","66612","not_yet_hashed","1@vrac2;arena_room;evt_bomb;iz_ac02;iz_ac02_a;iz_ac02_b;iz_ac02_c;iz_ac02_d;prt_are_in;valkyrie","unknown","not_verified"
"data/texture/워프대기실내부/w_inside02.bmp","ground_texture","66612","not_yet_hashed","1@vrac2;arena_room;evt_bomb;iz_ac02;iz_ac02_a;iz_ac02_b;iz_ac02_c;iz_ac02_d;job_sword1;prt_are_in;valkyrie","unknown","not_verified"
"data/texture/워프대기실내부/w_inside03.bmp","ground_texture","17112","not_yet_hashed","arena_room;evt_bomb;job_sword1;ordeal_a00;ordeal_a02;prt_are_in;valkyrie","unknown","not_verified"
"data/texture/워프대기실내부/w_inside04.bmp","ground_texture","66612","not_yet_hashed","arena_room;prt_are_in","unknown","not_verified"
"data/texture/워프대기실내부/w_inside05.bmp","ground_texture","17460","not_yet_hashed","job_sword1","unknown","not_verified"
"data/texture/워프대기실내부/w_inside06.bmp","ground_texture","17460","not_yet_hashed","arena_room;evt_bomb","unknown","not_verified"
"data/texture/유저인터페이스/map/1@exhn.bmp","ground_texture","","not_yet_hashed","1@exhn","unknown","not_verified"
"data/texture/유저인터페이스/map/gon_test.bmp","ground_texture","","not_yet_hashed","1@exhn","unknown","not_verified"
"data/texture/페이욘/mudo_ho1_13.bmp","ground_texture","33844","not_yet_hashed","payg_cas02","unknown","not_verified"
"data/texture/페이욘/pe_ju_05.bmp","ground_texture","33844","not_yet_hashed","payg_cas02","unknown","not_verified"
"data/texture/페이욘/pe_min2_02.bmp","ground_texture","33844","not_yet_hashed","payg_cas02","unknown","not_verified"
"data/texture/페이욘/ru_badak&board.bmp","ground_texture","66612","not_yet_hashed","payg_cas02;payg_cas03;payg_cas04;payg_cas05","unknown","not_verified"
"data/texture/페이욘/ru_plane.bmp","ground_texture","66612","not_yet_hashed","payg_cas02","unknown","not_verified"
"data/texture/페이욘/W_07.bmp","ground_texture","33844","not_yet_hashed","payg_cas02","unknown","not_verified"
"data/texture/페이욘/wall.bmp","ground_texture","17460","not_yet_hashed","payg_cas02","unknown","not_verified"
"data/texture/페이욘내부/archer_vil_tile00.bmp","ground_texture","33846","not_yet_hashed","gld2_pay;payg_cas01;payg_cas02;payg_cas03;payg_cas04;payg_cas05;payon_in02;payon_in03","unknown","not_verified"
"data/texture/페이욘내부/kung_ba_01.bmp","ground_texture","5174","not_yet_hashed","payg_cas01;payg_cas05","unknown","not_verified"
"data/texture/페이욘내부/kung_ba_03.bmp","ground_texture","5174","not_yet_hashed","payg_cas01;payg_cas04;payg_cas05","unknown","not_verified"
"data/texture/페이욘내부/kung_inside_01.bmp","ground_texture","66614","not_yet_hashed","gld2_pay;payg_cas01;payg_cas02;payg_cas04;payg_cas05;payon_in03","unknown","not_verified"
"data/texture/페이욘내부/kung_inside_02.bmp","ground_texture","66616","not_yet_hashed","payg_cas01;payg_cas04;payg_cas05","unknown","not_verified"
"data/texture/페이욘내부/mu_inside_01.bmp","ground_texture","66614","not_yet_hashed","gld2_pay;gon_test;payg_cas01;payg_cas03;payg_cas04;payg_cas05","unknown","not_verified"
"data/texture/페이욘내부/mu_inside_02.bmp","ground_texture","66614","not_yet_hashed","gld2_pay;gon_test;payg_cas01;payg_cas04;payg_cas05","unknown","not_verified"
"data/texture/페이욘내부/pe_ju_01.bmp","ground_texture","66614","not_yet_hashed","gld2_pay;payg_cas01;payg_cas02;payg_cas05;payon_in01;star_in","unknown","not_verified"
"data/texture/페이욘내부/pe_min1_01.bmp","ground_texture","66614","not_yet_hashed","gld2_pay;lou_in02;payg_cas01;payg_cas02;payg_cas03;payon_in01;star_in","unknown","not_verified"
"data/texture/페이욘내부/pe_tile_00.bmp","ground_texture","33846","not_yet_hashed","gld2_pay;gon_test;payg_cas01;payg_cas02;payg_cas03;payg_cas04;payg_cas05;payon_in01;quiz_02;star_in","unknown","not_verified"
"data/texture/프론테라/dong-d-3.bmp","ground_texture","17448","not_yet_hashed","kh_vila","unknown","not_verified"
"data/texture/프론테라/jop-wall-4.bmp","ground_texture","33846","not_yet_hashed","auction_01;quiz_00;quiz_02","unknown","not_verified"
"data/texture/프론테라/jop-wall-5.bmp","ground_texture","33846","not_yet_hashed","auction_01;quiz_00;quiz_02","unknown","not_verified"
"data/texture/프론테라/pron-castle2.bmp","ground_texture","66612","not_yet_hashed","new_event;new_zone01","unknown","not_verified"
"data/texture/프론테라/pron-castle3.bmp","ground_texture","66612","not_yet_hashed","yuno_fild12","unknown","not_verified"
"data/texture/프론테라/pron-castle7.bmp","ground_texture","33844","not_yet_hashed","new_event;new_zone01;new_zone03","unknown","not_verified"
"data/texture/프론테라/pron-ctwr4.bmp","ground_texture","56292","not_yet_hashed","pprontera;prontera;prt_q","unknown","not_verified"
"data/texture/프론테라/pron-hrcol2.bmp","ground_texture","5172","not_yet_hashed","auction_01","unknown","not_verified"
"data/texture/프론테라/pron-nai.bmp","ground_texture","17462","not_yet_hashed","auction_01","unknown","not_verified"
"data/texture/프론테라/pron-newcastle-2.bmp","ground_texture","33752","not_yet_hashed","ch1_sf03;gefg_cas01;hem_dun02;prt_gld;prtg_cas01;prtg_cas02;prtg_cas03;prtg_cas04;prtg_cas05;siege_test;te_prt_gld;te_prtcas01;te_prtcas02;te_prtcas03;te_prtcas04;te_prtcas05;tra_fild;tra_fild01;tra_fild02;tra_fild03","unknown","not_verified"
"data/texture/프론테라/pron-newcastle.bmp","ground_texture","66612","not_yet_hashed","hem_dun02;iz_d04_i;iz_dun04;prt_gld;prtg_cas01;prtg_cas02;prtg_cas03;prtg_cas04;prtg_cas05;siege_test;te_prt_gld;te_prtcas01;te_prtcas02;te_prtcas03;te_prtcas04;te_prtcas05","unknown","not_verified"
"data/texture/프론테라/prt_f_b_02.bmp","ground_texture","66612","not_yet_hashed","iz_d05_i;iz_dun05","unknown","not_verified"
"data/texture/프론테라/prt_f_b_05.bmp","ground_texture","66612","not_yet_hashed","1@vrclo;guild_vs5;iz_d04_i;iz_d05_i;iz_dun04;iz_dun05;job_monk;prt_monk;vr_clo1","unknown","not_verified"
"data/texture/프론테라/prt_f_b_06.bmp","ground_texture","17460","not_yet_hashed","guild_vs5","unknown","not_verified"
"data/texture/프론테라/prt_f_b_07.bmp","ground_texture","17460","not_yet_hashed","1@vrclo;guild_vs5;iz_d04_i;iz_dun04;job_monk;prt_monk;vr_clo1","unknown","not_verified"
"data/texture/프론테라/prt_f_b02_01.bmp","ground_texture","66612","not_yet_hashed","guild_vs5","unknown","not_verified"
"data/texture/프론테라/prt_f_b04_01.bmp","ground_texture","66612","not_yet_hashed","guild_vs5","unknown","not_verified"
"data/texture/프론테라/prt_f_b04_02.bmp","ground_texture","66612","not_yet_hashed","guild_vs5","unknown","not_verified"
"data/texture/프론테라/prt_f_b04_03.bmp","ground_texture","66612","not_yet_hashed","gl_dun01;guild_vs5","unknown","not_verified"
"data/texture/프론테라/prt_f_b04_04.bmp","ground_texture","66612","not_yet_hashed","1@vrclo;guild_vs5;job_monk;prt_monk;vr_clo1","unknown","not_verified"
"data/texture/프론테라/prt_f_b04_05.bmp","ground_texture","66612","not_yet_hashed","iz_d05_i;iz_dun05","unknown","not_verified"
"data/texture/프론테라/prt_f_b04_06.bmp","ground_texture","66612","not_yet_hashed","1@vrclo;gl_dun01;guild_vs5;iz_d04_i;iz_d05_i;iz_dun04;iz_dun05;job_monk;prt_monk;vr_clo1","unknown","not_verified"
"data/texture/프론테라/prt_f_b04_07.bmp","ground_texture","66612","not_yet_hashed","iz_d04_i;iz_dun04","unknown","not_verified"
"data/texture/프론테라/prt_mo_entrance01_.bmp","ground_texture","66612","not_yet_hashed","guild_vs5","unknown","not_verified"
"data/texture/프론테라/prt_mo_entrance03_.bmp","ground_texture","66612","not_yet_hashed","guild_vs5","unknown","not_verified"
"data/texture/프론테라/prt_mo_entrance04_.bmp","ground_texture","66612","not_yet_hashed","guild_vs5","unknown","not_verified"
"data/texture/프론테라/wepon-wall-6.bmp","ground_texture","66614","not_yet_hashed","auction_01","unknown","not_verified"
"data/texture/프론테라내부/book-1.bmp","ground_texture","33844","not_yet_hashed","1@gl_he;1@gl_he2;1@gl_k;1@gl_k2;1@gl_kh;1@gl_prq;2@gl_k;2@gl_k2;2@gl_kh;2@vrclo;gl_cas01;gl_cas01_;gl_in01;gl_knt01;prt_in;vr_clo2","unknown","not_verified"
"data/texture/프론테라내부/dogu_gige_side12.bmp","ground_texture","17460","not_yet_hashed","1@tcamp;thor_camp","unknown","not_verified"
"data/texture/프론테라내부/H3-DOOR.bmp","ground_texture","3124","not_yet_hashed","que_dan02","unknown","not_verified"
"data/texture/프론테라내부/in prt_c_01.bmp","ground_texture","66612","not_yet_hashed","1@vrac1;1@vrac2;auction_01;iz_ac01;iz_ac01_a;iz_ac01_b;iz_ac01_c;iz_ac01_d;iz_ac02;iz_ac02_a;iz_ac02_b;iz_ac02_c;iz_ac02_d;new_zone02;new_zone04;prt_castle;prtg_cas03;prtg_cas04;prtg_cas05;te_prtcas03;te_prtcas04;te_prtcas05","unknown","not_verified"
"data/texture/프론테라내부/pron_tile-00.bmp","ground_texture","17224","not_yet_hashed","2@vrclo;iz_in_a;iz_in_b;iz_in_c;iz_in_d;izlude_in;prt_in;vr_clo2","unknown","not_verified"
"data/texture/프론테라내부/pron-교회바닥.bmp","ground_texture","66612","not_yet_hashed","1@spa;1@vrac2;2@vrclo;gef_tower;iz_ac02;iz_ac02_a;iz_ac02_b;iz_ac02_c;iz_ac02_d;prt_church;prt_in;prtg_cas01;prtg_cas02;prtg_cas03;prtg_cas04;sec_in01;siege_test;te_prtcas01;te_prtcas02;te_prtcas03;te_prtcas04;vr_clo2","unknown","not_verified"
"data/texture/프론테라내부/proncat_tile.bmp","ground_texture","33844","not_yet_hashed","guild_vs1;new_zone02;new_zone04;prt_castle;prtg_cas01;prtg_cas02;prtg_cas03;prtg_cas04;prtg_cas05;quiz_00;quiz_02;siege_test;te_prtcas01;te_prtcas02;te_prtcas03;te_prtcas04;te_prtcas05","unknown","not_verified"
"data/texture/프론테라내부/prt_chuin_01.bmp","ground_texture","66616","not_yet_hashed","1@tnm3;1@vrac1;1@vrac2;2@vrclo;grademk;iz_ac01;iz_ac01_a;iz_ac01_b;iz_ac01_c;iz_ac01_d;iz_ac02;iz_ac02_a;iz_ac02_b;iz_ac02_c;iz_ac02_d;paramk;prt_church;prt_in;prtg_cas01;prtg_cas02;prtg_cas03;prtg_cas04;prtg_cas05;que_dan02;sec_in01;siege_test;te_prtcas01;te_prtcas02;te_prtcas03;te_prtcas04;te_prtcas05;vr_clo2","unknown","not_verified"
"data/texture/프론테라내부/prt_chuin_02.bmp","ground_texture","66612","not_yet_hashed","1@vrac1;1@vrac2;2@vrclo;iz_ac01;iz_ac01_a;iz_ac01_b;iz_ac01_c;iz_ac01_d;iz_ac02;iz_ac02_a;iz_ac02_b;iz_ac02_c;iz_ac02_d;prt_church;prt_in;prtg_cas01;prtg_cas02;prtg_cas03;prtg_cas04;prtg_cas05;quiz_00;quiz_02;siege_test;te_prtcas01;te_prtcas02;te_prtcas03;te_prtcas04;te_prtcas05;vr_clo2","unknown","not_verified"
"data/texture/프론테라내부/prt_chuin_03.bmp","ground_texture","33844","not_yet_hashed","2@vrclo;prt_church;prt_in;prtg_cas01;prtg_cas03;prtg_cas04;prtg_cas05;siege_test;te_prtcas01;te_prtcas03;te_prtcas04;te_prtcas05;vr_clo2","unknown","not_verified"
"data/texture/프론테라내부/prt_chuin_04.bmp","ground_texture","33848","not_yet_hashed","06guild_r;1@vrac1;2@vrclo;arena_room;guild_vs1;iz_ac01;iz_ac01_a;iz_ac01_b;iz_ac01_c;iz_ac01_d;jawaii_in;ordeal_a00;ordeal_a02;prt_are_in;prt_church;prt_in;prtg_cas01;prtg_cas02;prtg_cas05;siege_test;te_prtcas01;te_prtcas02;te_prtcas05;vr_clo2","unknown","not_verified"
"data/texture/프론테라내부/prt_chuin_05.bmp","ground_texture","17460","not_yet_hashed","1@pop1;arug_cas03;auction_01;bat_room;guild_vs1;prt_are_in;prt_church;prtg_cas01;prtg_cas02;prtg_cas03;prtg_cas05;ra_temsky;siege_test;te_prtcas01;te_prtcas02;te_prtcas03;te_prtcas05;yuno_in02;yuno_in03","unknown","not_verified"
"data/texture/프론테라내부/prt_cstl_wall07.bmp","ground_texture","9268","not_yet_hashed","prt_castle","unknown","not_verified"
"data/texture/프론테라내부/prt_cstl_wall10.bmp","ground_texture","9268","not_yet_hashed","prt_castle","unknown","not_verified"
"data/texture/프론테라내부/prt_cstl_wall11.bmp","ground_texture","17460","not_yet_hashed","gon_test;prt_castle","unknown","not_verified"
"data/texture/프론테라내부/prt_cstl_wall12.bmp","ground_texture","9268","not_yet_hashed","prt_castle","unknown","not_verified"
"data/texture/프론테라내부/prt_h_w_01.bmp","ground_texture","66612","not_yet_hashed","2@vrclo;ch1_sf03;ch2safe1;prt_in;prtg_cas02;prtg_cas04;te_prtcas02;te_prtcas04;vr_clo2","unknown","not_verified"
"data/texture/프론테라내부/prt_h_w_02.bmp","ground_texture","66612","not_yet_hashed","2@vrclo;ch1_sf03;ch2safe1;prt_in;prtg_cas02;prtg_cas04;s_atelier;te_prtcas02;te_prtcas04;vr_clo2","unknown","not_verified"
"data/texture/프론테라내부/prt_h_w_03.bmp","ground_texture","66612","not_yet_hashed","2@vrclo;ch1_sf03;ch2safe1;iz_in_a;iz_in_b;iz_in_c;iz_in_d;izlude_in;prt_in;s_atelier;vr_clo2","unknown","not_verified"
"data/texture/프론테라내부/prt_h_w_04.bmp","ground_texture","66612","not_yet_hashed","2@vrclo;ch1_sf03;ch2safe1;iz_in_a;iz_in_b;iz_in_c;iz_in_d;izlude_in;jawaii_in;prt_in;vr_clo2","unknown","not_verified"
"data/texture/프론테라내부/prt_inh02_01.bmp","ground_texture","66616","not_yet_hashed","2@vrclo;iz_in_a;iz_in_b;iz_in_c;iz_in_d;izlude_in;prt_in;prtg_cas02;prtg_cas05;te_prtcas02;te_prtcas05;vr_clo2;x_prt_in","unknown","not_verified"
"data/texture/프론테라내부/prt_inh02_02.bmp","ground_texture","66616","not_yet_hashed","2@vrclo;iz_in_a;iz_in_b;iz_in_c;iz_in_d;izlude_in;prt_in;prtg_cas02;prtg_cas05;te_prtcas02;te_prtcas05;vr_clo2;x_prt_in","unknown","not_verified"
"data/texture/프론테라내부/prt_inh02_03.bmp","ground_texture","66616","not_yet_hashed","2@vrclo;prt_in;prtg_cas02;te_prtcas02;vr_clo2;x_prt_in","unknown","not_verified"
"data/texture/프론테라내부/prt_inh02_04.bmp","ground_texture","66616","not_yet_hashed","2@vrclo;iz_in_a;iz_in_b;iz_in_c;iz_in_d;izlude_in;prt_in;prtg_cas02;te_prtcas02;vr_clo2;x_prt_in","unknown","not_verified"
"data/texture/프론테라내부/prt_shop_tile04-1.bmp","ground_texture","33732","not_yet_hashed","1@gef_in;2@vrclo;ch1_gef_in;ch1_sf03;ch1_vrgef1;geffen_in;iz_in_a;iz_in_b;iz_in_c;iz_in_d;izlude_in;prt_in;prtg_cas02;prtg_cas05;te_prtcas02;te_prtcas05;vr_clo2;x_prt_in","unknown","not_verified"
"data/texture/프론테라내부/prt_shop_wall02.bmp","ground_texture","33848","not_yet_hashed","1@gl_he;1@gl_he2;1@gl_k;1@gl_k2;1@gl_kh;1@gl_prq;1@spa;1@vrac1;2@gl_k;2@gl_k2;2@gl_kh;2@vrclo;gl_cas01;gl_cas01_;gl_cas02;gl_cas02_;gl_in01;gl_knt01;iz_ac01;iz_ac01_a;iz_ac01_b;iz_ac01_c;iz_ac01_d;prt_in;vr_clo2","unknown","not_verified"
"data/texture/프론테라내부/prt_shop_wall03.bmp","ground_texture","33848","not_yet_hashed","1@vrac1;2@vrclo;iz_ac01;iz_ac01_a;iz_ac01_b;iz_ac01_c;iz_ac01_d;prt_in;vr_clo2;x_prt_in","unknown","not_verified"
"data/texture/프론테라내부/prt_shop_wall04.bmp","ground_texture","33848","not_yet_hashed","1@vrac1;2@vrclo;iz_ac01;iz_ac01_a;iz_ac01_b;iz_ac01_c;iz_ac01_d;prt_in;vr_clo2","unknown","not_verified"
"data/texture/프론테라내부/prt_shop_wall05.bmp","ground_texture","9272","not_yet_hashed","1@gl_he;1@gl_he2;1@gl_k;1@gl_k2;1@gl_kh;1@gl_prq;1@spa;2@gl_k;2@gl_k2;2@gl_kh;2@vrclo;gl_cas01;gl_cas01_;gl_in01;gl_knt01;prt_in;vr_clo2","unknown","not_verified"
"data/texture/프론테라내부/prt_shop_wall06.bmp","ground_texture","17464","not_yet_hashed","2@vrclo;auction_01;prt_in;vr_clo2","unknown","not_verified"
"data/texture/프론테라내부/prt_shop_wall13.bmp","ground_texture","33844","not_yet_hashed","1@vrac1;2@vrclo;iz_ac01;iz_ac01_a;iz_ac01_b;iz_ac01_c;iz_ac01_d;prt_in;vr_clo2","unknown","not_verified"
"data/texture/프론테라내부/prt_shop_wall14.bmp","ground_texture","33848","not_yet_hashed","1@vrac1;2@vrclo;iz_ac01;iz_ac01_a;iz_ac01_b;iz_ac01_c;iz_ac01_d;prt_in;vr_clo2","unknown","not_verified"
"data/texture/프론테라내부/prt_shop_wall15.bmp","ground_texture","17460","not_yet_hashed","2@vrclo;prt_in;vr_clo2","unknown","not_verified"
"data/texture/프론테라내부/prt_shop_wall16.bmp","ground_texture","33848","not_yet_hashed","1@vrac1;2@vrclo;iz_ac01;iz_ac01_a;iz_ac01_b;iz_ac01_c;iz_ac01_d;prt_in;vr_clo2","unknown","not_verified"
"data/texture/프론테라내부/prt_shop_wall17.bmp","ground_texture","33848","not_yet_hashed","2@vrclo;prt_in;vr_clo2","unknown","not_verified"
"data/texture/프론테라내부/prt_shop_wall18.bmp","ground_texture","9272","not_yet_hashed","2@vrclo;prt_in;vr_clo2","unknown","not_verified"
"data/texture/프론테라내부/rpr-ccur2 copy.bmp","ground_texture","196664","not_yet_hashed","prt_castle","unknown","not_verified"
"data/texture/프론테라내부/sgid2-side2.bmp","ground_texture","1140","not_yet_hashed","1@gef_in;1@vrcas;2@vrclo;ch1_gef_in;ch1_sf03;ch1_vrgef1;ch2safe1;gef_tower;geffen_in;in_rogue;moc_castle;morocc_in;new_zone02;new_zone04;prt_cas;prt_cas_q;prt_castle;prt_church;prt_elib;prt_in;prt_pri00;sec_in01;vr_cas;vr_clo2;x_prt_in","unknown","not_verified"
"data/texture/프론테라내부/sgid3-side1.bmp","ground_texture","1140","not_yet_hashed","schg_cas01","unknown","not_verified"
"data/texture/프론테라내부/sgid3-side2.bmp","ground_texture","9268","not_yet_hashed","prt_castle","unknown","not_verified"
"data/texture/프론테라내부/wa-line.bmp","ground_texture","33844","not_yet_hashed","prt_sewb2;prt_sewb3","unknown","not_verified"
"data/texture/필드바닥/25ro_h_bot01.bmp","ground_texture","66612","not_yet_hashed","2025arena3","unknown","not_verified"
"data/texture/필드바닥/A-1.bmp","ground_texture","66612","not_yet_hashed","kh_dun01;kh_dun02;lhz_cube","unknown","not_verified"
"data/texture/필드바닥/A-2.bmp","ground_texture","66612","not_yet_hashed","kh_dun01;kh_dun02;lhz_cube","unknown","not_verified"
"data/texture/필드바닥/A-3.bmp","ground_texture","66612","not_yet_hashed","kh_dun01;lhz_cube","unknown","not_verified"
"data/texture/필드바닥/A-4.bmp","ground_texture","66612","not_yet_hashed","lhz_cube","unknown","not_verified"
"data/texture/필드바닥/A-5.bmp","ground_texture","66612","not_yet_hashed","lhz_cube","unknown","not_verified"
"data/texture/필드바닥/abi_1dan.bmp","ground_texture","66612","not_yet_hashed","httyd_01;hu_fild01;hu_fild02;hu_fild03;hu_fild04;hu_fild05;hu_fild07;que_dan01","unknown","not_verified"
"data/texture/필드바닥/abi_2dan.bmp","ground_texture","66612","not_yet_hashed","httyd_01;hu_fild01;hu_fild02;hu_fild03;hu_fild04;hu_fild05;hu_fild07;que_dan01","unknown","not_verified"
"data/texture/필드바닥/abi_3dan.bmp","ground_texture","66612","not_yet_hashed","httyd_01;hu_fild01;hu_fild02;hu_fild03;hu_fild04;hu_fild05;hu_fild07;que_dan01","unknown","not_verified"
"data/texture/필드바닥/abi_4dan.bmp","ground_texture","66612","not_yet_hashed","hu_fild01;hu_fild02;hu_fild04","unknown","not_verified"
"data/texture/필드바닥/abi_tex01.bmp","ground_texture","66612","not_yet_hashed","httyd_01;hu_fild01;hu_fild02;hu_fild03;hu_fild04;hu_fild05;hu_fild06;hu_fild07;que_dan01","unknown","not_verified"
"data/texture/필드바닥/abi_tex02.bmp","ground_texture","66612","not_yet_hashed","httyd_01;hu_fild01;hu_fild05","unknown","not_verified"
"data/texture/필드바닥/abi_tex03.bmp","ground_texture","66612","not_yet_hashed","httyd_01;hu_fild01;hu_fild05","unknown","not_verified"
"data/texture/필드바닥/abi_tex04.bmp","ground_texture","66612","not_yet_hashed","httyd_01;hu_fild01;hu_fild05","unknown","not_verified"
"data/texture/필드바닥/abi_tex05.bmp","ground_texture","66612","not_yet_hashed","httyd_01;hu_fild01;hu_fild05","unknown","not_verified"
"data/texture/필드바닥/abi_tex06.bmp","ground_texture","66612","not_yet_hashed","httyd_01;hu_fild01;hu_fild05","unknown","not_verified"
"data/texture/필드바닥/abi_tex07.bmp","ground_texture","196664","not_yet_hashed","httyd_01;hu_fild01;hu_fild05","unknown","not_verified"
"data/texture/필드바닥/abi_tex08.bmp","ground_texture","66612","not_yet_hashed","httyd_01;hu_fild01;hu_fild05","unknown","not_verified"
"data/texture/필드바닥/abi_tex09.bmp","ground_texture","66612","not_yet_hashed","httyd_01;hu_fild04;hu_fild05","unknown","not_verified"
"data/texture/필드바닥/abi_tex10.bmp","ground_texture","66612","not_yet_hashed","hu_fild02;hu_fild03;hu_fild04;hu_fild07;que_dan01","unknown","not_verified"
"data/texture/필드바닥/abi_tex11.bmp","ground_texture","66612","not_yet_hashed","hu_fild02;hu_fild03;hu_fild04;hu_fild07;que_dan01","unknown","not_verified"
"data/texture/필드바닥/abi_tex12.bmp","ground_texture","66612","not_yet_hashed","hu_fild02;hu_fild03;hu_fild04;que_dan01","unknown","not_verified"
"data/texture/필드바닥/abi_tex13.bmp","ground_texture","66612","not_yet_hashed","hu_fild02;hu_fild03;hu_fild04;hu_fild07;que_dan01","unknown","not_verified"
"data/texture/필드바닥/abi_tex14.bmp","ground_texture","66612","not_yet_hashed","hu_fild02;hu_fild03;hu_fild04;hu_fild07;que_dan01","unknown","not_verified"
"data/texture/필드바닥/antflat-1.bmp","ground_texture","66612","not_yet_hashed","1@rev;ant_d02_i;anthell01;anthell02","unknown","not_verified"
"data/texture/필드바닥/antflat-2.bmp","ground_texture","66612","not_yet_hashed","1@rev;ant_d02_i;anthell01;anthell02","unknown","not_verified"
"data/texture/필드바닥/antflat-3.bmp","ground_texture","66612","not_yet_hashed","1@rev;ant_d02_i;anthell01;anthell02","unknown","not_verified"
"data/texture/필드바닥/antflat-4.bmp","ground_texture","66612","not_yet_hashed","1@rev;ant_d02_i;anthell01;anthell02","unknown","not_verified"
"data/texture/필드바닥/bf2_a01.bmp","ground_texture","66612","not_yet_hashed","bat_b01;job3_arch01","unknown","not_verified"
"data/texture/필드바닥/bf2_a02.bmp","ground_texture","66612","not_yet_hashed","bat_b01;bra_dun01;bra_dun02;job3_arch01","unknown","not_verified"
"data/texture/필드바닥/bf2_a03.bmp","ground_texture","66612","not_yet_hashed","bat_b01","unknown","not_verified"
"data/texture/필드바닥/bf2_a04.bmp","ground_texture","66612","not_yet_hashed","bat_b01","unknown","not_verified"
"data/texture/필드바닥/bf2_a05.bmp","ground_texture","66612","not_yet_hashed","bat_b01","unknown","not_verified"
"data/texture/필드바닥/bf2_a06.bmp","ground_texture","66612","not_yet_hashed","bat_b01","unknown","not_verified"
"data/texture/필드바닥/bf2_a07.bmp","ground_texture","66612","not_yet_hashed","bat_b01","unknown","not_verified"
"data/texture/필드바닥/bf2_b01.bmp","ground_texture","66612","not_yet_hashed","bat_b01","unknown","not_verified"
"data/texture/필드바닥/bf2_b02.bmp","ground_texture","66612","not_yet_hashed","bat_b01","unknown","not_verified"
"data/texture/필드바닥/bf2_b03.bmp","ground_texture","66612","not_yet_hashed","bat_b01","unknown","not_verified"
"data/texture/필드바닥/bf2_b04.bmp","ground_texture","66612","not_yet_hashed","bat_b01","unknown","not_verified"
"data/texture/필드바닥/bf2_b05.bmp","ground_texture","66612","not_yet_hashed","bat_b01","unknown","not_verified"
"data/texture/필드바닥/bf2_b06.bmp","ground_texture","66612","not_yet_hashed","bat_b01","unknown","not_verified"
"data/texture/필드바닥/bf2_b07.bmp","ground_texture","66612","not_yet_hashed","bat_b01","unknown","not_verified"
"data/texture/필드바닥/bf2_c01.bmp","ground_texture","66612","not_yet_hashed","bat_b01","unknown","not_verified"
"data/texture/필드바닥/bf2_c02.bmp","ground_texture","66612","not_yet_hashed","bat_b01","unknown","not_verified"
"data/texture/필드바닥/bf2_c03.bmp","ground_texture","66612","not_yet_hashed","bat_b01","unknown","not_verified"
"data/texture/필드바닥/dg1_bottom01.bmp","ground_texture","66612","not_yet_hashed","1@4inq;1@cata;2@cata","unknown","not_verified"
"data/texture/필드바닥/dg1_bottom02.bmp","ground_texture","66612","not_yet_hashed","1@4inq;1@cata;2@cata","unknown","not_verified"
"data/texture/필드바닥/dg1_bottom03.bmp","ground_texture","66612","not_yet_hashed","1@4inq;1@cata;2@cata;dicastes01","unknown","not_verified"
"data/texture/필드바닥/dg1_bottom04.bmp","ground_texture","66612","not_yet_hashed","1@4inq;1@cata;2@cata","unknown","not_verified"
"data/texture/필드바닥/dg1_bottom05.bmp","ground_texture","66612","not_yet_hashed","1@4inq;1@cata;2@cata","unknown","not_verified"
"data/texture/필드바닥/dg1_bottom06.bmp","ground_texture","66612","not_yet_hashed","1@4inq;1@cata;2@cata","unknown","not_verified"
"data/texture/필드바닥/dg2_bossbottom01.bmp","ground_texture","66612","not_yet_hashed","2@nyd;3@ch_t;6@tower","unknown","not_verified"
"data/texture/필드바닥/dg2_bossbottom02.bmp","ground_texture","66612","not_yet_hashed","3@ch_t;6@tower","unknown","not_verified"
"data/texture/필드바닥/dg2_bottom01.bmp","ground_texture","66612","not_yet_hashed","1@ch_t;1@ch_u;1@sthb;1@sthd;1@tower;2@tower;3@ch_t;3@tower;4@tower;6@tower","unknown","not_verified"
"data/texture/필드바닥/dg2_bottom02.bmp","ground_texture","66612","not_yet_hashed","1@ch_t;1@ch_u;1@sthb;1@sthd;1@tower;2@tower;3@ch_t;3@tower;4@tower;6@tower","unknown","not_verified"
"data/texture/필드바닥/dg2_bottom03.bmp","ground_texture","66612","not_yet_hashed","1@ch_t;1@ch_u;1@sthb;1@sthd;1@tower;2@tower;3@tower;4@tower","unknown","not_verified"
"data/texture/필드바닥/dg2_bottom04.bmp","ground_texture","66612","not_yet_hashed","1@ch_t;1@ch_u;1@tower;2@tower;3@tower;4@tower","unknown","not_verified"
"data/texture/필드바닥/dg2_bottom05.bmp","ground_texture","66612","not_yet_hashed","1@ch_t;1@ch_u;1@sthb;1@tower;2@tower;3@tower;4@tower","unknown","not_verified"
"data/texture/필드바닥/dg2_bottom06.bmp","ground_texture","66612","not_yet_hashed","1@ch_t;1@ch_u;1@tower;2@tower;3@tower;4@tower","unknown","not_verified"
"data/texture/필드바닥/dg2_bottom07.bmp","ground_texture","66612","not_yet_hashed","1@ch_t;1@ch_u;1@tower;2@tower;3@tower;4@tower","unknown","not_verified"
"data/texture/필드바닥/dg2_bottom08.bmp","ground_texture","66612","not_yet_hashed","1@ch_t;1@ch_u;1@sthb;1@sthd;1@tower;2@tower;3@ch_t;3@tower;4@tower;6@tower","unknown","not_verified"
"data/texture/필드바닥/dg2_bottom09.bmp","ground_texture","66612","not_yet_hashed","1@ch_u","unknown","not_verified"
"data/texture/필드바닥/dg2_star01.bmp","ground_texture","66612","not_yet_hashed","3@ch_t;6@tower","unknown","not_verified"
"data/texture/필드바닥/dg2_star02.bmp","ground_texture","66612","not_yet_hashed","1@dime;1@soul;3@ch_t;6@tower","unknown","not_verified"
"data/texture/필드바닥/dg2_star03.bmp","ground_texture","66612","not_yet_hashed","3@ch_t;6@tower","unknown","not_verified"
"data/texture/필드바닥/dg2_star04.bmp","ground_texture","66612","not_yet_hashed","3@ch_t;6@tower","unknown","not_verified"
"data/texture/필드바닥/dg2_star06.bmp","ground_texture","66612","not_yet_hashed","1@dime;1@soul;3@ch_t;6@tower","unknown","not_verified"
"data/texture/필드바닥/dg2_star07.bmp","ground_texture","66612","not_yet_hashed","3@ch_t;6@tower","unknown","not_verified"
"data/texture/필드바닥/dg2_star08.bmp","ground_texture","66612","not_yet_hashed","3@ch_t;6@tower","unknown","not_verified"
"data/texture/필드바닥/dg2_star09.bmp","ground_texture","66612","not_yet_hashed","3@ch_t;6@tower","unknown","not_verified"
"data/texture/필드바닥/dg2_star10.bmp","ground_texture","66612","not_yet_hashed","1@dime;1@soul;3@ch_t;6@tower","unknown","not_verified"
"data/texture/필드바닥/dg2_star11.bmp","ground_texture","66612","not_yet_hashed","1@dime;1@soul;3@ch_t;6@tower","unknown","not_verified"
"data/texture/필드바닥/dg2_star12.bmp","ground_texture","66612","not_yet_hashed","3@ch_t;6@tower","unknown","not_verified"
"data/texture/필드바닥/dg2_top01.bmp","ground_texture","66612","not_yet_hashed","2@ch_t;5@tower","unknown","not_verified"
"data/texture/필드바닥/dg2_top02.bmp","ground_texture","66612","not_yet_hashed","2@ch_t;5@tower","unknown","not_verified"
"data/texture/필드바닥/dg2_top03.bmp","ground_texture","66612","not_yet_hashed","2@ch_t;5@tower","unknown","not_verified"
"data/texture/필드바닥/dg2_top04.bmp","ground_texture","66612","not_yet_hashed","2@ch_t;5@tower","unknown","not_verified"
"data/texture/필드바닥/dg2_top05.bmp","ground_texture","66612","not_yet_hashed","2@ch_t;5@tower","unknown","not_verified"
"data/texture/필드바닥/dg2_top06.bmp","ground_texture","66612","not_yet_hashed","2@ch_t;5@tower","unknown","not_verified"
"data/texture/필드바닥/dg2_top07.bmp","ground_texture","66612","not_yet_hashed","2@ch_t;5@tower","unknown","not_verified"
"data/texture/필드바닥/dg2_top08.bmp","ground_texture","66612","not_yet_hashed","2@ch_t;5@tower","unknown","not_verified"
"data/texture/필드바닥/dg2_top09.bmp","ground_texture","66612","not_yet_hashed","2@ch_t;5@tower","unknown","not_verified"
"data/texture/필드바닥/dg2_top10.bmp","ground_texture","66612","not_yet_hashed","2@ch_t;5@tower","unknown","not_verified"
"data/texture/필드바닥/dg2_top11.bmp","ground_texture","66612","not_yet_hashed","2@ch_t;5@tower","unknown","not_verified"
"data/texture/필드바닥/dg2_top12.bmp","ground_texture","66612","not_yet_hashed","2@ch_t;5@tower","unknown","not_verified"
"data/texture/필드바닥/dg2_top13.bmp","ground_texture","66612","not_yet_hashed","2@ch_t;5@tower","unknown","not_verified"
"data/texture/필드바닥/dg2_top14.bmp","ground_texture","66612","not_yet_hashed","2@ch_t;5@tower","unknown","not_verified"
"data/texture/필드바닥/dg2_top15.bmp","ground_texture","66612","not_yet_hashed","2@ch_t;5@tower","unknown","not_verified"
"data/texture/필드바닥/dg2_top16.bmp","ground_texture","66612","not_yet_hashed","2@ch_t;5@tower","unknown","not_verified"
"data/texture/필드바닥/dun-Lin001.bmp","ground_texture","66612","not_yet_hashed","ch1zero1;ch1zero2;ch1zero3;ch1zero4;lhz_d_n2;lhz_dun_n;lhz_dun02;lhz_dun03;lhz_dun04;que_lhz","unknown","not_verified"
"data/texture/필드바닥/dun-Lin002.bmp","ground_texture","66612","not_yet_hashed","2025arena5;ch1zero1;ch1zero2;ch1zero3;ch1zero4;lhz_d_n2;lhz_dun_n;lhz_dun01;lhz_dun02;lhz_dun03;lhz_dun04;que_lhz","unknown","not_verified"
"data/texture/필드바닥/dun-Lin003.bmp","ground_texture","66612","not_yet_hashed","1@vrac2;2025arena5;ch1zero1;ch1zero2;ch1zero3;ch1zero4;iz_ac02;iz_ac02_a;iz_ac02_b;iz_ac02_c;iz_ac02_d;lhz_d_n2;lhz_dun_n;lhz_dun01;lhz_dun02;lhz_dun03;lhz_dun04;que_lhz","unknown","not_verified"
"data/texture/필드바닥/dun-Lin004.bmp","ground_texture","33844","not_yet_hashed","ch1zero1;ch1zero3;ch1zero4;lhz_dun_n;lhz_dun01;lhz_dun03;lhz_dun04;que_lhz","unknown","not_verified"
"data/texture/필드바닥/dun-Lin005.bmp","ground_texture","66612","not_yet_hashed","2025arena5;ch1zero1;ch1zero2;ch1zero3;ch1zero4;lhz_dun_n;lhz_dun01;lhz_dun02;lhz_dun03;lhz_dun04;que_lhz","unknown","not_verified"
"data/texture/필드바닥/dun-Lin006.bmp","ground_texture","66612","not_yet_hashed","ch1zero1;ch1zero2;ch1zero3;ch1zero4;lhz_cube;lhz_d_n2;lhz_dun_n;lhz_dun01;lhz_dun02;lhz_dun03;lhz_dun04;que_lhz","unknown","not_verified"
"data/texture/필드바닥/dun-Lin007.bmp","ground_texture","66612","not_yet_hashed","ch1zero1;ch1zero2;ch1zero3;ch1zero4;lhz_d_n2;lhz_dun_n;lhz_dun01;lhz_dun02;lhz_dun03;lhz_dun04;que_lhz","unknown","not_verified"
"data/texture/필드바닥/dun-Lin008.bmp","ground_texture","66612","not_yet_hashed","ch1zero1;ch1zero2;ch1zero3;ch1zero4;lhz_cube;lhz_d_n2;lhz_dun_n;lhz_dun01;lhz_dun02;lhz_dun03;lhz_dun04;que_lhz","unknown","not_verified"
"data/texture/필드바닥/dun-Lin009.bmp","ground_texture","66612","not_yet_hashed","ch1zero1;ch1zero2;ch1zero3;ch1zero4;lhz_cube;lhz_dun_n;lhz_dun01;lhz_dun02;lhz_dun03;lhz_dun04;que_lhz","unknown","not_verified"
"data/texture/필드바닥/dun-Lin010.bmp","ground_texture","66612","not_yet_hashed","2025arena5;ch1zero1;ch1zero2;ch1zero3;ch1zero4;lhz_d_n2;lhz_dun_n;lhz_dun01;lhz_dun02;lhz_dun03;lhz_dun04;que_lhz","unknown","not_verified"
"data/texture/필드바닥/dun-Lin011.bmp","ground_texture","66612","not_yet_hashed","1@lhz;2025arena5;ch1zero1;ch1zero2;ch1zero3;ch1zero4;lhz_d_n2;lhz_dun_n;lhz_dun01;lhz_dun02;lhz_dun03;lhz_dun04;que_lhz","unknown","not_verified"
"data/texture/필드바닥/dun-Lin012.bmp","ground_texture","66612","not_yet_hashed","2025arena5;ch1zero1;ch1zero2;ch1zero3;ch1zero4;lhz_d_n2;lhz_dun_n;lhz_dun03;lhz_dun04;que_lhz","unknown","not_verified"
"data/texture/필드바닥/dun-Lin013.bmp","ground_texture","33844","not_yet_hashed","2025arena5;ch1zero1;ch1zero2;kh_dun01;lhz_d_n2;lhz_dun_n;lhz_dun01;lhz_dun02;lhz_dun03;ra_san05","unknown","not_verified"
"data/texture/필드바닥/dun-Lin014.bmp","ground_texture","33844","not_yet_hashed","2025arena5;ch1zero1;ch1zero2;ch1zero3;ch1zero4;lhz_d_n2;lhz_dun_n;lhz_dun01;lhz_dun02;lhz_dun03;lhz_dun04;que_lhz","unknown","not_verified"
"data/texture/필드바닥/dun-Lin015.bmp","ground_texture","66612","not_yet_hashed","1@gol1;bra_in01;ch1zero3;ch1zero4;lhz_cube;lhz_dun01;lhz_dun04;lhz_in01;lhz_in03;lhz_que01;que_lhz","unknown","not_verified"
"data/texture/필드바닥/dun-Lin016.bmp","ground_texture","66612","not_yet_hashed","1@gol1;1@vrac2;ch1zero3;ch1zero4;iz_ac02;iz_ac02_a;iz_ac02_b;iz_ac02_c;iz_ac02_d;lhz_cube;lhz_dun01;lhz_dun04;lhz_in01;lhz_in03;lhz_que01;que_lhz","unknown","not_verified"
"data/texture/필드바닥/dun-Lin017.bmp","ground_texture","66612","not_yet_hashed","1@gol1;lhz_dun01;lhz_in01;lhz_que01","unknown","not_verified"
"data/texture/필드바닥/dun-Lin018.bmp","ground_texture","33844","not_yet_hashed","1@gol1;kh_kiehl01;lhz_dun01;lhz_in01;lhz_que01","unknown","not_verified"
"data/texture/필드바닥/dun-Lin019.bmp","ground_texture","66612","not_yet_hashed","ch1zero2;ch1zero3;ch1zero4;kh_dun01;kh_kiehl01;lhz_dun01;lhz_dun02;lhz_dun04;lhz_in01;lhz_que01;lighthalzen;que_lhz","unknown","not_verified"
"data/texture/필드바닥/g-dun-0.bmp","ground_texture","66612","not_yet_hashed","1@gl_k;1@gl_k2;1@gl_kh;ein_dun03;gl_chyard;gl_chyard_;gl_dun01;gl_dun02;gl_knt01","unknown","not_verified"
"data/texture/필드바닥/g-dun-1.bmp","ground_texture","66612","not_yet_hashed","1@gl_k;1@gl_k2;1@gl_kh;ein_dun03;gl_chyard;gl_chyard_;gl_dun01;gl_dun02;gl_knt01","unknown","not_verified"
"data/texture/필드바닥/g-dun-2.bmp","ground_texture","66612","not_yet_hashed","1@gl_k;1@gl_k2;1@gl_kh;ein_dun03;gl_chyard;gl_chyard_;gl_dun01;gl_dun02;gl_knt01","unknown","not_verified"
"data/texture/필드바닥/g-dun-3.bmp","ground_texture","66612","not_yet_hashed","1@gl_k;1@gl_k2;1@gl_kh;ein_dun03;gl_chyard;gl_chyard_;gl_dun01;gl_dun02;gl_knt01","unknown","not_verified"
"data/texture/필드바닥/ge-flat1.bmp","ground_texture","66612","not_yet_hashed","1@orcs;2@orcs;amicit01;amicitia1;orcsdun01;orcsdun02","unknown","not_verified"
"data/texture/필드바닥/ge-flat2.bmp","ground_texture","66612","not_yet_hashed","1@orcs;2@orcs;orcsdun01;orcsdun02","unknown","not_verified"
"data/texture/필드바닥/ge-flat3.bmp","ground_texture","66612","not_yet_hashed","1@orcs;2@orcs;orcsdun01;orcsdun02","unknown","not_verified"
"data/texture/필드바닥/ge-flat4.bmp","ground_texture","66612","not_yet_hashed","1@orcs;2@orcs;orcsdun01;orcsdun02","unknown","not_verified"
"data/texture/필드바닥/gef_00.bmp","ground_texture","66614","not_yet_hashed","1@ge_sn;1@ge_st;1@gef;ch1_geffen;ch1_vrgef2;gef_fild00;gef_fild04;gef_fild07;geffen;hem_fild;n_castle;quiz_01;quiz_02","unknown","not_verified"
"data/texture/필드바닥/gef_01.bmp","ground_texture","66102","not_yet_hashed","1@ge_sn;1@ge_st;1@gef;ch1_geffen;ch1_vrgef2;gef_fild00;gef_fild04;gef_fild07;gef_fild13;geffen;gefg_cas02;gefg_cas03;gefg_cas04;gefg_cas05;hem_fild;n_castle;quiz_01;quiz_02;rag_fes;rag_fes_a;yuno_fild01","unknown","not_verified"
"data/texture/필드바닥/gef_02.bmp","ground_texture","66614","not_yet_hashed","1@ge_sn;1@ge_st;1@gef;ch1_geffen;ch1_vrgef2;gef_fild00;gef_fild04;gef_fild07;geffen;hem_fild;quiz_01;quiz_02;rag_fes;rag_fes_a","unknown","not_verified"
"data/texture/필드바닥/gef_03.bmp","ground_texture","66614","not_yet_hashed","1@ge_sn;1@ge_st;1@gef;ch1_geffen;ch1_vrgef2;gef_fild00;gef_fild04;gef_fild07;geffen;hem_fild;n_castle;quiz_01;quiz_02;rag_fes;rag_fes_a","unknown","not_verified"
"data/texture/필드바닥/gef_바닥05.bmp","ground_texture","66612","not_yet_hashed","1@gef;ch1_geffen;ch1_vrgef2;gef_fild00;gef_fild04;gef_fild07;geffen;hem_fild","unknown","not_verified"
"data/texture/필드바닥/gl_sew01.bmp","ground_texture","66612","not_yet_hashed","1@lvcb;gl_sew01;gl_sew02","unknown","not_verified"
"data/texture/필드바닥/gl_sew02.bmp","ground_texture","66612","not_yet_hashed","1@lvcb;gl_sew01;gl_sew02;gl_sew03;gl_sew04","unknown","not_verified"
"data/texture/필드바닥/gl_sew03.bmp","ground_texture","66612","not_yet_hashed","1@gl_k;1@gl_k2;1@gl_kh;1@gl_prq;1@lvcb;gl_knt01;gl_sew01;gl_sew02;gl_sew03;gl_sew04;gl_step","unknown","not_verified"
"data/texture/필드바닥/gl_sew04.bmp","ground_texture","66612","not_yet_hashed","1@lvcb;gl_sew01","unknown","not_verified"
"data/texture/필드바닥/glst-cstle9.bmp","ground_texture","66612","not_yet_hashed","1@gl_he;1@gl_he2;1@glast;2@gl_k;2@gl_k2;2@gl_kh;2025arena1;beach_dun;gef_fild06;gl_knt02;glast_01","unknown","not_verified"
"data/texture/필드바닥/gp-lostdun_g01.bmp","ground_texture","66612","not_yet_hashed","ch1_gfn01;ch1_gfn03;ch1_que01;gef_dun03;gefenia01;gefenia02;gefenia03;gefenia04;vis_h01;vis_h02;vis_h03;vis_h04","unknown","not_verified"
"data/texture/필드바닥/gp-lostdun_g02.bmp","ground_texture","66612","not_yet_hashed","ch1_gfn01;ch1_gfn03;ch1_que01;gef_dun03;gefenia01;gefenia02;gefenia03;gefenia04;vis_h01;vis_h02;vis_h03;vis_h04","unknown","not_verified"
"data/texture/필드바닥/gp-lostdun_g03.bmp","ground_texture","66612","not_yet_hashed","1@crd;1@gl_prq;1@lvcb;bl_depth1;bl_soul;c_tower1;ch1_gfn01;ch1_gfn03;ch1_que01;comodo;gef_dun03;gefenia01;gefenia02;gefenia03;gefenia04;gl_cas01;gl_cas01_;gl_cas02;gl_cas02_;gl_church;gl_chyard;gl_chyard_;gl_in01;gl_prison;gl_prison1;gl_sew01;gl_sew03;gl_sew04;gl_step;vis_h01;vis_h02;vis_h03;vis_h04","unknown","not_verified"
"data/texture/필드바닥/gp-lostdun_g04.bmp","ground_texture","66612","not_yet_hashed","ch1_gfn01;ch1_gfn03;ch1_que01;gef_dun03;gefenia01;gefenia02;gefenia03;gefenia04;vis_h01;vis_h02;vis_h03;vis_h04","unknown","not_verified"
"data/texture/필드바닥/gp-lostdun_g05.bmp","ground_texture","66612","not_yet_hashed","ch1_gfn01;ch1_gfn03;ch1_que01;gef_dun03;gefenia01;gefenia02;gefenia03;vis_h01;vis_h02;vis_h03;vis_h04","unknown","not_verified"
"data/texture/필드바닥/gp-lostdun_g06.bmp","ground_texture","66612","not_yet_hashed","ch1_gfn01;ch1_gfn03;ch1_que01;gef_dun03;gefenia01;gefenia02;gefenia03;vis_h01;vis_h02;vis_h03;vis_h04","unknown","not_verified"
"data/texture/필드바닥/gp-lostdun_g07.bmp","ground_texture","66612","not_yet_hashed","ch1_gfn01;ch1_gfn03;ch1_que01;gef_dun03;gefenia01;gefenia02;gefenia03;vis_h01;vis_h02;vis_h03;vis_h04","unknown","not_verified"
"data/texture/필드바닥/hot-1.bmp","ground_texture","66612","not_yet_hashed","beach_dun;beach_dun2;beach_dun3;bra_dun01;bra_dun02;com_d02_i;gld_dun03;gld_dun04;kh_kiehl01;teg_dun01","unknown","not_verified"
"data/texture/필드바닥/hot-10.bmp","ground_texture","66612","not_yet_hashed","beach_dun;beach_dun2;beach_dun3;com_d02_i;gld_dun04","unknown","not_verified"
"data/texture/필드바닥/hot-2.bmp","ground_texture","66612","not_yet_hashed","beach_dun;beach_dun2;beach_dun3;bra_dun01;bra_dun02;com_d02_i;gld_dun03;gld_dun04;kh_kiehl01;teg_dun01","unknown","not_verified"
"data/texture/필드바닥/hot-3.bmp","ground_texture","66612","not_yet_hashed","beach_dun;beach_dun2;beach_dun3;bra_dun01;bra_dun02;com_d02_i;gld_dun03;gld_dun04;kh_kiehl01;teg_dun01","unknown","not_verified"
"data/texture/필드바닥/hot-4.bmp","ground_texture","66612","not_yet_hashed","beach_dun;beach_dun2;beach_dun3;bra_dun01;bra_dun02;com_d02_i;gld_dun03;gld_dun04;teg_dun01","unknown","not_verified"
"data/texture/필드바닥/hot-5.bmp","ground_texture","66612","not_yet_hashed","beach_dun;beach_dun2;beach_dun3;bra_dun01;bra_dun02;com_d02_i;gld_dun03;gld_dun04;kh_kiehl01;teg_dun01","unknown","not_verified"
"data/texture/필드바닥/hot-6.bmp","ground_texture","66612","not_yet_hashed","beach_dun;beach_dun2;beach_dun3;bra_dun01;bra_dun02;com_d02_i;gld_dun03;kh_kiehl01;teg_dun01","unknown","not_verified"
"data/texture/필드바닥/hot-7.bmp","ground_texture","66612","not_yet_hashed","beach_dun;beach_dun2;beach_dun3;bra_dun01;bra_dun02;com_d02_i;gld_dun03;gld_dun04;kh_kiehl01;teg_dun01","unknown","not_verified"
"data/texture/필드바닥/hot-8.bmp","ground_texture","66612","not_yet_hashed","beach_dun;beach_dun2;beach_dun3;com_d02_i;gld_dun04","unknown","not_verified"
"data/texture/필드바닥/hot-9.bmp","ground_texture","66612","not_yet_hashed","beach_dun;beach_dun2;beach_dun3;com_d02_i;gld_dun04","unknown","not_verified"
"data/texture/필드바닥/i_dun01.bmp","ground_texture","66612","not_yet_hashed","ein_d02_i;ein_dun01;ein_dun02","unknown","not_verified"
"data/texture/필드바닥/i_dun02.bmp","ground_texture","66612","not_yet_hashed","1@sthc;ein_dun01;job_gun","unknown","not_verified"
"data/texture/필드바닥/i_dun03.bmp","ground_texture","66612","not_yet_hashed","ein_d02_i;ein_dun01;ein_dun02;job_gun","unknown","not_verified"
"data/texture/필드바닥/i_dun04.bmp","ground_texture","66612","not_yet_hashed","1@sthc;ein_d02_i;ein_dun01;ein_dun02;job_gun","unknown","not_verified"
"data/texture/필드바닥/i_dun05.bmp","ground_texture","66612","not_yet_hashed","1@ch1a;1@ch1b;1@sthc;ch1_dw;ein_d02_i;ein_dun02;einbech;job_gun","unknown","not_verified"
"data/texture/필드바닥/i_dun06.bmp","ground_texture","66612","not_yet_hashed","ein_dun01","unknown","not_verified"
"data/texture/필드바닥/i_fild01.bmp","ground_texture","66612","not_yet_hashed","ein_fild03;ein_fild04;ein_fild05;ein_fild07;ein_fild08;ein_fild09;ein_fild10;einbech;lhz_fild02;lhz_fild03","unknown","not_verified"
"data/texture/필드바닥/i_fild02.bmp","ground_texture","66612","not_yet_hashed","ein_fild05;ein_fild07;ein_fild08;ein_fild10;einbech;lhz_fild03;ra_fild06","unknown","not_verified"
"data/texture/필드바닥/i_fild03.bmp","ground_texture","66612","not_yet_hashed","ein_fild03;ein_fild04;ein_fild05;ein_fild06;ein_fild07;ein_fild08;ein_fild09;ein_fild10;einbech;jupe_cave;lhz_fild02;lhz_fild03","unknown","not_verified"
"data/texture/필드바닥/i_fild04.bmp","ground_texture","66612","not_yet_hashed","ein_fild03;ein_fild04;ein_fild05;ein_fild06;ein_fild07;ein_fild08;ein_fild09;ein_fild10;einbech;einbroch;jupe_cave;lhz_fild02;lhz_fild03;ra_fild06","unknown","not_verified"
"data/texture/필드바닥/i_fild05.bmp","ground_texture","66612","not_yet_hashed","ein_fild03;ein_fild04;ein_fild05;ein_fild07;ein_fild08;ein_fild09;einbech;einbroch;lhz_fild02;lhz_fild03","unknown","not_verified"
"data/texture/필드바닥/i_fild06.bmp","ground_texture","66612","not_yet_hashed","ein_fild03;ein_fild04;ein_fild05;ein_fild06;ein_fild07;ein_fild08;ein_fild09;ein_fild10;einbech;einbroch;jupe_cave;lhz_fild02;lhz_fild03;ra_fild06","unknown","not_verified"
"data/texture/필드바닥/i_fild07.bmp","ground_texture","66612","not_yet_hashed","ein_fild03;ein_fild04;ein_fild05;ein_fild06;ein_fild07;ein_fild08;ein_fild09;ein_fild10;einbech;einbroch;jupe_cave;lhz_fild02;lhz_fild03","unknown","not_verified"
"data/texture/필드바닥/i_fild08.bmp","ground_texture","66612","not_yet_hashed","ein_fild03;ein_fild04;ein_fild05;ein_fild06;ein_fild07;ein_fild08;ein_fild09;ein_fild10;einbech;einbroch;jupe_cave;lhz_fild02;lhz_fild03;ra_fild06","unknown","not_verified"
"data/texture/필드바닥/i_fild09.bmp","ground_texture","66612","not_yet_hashed","ein_fild03;ein_fild04;ein_fild05;ein_fild06;ein_fild07;ein_fild08;ein_fild09;ein_fild10;einbech;einbroch;jupe_cave;lhz_fild02;lhz_fild03","unknown","not_verified"
"data/texture/필드바닥/i_fild10.bmp","ground_texture","66612","not_yet_hashed","ein_fild03;ein_fild04;ein_fild05;ein_fild06;ein_fild07;ein_fild08;ein_fild09;ein_fild10;einbech;einbroch;jupe_cave;lhz_fild02;lhz_fild03;ra_fild06","unknown","not_verified"
"data/texture/필드바닥/i_fild11.bmp","ground_texture","66612","not_yet_hashed","ein_fild05;ein_fild06;ein_fild07","unknown","not_verified"
"data/texture/필드바닥/i_fild12.bmp","ground_texture","66612","not_yet_hashed","ein_fild07","unknown","not_verified"
"data/texture/필드바닥/i_fild13.bmp","ground_texture","66612","not_yet_hashed","ein_fild06;ein_fild07","unknown","not_verified"
"data/texture/필드바닥/i_fild14.bmp","ground_texture","66612","not_yet_hashed","ein_fild05;ein_fild06;ein_fild07","unknown","not_verified"
"data/texture/필드바닥/i_fild15.bmp","ground_texture","66612","not_yet_hashed","ein_fild05;ein_fild06;ein_fild07","unknown","not_verified"
"data/texture/필드바닥/i_fild16.bmp","ground_texture","66612","not_yet_hashed","ein_fild03;ein_fild07;lhz_fild02;ra_fild06","unknown","not_verified"
"data/texture/필드바닥/i_vill01.bmp","ground_texture","66612","not_yet_hashed","1@4inq;2@cata;einbech;einbroch","unknown","not_verified"
"data/texture/필드바닥/i_vill02.bmp","ground_texture","66612","not_yet_hashed","einbroch","unknown","not_verified"
"data/texture/필드바닥/i_vill03.bmp","ground_texture","66612","not_yet_hashed","ein_fild09;einbech;einbroch","unknown","not_verified"
"data/texture/필드바닥/i_vill04.bmp","ground_texture","66612","not_yet_hashed","1@swat;ein_fild04;ein_fild08;einbech;einbroch;que_swat","unknown","not_verified"
"data/texture/필드바닥/i_vill05.bmp","ground_texture","66612","not_yet_hashed","ein_fild09;einbroch;lhz_dun01;lighthalzen","unknown","not_verified"
"data/texture/필드바닥/i_vill06.bmp","ground_texture","66612","not_yet_hashed","1@swat;ein_fild04;ein_fild08;ein_fild09;einbech;einbroch;lhz_fild02;que_swat","unknown","not_verified"
"data/texture/필드바닥/i_vill07.bmp","ground_texture","66612","not_yet_hashed","1@swat;ein_fild09;einbech;einbroch;que_swat","unknown","not_verified"
"data/texture/필드바닥/i_vill08.bmp","ground_texture","66612","not_yet_hashed","ein_fild09;einbroch","unknown","not_verified"
"data/texture/필드바닥/i_vill11.bmp","ground_texture","66612","not_yet_hashed","1@swat;ein_fild09;einbech;einbroch;lighthalzen;que_swat","unknown","not_verified"
"data/texture/필드바닥/i_vill12.bmp","ground_texture","66612","not_yet_hashed","1@swat;ein_fild09;einbech;einbroch;lighthalzen;que_swat","unknown","not_verified"
"data/texture/필드바닥/i_vill13.bmp","ground_texture","66612","not_yet_hashed","1@swat;2025arena5;ch1zero1;ch1zero3;ch1zero4;ein_fild09;einbroch;lhz_d_n2;lhz_dun_n;lhz_dun03;lhz_dun04;que_lhz;que_swat;slabw01;un_bk_q;un_bunker","unknown","not_verified"
"data/texture/필드바닥/i_vill14.bmp","ground_texture","66612","not_yet_hashed","einbroch","unknown","not_verified"
"data/texture/필드바닥/i_vill15.bmp","ground_texture","66612","not_yet_hashed","ein_fild09;einbech;einbroch","unknown","not_verified"
"data/texture/필드바닥/i_vill17.bmp","ground_texture","66612","not_yet_hashed","einbech","unknown","not_verified"
"data/texture/필드바닥/i_vill20.bmp","ground_texture","66612","not_yet_hashed","einbech","unknown","not_verified"
"data/texture/필드바닥/iz-00.bmp","ground_texture","66612","not_yet_hashed","1@ffp;iz_d04_i;iz_dun00;iz_dun01;iz_dun02;iz_dun03;iz_dun04;job_sword1","unknown","not_verified"
"data/texture/필드바닥/iz-01.bmp","ground_texture","66612","not_yet_hashed","1@ffp;iz_d04_i;iz_dun00;iz_dun01;iz_dun02;iz_dun03;iz_dun04;job_sword1","unknown","not_verified"
"data/texture/필드바닥/iz-02.bmp","ground_texture","66612","not_yet_hashed","1@ffp;alde_tt02;alde_tt03;iz_d04_i;iz_dun00;iz_dun01;iz_dun02;iz_dun03;iz_dun04;job_sword1","unknown","not_verified"
"data/texture/필드바닥/iz-03.bmp","ground_texture","66612","not_yet_hashed","1@ffp;iz_d04_i;iz_dun00;iz_dun01;iz_dun02;iz_dun03;iz_dun04;job_sword1","unknown","not_verified"
"data/texture/필드바닥/lhzd_h_bot01.bmp","ground_texture","66612","not_yet_hashed","ch1zero3;ch1zero4","unknown","not_verified"
"data/texture/필드바닥/lhzd_h_bot02.bmp","ground_texture","66612","not_yet_hashed","ch1zero2;ch1zero3;ch1zero4","unknown","not_verified"
"data/texture/필드바닥/lhzd_h_bot03.bmp","ground_texture","66612","not_yet_hashed","ch1zero2;ch1zero3;ch1zero4","unknown","not_verified"
"data/texture/필드바닥/lhzd_h_bot04.bmp","ground_texture","66612","not_yet_hashed","ch1zero2;ch1zero3;ch1zero4","unknown","not_verified"
"data/texture/필드바닥/lhzd_h_bot05.bmp","ground_texture","66612","not_yet_hashed","ch1zero3;ch1zero4","unknown","not_verified"
"data/texture/필드바닥/lhzd_h_bot06.bmp","ground_texture","66612","not_yet_hashed","ch1zero3;ch1zero4","unknown","not_verified"
"data/texture/필드바닥/lhzd_h_bot07.bmp","ground_texture","66612","not_yet_hashed","ch1zero3;ch1zero4","unknown","not_verified"
"data/texture/필드바닥/lhzd_h_bot08.bmp","ground_texture","66612","not_yet_hashed","ch1zero3;ch1zero4","unknown","not_verified"
"data/texture/필드바닥/lhzd_h_bot09.bmp","ground_texture","66612","not_yet_hashed","ch1zero3;ch1zero4","unknown","not_verified"
"data/texture/필드바닥/lhzd_h_bot10.bmp","ground_texture","66612","not_yet_hashed","ch1zero3;ch1zero4","unknown","not_verified"
"data/texture/필드바닥/lhzd_h_bot11.bmp","ground_texture","66612","not_yet_hashed","ch1zero3;ch1zero4","unknown","not_verified"
"data/texture/필드바닥/lhzd_h_bot12.bmp","ground_texture","66612","not_yet_hashed","ch1zero3;ch1zero4","unknown","not_verified"
"data/texture/필드바닥/mo-wall-01.bmp","ground_texture","66612","not_yet_hashed","cmd_fild08;cmd_fild09;moc_fild02;moc_fild13;moc_fild14;moc_fild15;moc_fild16;moc_fild17;moc_fild18;pay_fild04","unknown","not_verified"
"data/texture/필드바닥/mo-wall-02.bmp","ground_texture","66612","not_yet_hashed","cmd_fild08;cmd_fild09;moc_fild02;moc_fild13;moc_fild14;moc_fild15;moc_fild16;moc_fild17;moc_fild18;pay_fild04","unknown","not_verified"
"data/texture/필드바닥/mo-wall-03.bmp","ground_texture","66612","not_yet_hashed","cmd_fild08;cmd_fild09;moc_fild02;moc_fild13;moc_fild14;moc_fild15;moc_fild16;moc_fild17;moc_fild18;pay_fild04","unknown","not_verified"
"data/texture/필드바닥/mo-wall-04.bmp","ground_texture","66612","not_yet_hashed","cmd_fild08;cmd_fild09;moc_fild02;moc_fild13;moc_fild14;moc_fild15;moc_fild16;moc_fild17;moc_fild18;pay_fild04","unknown","not_verified"
"data/texture/필드바닥/mo-wall-05.bmp","ground_texture","66612","not_yet_hashed","moc_fild02;moc_fild13;moc_fild14;moc_fild15;moc_fild16;moc_fild17;moc_fild18;pay_fild04","unknown","not_verified"
"data/texture/필드바닥/mo-wall-06.bmp","ground_texture","66612","not_yet_hashed","cmd_fild08;cmd_fild09;moc_fild02;moc_fild13;moc_fild14;moc_fild15;moc_fild16;moc_fild17;moc_fild18;pay_fild04","unknown","not_verified"
"data/texture/필드바닥/mo-wall-07.bmp","ground_texture","66612","not_yet_hashed","cmd_fild08;cmd_fild09;moc_fild02;moc_fild13;moc_fild14;moc_fild15;moc_fild16;moc_fild17;moc_fild18","unknown","not_verified"
"data/texture/필드바닥/mo-wall-08.bmp","ground_texture","66612","not_yet_hashed","cmd_fild08;cmd_fild09;moc_fild02;moc_fild13;moc_fild14;moc_fild15;moc_fild16;moc_fild17;moc_fild18","unknown","not_verified"
"data/texture/필드바닥/mo-피라미드1-바닥.bmp","ground_texture","66614","not_yet_hashed","moc_pryd01;moc_pryd02;moc_pryd03;moc_pryd04;moc_pryd05;moc_pryd06;moc_prydb1;moc_prydn1;moc_prydn2","unknown","not_verified"
"data/texture/필드바닥/mo-피라미드1-벽1.bmp","ground_texture","33846","not_yet_hashed","moc_pryd01;moc_pryd02;moc_pryd06;moc_prydb1;moc_prydn2","unknown","not_verified"
"data/texture/필드바닥/mo-피라미드1-벽2.bmp","ground_texture","98360","not_yet_hashed","moc_pryd06;moc_prydn2","unknown","not_verified"
"data/texture/필드바닥/mo-피라미드1-벽3.bmp","ground_texture","33846","not_yet_hashed","moc_pryd01;moc_pryd02;moc_pryd03;moc_pryd04;moc_pryd05;moc_pryd06;moc_prydb1;moc_prydn1;moc_prydn2","unknown","not_verified"
"data/texture/필드바닥/mo-피라미드1-벽4.bmp","ground_texture","33844","not_yet_hashed","1@gl_prq;gl_sew02;job_sword1;moc_pryd03;moc_pryd04;moc_pryd05;moc_pryd06;moc_prydb1;moc_prydn1;moc_prydn2","unknown","not_verified"
"data/texture/필드바닥/mo-피라미드3-바닥1.bmp","ground_texture","49208","not_yet_hashed","moc_pryd05;moc_pryd06;moc_prydn1;moc_prydn2","unknown","not_verified"
"data/texture/필드바닥/mo-피라미드3-바닥2.bmp","ground_texture","66614","not_yet_hashed","moc_pryd01;moc_pryd02;moc_pryd03;moc_pryd04;moc_pryd05;moc_pryd06;moc_prydn1;moc_prydn2","unknown","not_verified"
"data/texture/필드바닥/moc_맨땅02.bmp","ground_texture","66614","not_yet_hashed","cmd_fild08;cmd_fild09;moc_fild01;moc_fild02;moc_fild04;moc_fild05;moc_fild06;moc_fild07;moc_fild08;moc_fild09;moc_fild10;moc_fild11;moc_fild12;moc_fild13;moc_fild14;moc_fild15;moc_fild16;moc_fild17;moc_fild18;moc_fild19;moc_fild20;moc_ruins;pay_fild04;prt_fild09;prt_fild10","unknown","not_verified"
"data/texture/필드바닥/moc_맨땅03.bmp","ground_texture","66614","not_yet_hashed","cmd_fild08;cmd_fild09;moc_fild01;moc_fild02;moc_fild04;moc_fild05;moc_fild06;moc_fild07;moc_fild08;moc_fild09;moc_fild10;moc_fild11;moc_fild12;moc_fild13;moc_fild14;moc_fild15;moc_fild16;moc_fild17;moc_fild18;moc_fild19;moc_fild20;moc_ruins;pay_fild04;prt_fild09;prt_fild10","unknown","not_verified"
"data/texture/필드바닥/moc_맨땅04.bmp","ground_texture","66612","not_yet_hashed","cmd_fild08;moc_fild01;moc_fild02;moc_fild04;moc_fild05;moc_fild06;moc_fild07;moc_fild13;moc_fild15;pay_fild04;prt_fild09;prt_fild10","unknown","not_verified"
"data/texture/필드바닥/moc_맨땅05.bmp","ground_texture","66614","not_yet_hashed","alde_tt02;alde_tt03;auction_01;cmd_fild08;cmd_fild09;moc_fild01;moc_fild02;moc_fild04;moc_fild05;moc_fild06;moc_fild07;moc_fild08;moc_fild09;moc_fild10;moc_fild11;moc_fild12;moc_fild13;moc_fild14;moc_fild15;moc_fild16;moc_fild17;moc_fild18;moc_fild19;moc_fild20;moc_ruins;morocc;prt_fild09;prt_fild10;quiz_02","unknown","not_verified"
"data/texture/필드바닥/moc_맨땅06.bmp","ground_texture","66614","not_yet_hashed","alde_tt02;alde_tt03;cmd_fild08;cmd_fild09;moc_fild01;moc_fild02;moc_fild04;moc_fild05;moc_fild06;moc_fild07;moc_fild08;moc_fild09;moc_fild10;moc_fild11;moc_fild12;moc_fild13;moc_fild14;moc_fild15;moc_fild16;moc_fild17;moc_fild18;moc_fild19;moc_fild20;moc_ruins;morocc;pay_fild04;prt_fild09;prt_fild10","unknown","not_verified"
"data/texture/필드바닥/moc_맨땅07.bmp","ground_texture","66614","not_yet_hashed","alde_tt02;cmd_fild08;cmd_fild09;moc_fild01;moc_fild02;moc_fild04;moc_fild05;moc_fild06;moc_fild07;moc_fild08;moc_fild09;moc_fild10;moc_fild11;moc_fild12;moc_fild13;moc_fild14;moc_fild15;moc_fild16;moc_fild17;moc_fild18;moc_fild19;moc_fild20;moc_ruins;morocc;prt_fild09;prt_fild10","unknown","not_verified"
"data/texture/필드바닥/moc_맨땅08.bmp","ground_texture","66614","not_yet_hashed","auction_01;cmd_fild02;cmd_fild08;cmd_fild09;moc_fild01;moc_fild02;moc_fild04;moc_fild05;moc_fild06;moc_fild07;moc_fild08;moc_fild09;moc_fild10;moc_fild11;moc_fild12;moc_fild13;moc_fild14;moc_fild15;moc_fild16;moc_fild17;moc_fild18;moc_fild19;moc_fild20;moc_ruins;morocc;pay_fild04;prt_fild09;prt_fild10;rag_fes;rag_fes_a","unknown","not_verified"
"data/texture/필드바닥/moc_맨땅09.bmp","ground_texture","66614","not_yet_hashed","cmd_fild08;cmd_fild09;moc_fild01;moc_fild02;moc_fild04;moc_fild05;moc_fild06;moc_fild07;moc_fild08;moc_fild09;moc_fild10;moc_fild11;moc_fild12;moc_fild13;moc_fild14;moc_fild15;moc_fild16;moc_fild17;moc_fild18;moc_fild19;moc_fild20;moc_ruins;pay_fild04;prt_fild09;prt_fild10","unknown","not_verified"
"data/texture/필드바닥/moc_맨땅10.bmp","ground_texture","66614","not_yet_hashed","moc_fild01;moc_fild02;pay_fild04;prt_fild09;prt_fild10","unknown","not_verified"
"data/texture/필드바닥/moc_맨땅11.bmp","ground_texture","66614","not_yet_hashed","moc_fild01;pay_fild04;prt_fild09;prt_fild10","unknown","not_verified"
"data/texture/필드바닥/moc_맨땅12.bmp","ground_texture","66614","not_yet_hashed","moc_fild01;pay_fild04;prt_fild09;prt_fild10","unknown","not_verified"
"data/texture/필드바닥/moc_맨땅13.bmp","ground_texture","66614","not_yet_hashed","cmd_fild08;cmd_fild09;moc_fild01;moc_fild02;moc_fild04;moc_fild05;moc_fild06;moc_fild07;moc_fild08;moc_fild09;moc_fild10;moc_fild11;moc_fild12;moc_fild13;moc_fild14;moc_fild15;moc_fild16;moc_fild17;moc_fild18;moc_fild19;prt_fild09;prt_fild10","unknown","not_verified"
"data/texture/필드바닥/moc_맨땅14.bmp","ground_texture","66614","not_yet_hashed","cmd_fild08;moc_fild01;moc_fild02;moc_fild04;moc_fild05;moc_fild06;moc_fild07;moc_fild08;moc_fild09;moc_fild10;moc_fild11;moc_fild12;moc_fild13;moc_fild14;moc_fild15;moc_fild16;moc_fild17;moc_fild18;moc_fild19;prt_fild09;prt_fild10","unknown","not_verified"
"data/texture/필드바닥/moc_성내01.bmp","ground_texture","66388","not_yet_hashed","moc_fild04;moc_fild08;moc_fild16;moc_fild19;moc_ruins;morocc;rag_fes;rag_fes_a;tra_fild01;tra_fild02;tra_fild03","unknown","not_verified"
"data/texture/필드바닥/moc_성내02.bmp","ground_texture","66612","not_yet_hashed","moc_fild04;moc_fild07;moc_fild08;moc_fild12;moc_fild16;moc_fild19;moc_ruins;morocc;quiz_01;quiz_02","unknown","not_verified"
"data/texture/필드바닥/moc_성내05.bmp","ground_texture","66612","not_yet_hashed","moc_fild07;moc_fild10;moc_fild12;moc_fild16;morocc","unknown","not_verified"
"data/texture/필드바닥/moc_성내06.bmp","ground_texture","66612","not_yet_hashed","moc_fild01;moc_fild04;moc_fild08;moc_fild10;moc_fild12;moc_fild16;moc_fild19;moc_ruins;morocc;quiz_01","unknown","not_verified"
"data/texture/필드바닥/moc_성내07.bmp","ground_texture","66612","not_yet_hashed","moc_fild01;moc_fild04;moc_fild07;moc_fild08;moc_fild10;moc_fild12;moc_fild16;morocc","unknown","not_verified"
"data/texture/필드바닥/moc_성내08.bmp","ground_texture","66612","not_yet_hashed","moc_fild01;moc_fild08;moc_fild10;moc_fild16;moc_fild19;moc_ruins;morocc","unknown","not_verified"
"data/texture/필드바닥/moc_화석01.bmp","ground_texture","66612","not_yet_hashed","cmd_fild08;cmd_fild09;moc_fild01;moc_fild02;moc_fild05;moc_fild06;moc_fild07;moc_fild08;moc_fild10;moc_fild11;moc_fild12;moc_fild13;moc_fild14;moc_fild15;moc_fild17;moc_fild18;prt_fild09;prt_fild10","unknown","not_verified"
"data/texture/필드바닥/moc_화석02.bmp","ground_texture","66612","not_yet_hashed","cmd_fild08;cmd_fild09;moc_fild01;moc_fild02;moc_fild04;moc_fild05;moc_fild06;moc_fild07;moc_fild08;moc_fild10;moc_fild11;moc_fild12;moc_fild13;moc_fild14;moc_fild15;moc_fild17;moc_fild18;pay_fild04;prt_fild09;prt_fild10","unknown","not_verified"
"data/texture/필드바닥/moc-assin_01.bmp","ground_texture","66612","not_yet_hashed","force_map1;force_map2;in_moc_16;job_sage;job_wiz;moc_fild16;moc_para01","unknown","not_verified"
"data/texture/필드바닥/moc-assin_02.bmp","ground_texture","66612","not_yet_hashed","cmd_fild07;force_map1;force_map2;grademk;hero_out3;in_moc_16;in_rogue;job_cru;job_prist;job_sage;job_wiz;moc_fild16;moc_para01;paramk","unknown","not_verified"
"data/texture/필드바닥/moc-assin_03.bmp","ground_texture","66612","not_yet_hashed","1@vrac2;grademk;in_moc_16;in_rogue;iz_ac02;iz_ac02_a;iz_ac02_b;iz_ac02_c;iz_ac02_d;job_knight;job_knt;moc_fild16;paramk","unknown","not_verified"
"data/texture/필드바닥/moc-assin_04.bmp","ground_texture","66612","not_yet_hashed","force_map1;force_map2;in_moc_16;job_sage;job_wiz;moc_fild16","unknown","not_verified"
"data/texture/필드바닥/moc-assin_05.bmp","ground_texture","66612","not_yet_hashed","1@gl_he;1@gl_he2;1@gl_k;1@gl_k2;1@gl_kh;1@vrac2;1@vrhha;2@gl_k;2@gl_k2;2@gl_kh;cmd_fild07;cmd_in01;force_map1;force_map2;force_map3;grademk;in_moc_16;in_rogue;iz_ac02;iz_ac02_a;iz_ac02_b;iz_ac02_c;iz_ac02_d;job_cru;job_knight;job_knt;job_prist;job_sage;job_wiz;job3_guil01;lou_in02;moc_fild16;moc_para01;paramk;que_job01;rebel_in","unknown","not_verified"
"data/texture/필드바닥/mocr_맨땅01.bmp","ground_texture","66612","not_yet_hashed","moc_fild20;moc_fild21;moc_fild22;moc_fild22b","unknown","not_verified"
"data/texture/필드바닥/mocr_맨땅02.bmp","ground_texture","66600","not_yet_hashed","moc_fild20;moc_fild21;moc_fild22;moc_fild22b","unknown","not_verified"
"data/texture/필드바닥/mocr_맨땅03.bmp","ground_texture","66612","not_yet_hashed","moc_fild20;moc_fild21;moc_fild22;moc_fild22b","unknown","not_verified"
"data/texture/필드바닥/mocr_맨땅04.bmp","ground_texture","66612","not_yet_hashed","moc_fild20;moc_fild21;moc_fild22;moc_fild22b","unknown","not_verified"
"data/texture/필드바닥/mocr_맨땅05.bmp","ground_texture","66612","not_yet_hashed","moc_fild20;moc_fild21;moc_fild22;moc_fild22b","unknown","not_verified"
"data/texture/필드바닥/mocr_맨땅06.bmp","ground_texture","66612","not_yet_hashed","moc_fild20;moc_fild21;moc_fild22;moc_fild22b","unknown","not_verified"
"data/texture/필드바닥/mocr_맨땅07.bmp","ground_texture","66612","not_yet_hashed","moc_fild20;moc_fild21;moc_fild22;moc_fild22b","unknown","not_verified"
"data/texture/필드바닥/mocr_맨땅08.bmp","ground_texture","66276","not_yet_hashed","moc_fild20;moc_fild21;moc_fild22;moc_fild22b","unknown","not_verified"
"data/texture/필드바닥/mocr_맨땅09.bmp","ground_texture","66592","not_yet_hashed","moc_fild20;moc_fild21;moc_fild22;moc_fild22b","unknown","not_verified"
"data/texture/필드바닥/mocr_맨땅10.bmp","ground_texture","66612","not_yet_hashed","moc_fild20","unknown","not_verified"
"data/texture/필드바닥/mocr_맨땅11.bmp","ground_texture","66612","not_yet_hashed","moc_fild20","unknown","not_verified"
"data/texture/필드바닥/mocr_맨땅12.bmp","ground_texture","66612","not_yet_hashed","moc_fild20","unknown","not_verified"
"data/texture/필드바닥/mocr_맨땅13.bmp","ground_texture","66612","not_yet_hashed","moc_fild20;moc_fild21;moc_fild22;moc_fild22b","unknown","not_verified"
"data/texture/필드바닥/mocr_맨땅14.bmp","ground_texture","66608","not_yet_hashed","moc_fild21;moc_fild22;moc_fild22b","unknown","not_verified"
"data/texture/필드바닥/mocr_맨땅15.bmp","ground_texture","66612","not_yet_hashed","moc_fild20;moc_fild21;moc_fild22;moc_fild22b","unknown","not_verified"
"data/texture/필드바닥/mocr_성내11.bmp","ground_texture","66612","not_yet_hashed","moc_fild20","unknown","not_verified"
"data/texture/필드바닥/mocr_화석01.bmp","ground_texture","66612","not_yet_hashed","moc_fild20;moc_fild21;moc_fild22;moc_fild22b","unknown","not_verified"
"data/texture/필드바닥/mocr_화석02.bmp","ground_texture","66612","not_yet_hashed","moc_fild20;moc_fild21","unknown","not_verified"
"data/texture/필드바닥/mocr_화석03.bmp","ground_texture","66612","not_yet_hashed","moc_fild20;moc_fild21;moc_fild22;moc_fild22b","unknown","not_verified"
"data/texture/필드바닥/mocr_화석04.bmp","ground_texture","66612","not_yet_hashed","moc_fild20;moc_fild21","unknown","not_verified"
"data/texture/필드바닥/pe-wall-001.bmp","ground_texture","66612","not_yet_hashed","1@face;1@sara;e_tower;job_star;moc_fild02;moc_fild13;pay_fild01;pay_fild04;pay_fild05;pay_fild06;pay_fild07;pay_fild09;pay_fild10;pay_fild11;payon","unknown","not_verified"
"data/texture/필드바닥/pe-wall-002.BMP","ground_texture","66612","not_yet_hashed","1@face;1@sara;e_tower;job_star;moc_fild02;moc_fild13;pay_fild01;pay_fild04;pay_fild05;pay_fild06;pay_fild07;pay_fild09;pay_fild10;pay_fild11;payon","unknown","not_verified"
"data/texture/필드바닥/pe-wall-003.bmp","ground_texture","66612","not_yet_hashed","1@face;1@sara;e_tower;job_star;moc_fild02;moc_fild13;pay_fild01;pay_fild04;pay_fild05;pay_fild06;pay_fild07;pay_fild09;pay_fild10;pay_fild11;payon","unknown","not_verified"
"data/texture/필드바닥/pe-wall-004.bmp","ground_texture","66612","not_yet_hashed","1@face;1@sara;e_tower;job_star;moc_fild02;moc_fild03;moc_fild13;pay_fild01;pay_fild04;pay_fild05;pay_fild06;pay_fild07;pay_fild08;pay_fild09;pay_fild10;pay_fild11;pay_gld;payg_cas01;payg_cas02;payg_cas05;payon","unknown","not_verified"
"data/texture/필드바닥/pe-wall-005.bmp","ground_texture","66612","not_yet_hashed","1@face;e_tower;job_star;moc_fild02;moc_fild13;pay_fild01;pay_fild04;pay_fild05;pay_fild07;pay_fild09;pay_fild10","unknown","not_verified"
"data/texture/필드바닥/pe-wall-006.bmp","ground_texture","66612","not_yet_hashed","1@face;1@sara;e_tower;job_star;moc_fild02;moc_fild13;pay_fild01;pay_fild04;pay_fild05;pay_fild06;pay_fild07;pay_fild09;pay_fild10;pay_fild11;payon","unknown","not_verified"
"data/texture/필드바닥/pe-wall-007.bmp","ground_texture","66612","not_yet_hashed","1@sara;e_tower;moc_fild02;moc_fild13;pay_fild04;pay_fild05;pay_fild06;pay_fild07;pay_fild09;pay_fild11;payon","unknown","not_verified"
"data/texture/필드바닥/pe-wall-008.bmp","ground_texture","66612","not_yet_hashed","job_star;moc_fild02;moc_fild13;pay_fild04;pay_fild05;pay_fild06;pay_fild07;pay_fild09;pay_fild11","unknown","not_verified"
"data/texture/필드바닥/pj_tile_map.bmp","ground_texture","263220","not_yet_hashed","tra_fild01;tra_fild02;tra_fild03","unknown","not_verified"
"data/texture/필드바닥/pron-dun-02.bmp","ground_texture","66612","not_yet_hashed","1@def01;new_event;new_zone01;new_zone03;prt_maze01;prt_maze02;prt_maze03;prt_mz03_i;tra_fild","unknown","not_verified"
"data/texture/필드바닥/pron-dun-03.bmp","ground_texture","66612","not_yet_hashed","1@def01;new_event;new_zone01;new_zone03;prt_maze01;prt_maze02;prt_maze03;prt_mz03_i;tra_fild","unknown","not_verified"
"data/texture/필드바닥/pron-dun-04.bmp","ground_texture","66612","not_yet_hashed","1@def01;new_event;new_zone01;new_zone03;prt_maze01;prt_maze02;prt_maze03;prt_mz03_i;tra_fild","unknown","not_verified"
"data/texture/필드바닥/pron-dun-05.bmp","ground_texture","66612","not_yet_hashed","1@def01;new_event;new_zone01;new_zone03;prt_maze01;prt_maze02;prt_maze03;prt_mz03_i;tra_fild","unknown","not_verified"
"data/texture/필드바닥/pron-dun-06.bmp","ground_texture","66612","not_yet_hashed","1@def01;new_event;new_zone01;new_zone03;prt_maze01;prt_maze02;prt_maze03;prt_mz03_i;tra_fild","unknown","not_verified"
"data/texture/필드바닥/pron-dun-07.bmp","ground_texture","66612","not_yet_hashed","1@def01;new_event;new_zone01;new_zone03;prt_maze01;prt_maze02;prt_maze03;prt_mz03_i;tra_fild","unknown","not_verified"
"data/texture/필드바닥/pron-dun-08.bmp","ground_texture","66612","not_yet_hashed","1@def01;new_event;new_zone01;new_zone03;prt_maze01;prt_maze02;prt_maze03;prt_mz03_i;tra_fild","unknown","not_verified"
"data/texture/필드바닥/pron-dun-09.bmp","ground_texture","66612","not_yet_hashed","prt_maze01;prt_maze03;prt_mz03_i","unknown","not_verified"
"data/texture/필드바닥/prt_도시01.bmp","ground_texture","66614","not_yet_hashed","06guild_r;bat_c01;gon_fild01;hem_dun02;izlude;izlude_a;izlude_b;izlude_c;izlude_d;n_castle;pprontera;prontera;prt_fild05;prt_fild06;prt_fild08;prt_fild08a;prt_fild08b;prt_fild08c;prt_fild08d;prt_gld;prt_q;prtg_cas03;pvp_y_1-2;pvp_y_2-2;pvp_y_3-2;pvp_y_4-2;pvp_y_5-2;pvp_y_6-2;pvp_y_7-2;pvp_y_8-2;quiz_01;quiz_02;te_prt_gld;te_prtcas03;tra_fild;x_prt;x_prt_evt","unknown","not_verified"
"data/texture/필드바닥/prt_도시02.bmp","ground_texture","66614","not_yet_hashed","06guild_r;1@vrclo;bat_c01;ch1_sf03;ch2safe1;gon_dun01;gon_fild01;hem_dun02;iz_d04_i;iz_dun04;izlu2dun;izlude;izlude_a;izlude_b;izlude_c;izlude_d;job_monk;n_castle;pprontera;prontera;prt_fild05;prt_fild06;prt_fild08;prt_fild08a;prt_fild08b;prt_fild08c;prt_fild08d;prt_gld;prt_monk;prt_q;prtg_cas01;prtg_cas02;prtg_cas03;prtg_cas04;prtg_cas05;pvp_y_1-2;pvp_y_2-2;pvp_y_3-2;pvp_y_4-2;pvp_y_5-2;pvp_y_6-2;pvp_y_7-2;pvp_y_8-2;quiz_01;quiz_02;siege_test;te_prt_gld;te_prtcas01;te_prtcas02;te_prtcas03;te_prtcas04;te_prtcas05;tra_fild;vr_clo1;x_prt;x_prt_evt","unknown","not_verified"
"data/texture/필드바닥/prt_도시03.bmp","ground_texture","66614","not_yet_hashed","bat_c01;hem_dun02;izlude;izlude_a;izlude_b;izlude_c;izlude_d;pprontera;prontera;prt_gld;prt_q;prtg_cas03;pvp_y_1-2;pvp_y_2-2;pvp_y_3-2;pvp_y_4-2;pvp_y_5-2;pvp_y_6-2;pvp_y_7-2;pvp_y_8-2;quiz_02;te_prt_gld;te_prtcas03;x_prt","unknown","not_verified"
"data/texture/필드바닥/prt_도시04.bmp","ground_texture","66614","not_yet_hashed","bat_c01;ch1_sf03;hem_dun02;pprontera;prontera;prt_fild05;prt_fild08;prt_fild08a;prt_fild08b;prt_fild08c;prt_fild08d;prt_gld;prt_q;prtg_cas01;prtg_cas02;siege_test;te_prt_gld;te_prtcas01;te_prtcas02","unknown","not_verified"
"data/texture/필드바닥/prt_도시05-1.bmp","ground_texture","66612","not_yet_hashed","izlude;izlude_a;izlude_b;izlude_c;izlude_d;pvp_y_1-2;pvp_y_2-2;pvp_y_3-2;pvp_y_4-2;pvp_y_5-2;pvp_y_6-2;pvp_y_7-2;pvp_y_8-2","unknown","not_verified"
"data/texture/필드바닥/prt_도시05.bmp","ground_texture","66614","not_yet_hashed","izlude;izlude_a;izlude_b;izlude_c;izlude_d;n_castle;pprontera;prontera;prt_q;pvp_y_1-2;pvp_y_2-2;pvp_y_3-2;pvp_y_4-2;pvp_y_5-2;pvp_y_6-2;pvp_y_7-2;pvp_y_8-2;x_prt","unknown","not_verified"
"data/texture/필드바닥/prt_도시06.bmp","ground_texture","66612","not_yet_hashed","1@vrclo;bat_c01;hem_dun02;izlude;izlude_a;izlude_b;izlude_c;izlude_d;job_monk;prt_gld;prt_monk;prtg_cas01;prtg_cas02;prtg_cas04;prtg_cas05;pvp_y_1-2;pvp_y_2-2;pvp_y_3-2;pvp_y_4-2;pvp_y_5-2;pvp_y_6-2;pvp_y_7-2;pvp_y_8-2;siege_test;te_prt_gld;te_prtcas01;te_prtcas02;te_prtcas04;te_prtcas05;vr_clo1","unknown","not_verified"
"data/texture/필드바닥/prt_도시07.bmp","ground_texture","66612","not_yet_hashed","1@vrclo;bat_c01;hem_dun02;izlu2dun;izlude;izlude_a;izlude_b;izlude_c;izlude_d;job_monk;prt_gld;prt_monk;prtg_cas01;prtg_cas02;pvp_y_1-2;pvp_y_2-2;pvp_y_3-2;pvp_y_4-2;pvp_y_5-2;pvp_y_6-2;pvp_y_7-2;pvp_y_8-2;siege_test;te_prt_gld;te_prtcas01;te_prtcas02;vr_clo1","unknown","not_verified"
"data/texture/필드바닥/prt_도시08.bmp","ground_texture","66612","not_yet_hashed","izlude;izlude_a;izlude_b;izlude_c;izlude_d;pprontera;prontera;prt_fild05;prt_fild06;prt_fild08;prt_fild08a;prt_fild08b;prt_fild08c;prt_fild08d;prt_q;pvp_y_1-2;pvp_y_2-2;pvp_y_3-2;pvp_y_4-2;pvp_y_5-2;pvp_y_6-2;pvp_y_7-2;pvp_y_8-2","unknown","not_verified"
"data/texture/필드바닥/prt_바위01.bmp","ground_texture","66612","not_yet_hashed","gef_fild11;hem_dun02;mjolnir_09;prt_fild01;prt_fild02;prt_fild05;prt_fild06;prt_fild08;prt_fild08a;prt_fild08b;prt_fild08c;prt_fild08d;prt_fild10;prt_fild11;prt_gld;te_prt_gld","unknown","not_verified"
"data/texture/필드바닥/prt_언덕01.bmp","ground_texture","66612","not_yet_hashed","1@vrclo;alb2trea;bl_grass;gef_fild02;gef_fild11;int_land;int_land01;int_land02;int_land03;int_land04;izlu2dun;job_monk;mjolnir_07;mjolnir_09;moc_fild01;pay_fild04;prt_fild00;prt_fild01;prt_fild02;prt_fild03;prt_fild04;prt_fild05;prt_fild06;prt_fild07;prt_fild08;prt_fild08a;prt_fild08b;prt_fild08c;prt_fild08d;prt_fild09;prt_fild10;prt_fild11;prt_monk;sec_in02;vr_clo1","unknown","not_verified"
"data/texture/필드바닥/prt_언덕02.bmp","ground_texture","66612","not_yet_hashed","1@vrclo;alb2trea;bl_depth2;bl_grass;gef_fild02;gef_fild11;int_land;int_land01;int_land02;int_land03;int_land04;izlu2dun;job_monk;mjolnir_07;mjolnir_09;pay_fild04;prt_fild00;prt_fild01;prt_fild02;prt_fild03;prt_fild04;prt_fild05;prt_fild06;prt_fild07;prt_fild08;prt_fild08a;prt_fild08b;prt_fild08c;prt_fild08d;prt_fild09;prt_fild10;prt_fild11;prt_monk;sec_in02;vr_clo1","unknown","not_verified"
"data/texture/필드바닥/prt_언덕03.bmp","ground_texture","66612","not_yet_hashed","1@vrclo;alb2trea;bl_grass;gef_fild02;gef_fild11;int_land;int_land01;int_land02;int_land03;int_land04;izlu2dun;job_monk;mjolnir_07;mjolnir_09;pay_fild04;prt_fild00;prt_fild01;prt_fild02;prt_fild03;prt_fild04;prt_fild05;prt_fild06;prt_fild07;prt_fild08;prt_fild08a;prt_fild08b;prt_fild08c;prt_fild08d;prt_fild09;prt_fild10;prt_fild11;prt_monk;sec_in02;vr_clo1","unknown","not_verified"
"data/texture/필드바닥/prt_언덕04.bmp","ground_texture","66612","not_yet_hashed","gef_fild11;moc_fild01;pay_fild04;prt_fild08;prt_fild08a;prt_fild08b;prt_fild08c;prt_fild08d;prt_fild09;prt_fild10;prt_fild11","unknown","not_verified"
"data/texture/필드바닥/prt_언덕05.bmp","ground_texture","66612","not_yet_hashed","gef_fild11;izlu2dun;moc_fild01;pay_fild04;prt_fild08;prt_fild08a;prt_fild08b;prt_fild08c;prt_fild08d;prt_fild09;prt_fild10;prt_fild11","unknown","not_verified"
"data/texture/필드바닥/prt_언덕06.bmp","ground_texture","66612","not_yet_hashed","gef_fild11;moc_fild01;pay_fild04;prt_fild08;prt_fild08a;prt_fild08b;prt_fild08c;prt_fild08d;prt_fild09;prt_fild10;prt_fild11","unknown","not_verified"
"data/texture/필드바닥/prt_언덕07.bmp","ground_texture","66614","not_yet_hashed","izlu2dun;moc_fild01;pay_fild04;prt_fild11","unknown","not_verified"
"data/texture/필드바닥/prt_언덕08.bmp","ground_texture","66612","not_yet_hashed","pay_fild04","unknown","not_verified"
"data/texture/필드바닥/prt_언덕09.bmp","ground_texture","66612","not_yet_hashed","izlu2dun","unknown","not_verified"
"data/texture/필드바닥/prt_언덕10.bmp","ground_texture","66612","not_yet_hashed","prt_fild00;prt_fild04;prt_fild05;prt_fild08;prt_fild08a;prt_fild08b;prt_fild08c;prt_fild08d;prt_fild10","unknown","not_verified"
"data/texture/필드바닥/prt_언덕11.bmp","ground_texture","66612","not_yet_hashed","bl_grass;gef_fild11;hem_dun02;izlu2dun;mjolnir_07;mjolnir_09;pay_fild04;prt_fild00;prt_fild01;prt_fild02;prt_fild03;prt_fild04;prt_fild05;prt_fild06;prt_fild07;prt_fild08;prt_fild08a;prt_fild08b;prt_fild08c;prt_fild08d;prt_fild09;prt_fild10;prt_fild11;prt_gld;sec_in02;te_prt_gld","unknown","not_verified"
"data/texture/필드바닥/prt_언덕12.bmp","ground_texture","66612","not_yet_hashed","gef_fild11;mjolnir_09;prt_fild00;prt_fild02;prt_fild03;prt_fild06;prt_fild09;prt_fild10;prt_fild11","unknown","not_verified"
"data/texture/필드바닥/prt_지하01.bmp","ground_texture","66612","not_yet_hashed","job_hunte;job_hunter;prt_sewb1;prt_sewb4;sec_pri","unknown","not_verified"
"data/texture/필드바닥/prt_지하02.bmp","ground_texture","66612","not_yet_hashed","prt_sewb1","unknown","not_verified"
"data/texture/필드바닥/prt_지하03.bmp","ground_texture","17460","not_yet_hashed","ab_venom1;job_hunte;job_hunter;prt_sewb1;prt_sewb4","unknown","not_verified"
"data/texture/필드바닥/prt_지하04.bmp","ground_texture","66612","not_yet_hashed","ab_venom1;prt_sewb1;prt_sewb4","unknown","not_verified"
"data/texture/필드바닥/prt_초원01.bmp","ground_texture","66612","not_yet_hashed","1@vrclo;alb2trea;aldebaran;aldeg_cas05;bat_c01;bl_depth1;bl_depth2;bl_grass;ch1_sf03;gef_fild02;gef_fild11;hem_dun02;int_land;int_land01;int_land02;int_land03;int_land04;izlu2dun;izlude;izlude_a;izlude_b;izlude_c;izlude_d;job_knt;job_monk;mjolnir_07;mjolnir_08;mjolnir_09;moc_fild01;pay_fild04;pprontera;prontera;prt_fild00;prt_fild01;prt_fild02;prt_fild03;prt_fild04;prt_fild05;prt_fild06;prt_fild07;prt_fild08;prt_fild08a;prt_fild08b;prt_fild08c;prt_fild08d;prt_fild09;prt_fild10;prt_fild11;prt_gld;prt_monk;prt_q;prtg_cas01;prtg_cas02;prtg_cas03;prtg_cas04;prtg_cas05;pvp_y_1-2;pvp_y_2-2;pvp_y_3-2;pvp_y_4-2;pvp_y_5-2;pvp_y_6-2;pvp_y_7-2;pvp_y_8-2;quiz_00;quiz_02;sec_in02;siege_test;te_aldecas5;te_prt_gld;te_prtcas01;te_prtcas02;te_prtcas03;te_prtcas04;te_prtcas05;vr_clo1","unknown","not_verified"
"data/texture/필드바닥/prt_초원02.bmp","ground_texture","66612","not_yet_hashed","1@vrclo;bl_depth2;bl_grass;gef_fild02;gef_fild11;job_monk;mjolnir_07;mjolnir_09;moc_fild01;pay_fild04;prt_fild00;prt_fild01;prt_fild02;prt_fild03;prt_fild04;prt_fild05;prt_fild06;prt_fild07;prt_fild08;prt_fild08a;prt_fild08b;prt_fild08c;prt_fild08d;prt_fild09;prt_fild10;prt_fild11;prt_monk;sec_in02;vr_clo1","unknown","not_verified"
"data/texture/필드바닥/prt_초원03.bmp","ground_texture","66612","not_yet_hashed","1@vrclo;bl_depth2;bl_grass;gef_fild02;gef_fild11;job_knt;job_monk;mjolnir_07;mjolnir_09;moc_fild01;pay_fild04;prt_fild00;prt_fild01;prt_fild02;prt_fild03;prt_fild06;prt_fild07;prt_fild09;prt_fild10;prt_fild11;prt_monk;sec_in02;vr_clo1","unknown","not_verified"
"data/texture/필드바닥/prt_초원04.bmp","ground_texture","66612","not_yet_hashed","1@vrclo;bl_depth2;bl_grass;gef_fild02;gef_fild11;job_monk;mjolnir_07;mjolnir_09;moc_fild01;pay_fild04;prt_fild00;prt_fild01;prt_fild02;prt_fild03;prt_fild04;prt_fild05;prt_fild06;prt_fild07;prt_fild08;prt_fild08a;prt_fild08b;prt_fild08c;prt_fild08d;prt_fild09;prt_fild10;prt_fild11;prt_monk;sec_in02;vr_clo1","unknown","not_verified"
"data/texture/필드바닥/prt_초원05.bmp","ground_texture","66612","not_yet_hashed","1@vrclo;bl_depth2;bl_grass;gef_fild02;gef_fild11;job_monk;mjolnir_07;mjolnir_09;pay_fild04;prt_fild01;prt_fild02;prt_fild03;prt_fild06;prt_fild07;prt_fild09;prt_fild10;prt_fild11;prt_monk;sec_in02;vr_clo1","unknown","not_verified"
"data/texture/필드바닥/prt_초원06.bmp","ground_texture","66612","not_yet_hashed","1@face;1@sara;1@vrclo;alb2trea;amatsu;bl_grass;cmd_fild08;cmd_fild09;gef_fild02;gef_fild11;hem_dun02;int_land;int_land01;int_land02;int_land03;int_land04;izlu2dun;izlude;izlude_a;izlude_b;izlude_c;izlude_d;job_monk;mjolnir_07;mjolnir_08;mjolnir_09;moc_fild02;moc_fild13;moc_fild14;moc_fild15;moc_fild16;moc_fild17;moc_fild18;pay_fild01;pay_fild04;pay_fild05;pay_fild06;pay_fild07;pay_fild09;pay_fild10;payon;pprontera;prontera;prt_fild00;prt_fild01;prt_fild02;prt_fild03;prt_fild04;prt_fild05;prt_fild06;prt_fild08;prt_fild08a;prt_fild08b;prt_fild08c;prt_fild08d;prt_fild11;prt_gld;prt_monk;prt_q;pvp_y_1-2;pvp_y_2-2;pvp_y_3-2;pvp_y_4-2;pvp_y_5-2;pvp_y_6-2;pvp_y_7-2;pvp_y_8-2;te_prt_gld;vr_clo1","unknown","not_verified"
"data/texture/필드바닥/prt_초원08.bmp","ground_texture","66612","not_yet_hashed","1@face;1@sara;1@vrclo;alb2trea;bl_grass;cmd_fild08;cmd_fild09;e_tower;gef_fild11;hem_dun02;int_land;int_land01;int_land02;int_land03;int_land04;izlu2dun;izlude;izlude_a;izlude_b;izlude_c;izlude_d;job_monk;mjolnir_07;mjolnir_08;mjolnir_09;moc_fild02;moc_fild13;moc_fild14;moc_fild15;moc_fild16;moc_fild17;moc_fild18;pay_fild01;pay_fild04;pay_fild05;pay_fild06;pay_fild07;pay_fild09;pay_fild10;payon;pprontera;prontera;prt_fild00;prt_fild01;prt_fild02;prt_fild03;prt_fild04;prt_fild05;prt_fild06;prt_fild08;prt_fild08a;prt_fild08b;prt_fild08c;prt_fild08d;prt_fild11;prt_gld;prt_monk;prt_q;pvp_y_1-2;pvp_y_2-2;pvp_y_3-2;pvp_y_4-2;pvp_y_5-2;pvp_y_6-2;pvp_y_7-2;pvp_y_8-2;te_prt_gld;vr_clo1","unknown","not_verified"
"data/texture/필드바닥/prt_초원09.bmp","ground_texture","66612","not_yet_hashed","1@face;1@vrclo;bl_grass;gef_fild02;gef_fild11;hem_dun02;job_monk;mjolnir_07;mjolnir_08;mjolnir_09;pay_fild01;pay_fild04;pay_fild05;pay_fild06;pay_fild09;pay_fild10;pprontera;prontera;prt_fild00;prt_fild01;prt_fild02;prt_fild03;prt_fild04;prt_fild05;prt_fild06;prt_fild08;prt_fild08a;prt_fild08b;prt_fild08c;prt_fild08d;prt_fild10;prt_fild11;prt_gld;prt_monk;prt_q;te_prt_gld;vr_clo1","unknown","not_verified"
"data/texture/필드바닥/prt_흙02-3.bmp","ground_texture","66612","not_yet_hashed","gef_fild11","unknown","not_verified"
"data/texture/필드바닥/prt_흙02.bmp","ground_texture","66612","not_yet_hashed","1@vrclo;bl_depth2;bl_grass;gef_fild02;gef_fild11;izlu2dun;job_monk;mjolnir_07;mjolnir_09;moc_fild01;pay_fild04;prt_fild00;prt_fild01;prt_fild02;prt_fild03;prt_fild04;prt_fild05;prt_fild06;prt_fild07;prt_fild08;prt_fild08a;prt_fild08b;prt_fild08c;prt_fild08d;prt_fild09;prt_fild10;prt_fild11;prt_monk;sec_in02;vr_clo1","unknown","not_verified"
"data/texture/필드바닥/prt_흙03.bmp","ground_texture","66612","not_yet_hashed","gld2_prt;pprontera;prontera;prt_q","unknown","not_verified"
"data/texture/필드바닥/Russia_field01.bmp","ground_texture","66612","not_yet_hashed","moscovia;mosk_dun01;mosk_dun02;mosk_dun03;mosk_fild02","unknown","not_verified"
"data/texture/필드바닥/Russia_field02.bmp","ground_texture","66612","not_yet_hashed","moscovia;mosk_dun01;mosk_dun02;mosk_dun03","unknown","not_verified"
"data/texture/필드바닥/Russia_field03.bmp","ground_texture","66612","not_yet_hashed","moscovia;mosk_dun01;mosk_dun02;mosk_dun03;mosk_fild02","unknown","not_verified"
"data/texture/필드바닥/Russia_field04.bmp","ground_texture","66612","not_yet_hashed","moscovia;mosk_dun01;mosk_dun02;mosk_dun03;mosk_fild02","unknown","not_verified"
"data/texture/필드바닥/Russia_field05.bmp","ground_texture","66612","not_yet_hashed","moscovia;mosk_dun01;mosk_dun02;mosk_dun03;mosk_fild02","unknown","not_verified"
"data/texture/필드바닥/Russia_field06.bmp","ground_texture","66612","not_yet_hashed","moscovia;mosk_dun02;mosk_dun03;mosk_fild02","unknown","not_verified"
"data/texture/필드바닥/Russia_field07.bmp","ground_texture","66612","not_yet_hashed","moscovia;mosk_dun01;mosk_dun02;mosk_dun03;mosk_fild02","unknown","not_verified"
"data/texture/필드바닥/Russia_field08.bmp","ground_texture","66612","not_yet_hashed","moscovia;mosk_dun01;mosk_dun02;mosk_dun03;mosk_fild02","unknown","not_verified"
"data/texture/필드바닥/Russia_field09.bmp","ground_texture","66612","not_yet_hashed","moscovia;mosk_dun01;mosk_dun02;mosk_fild02","unknown","not_verified"
"data/texture/필드바닥/Russia_field10.bmp","ground_texture","66612","not_yet_hashed","moscovia;mosk_dun01;mosk_dun02;mosk_fild02","unknown","not_verified"
"data/texture/필드바닥/Russia_field11.bmp","ground_texture","66612","not_yet_hashed","moscovia;mosk_dun01;mosk_dun02;mosk_fild02","unknown","not_verified"
"data/texture/필드바닥/Russia_field12.bmp","ground_texture","66612","not_yet_hashed","moscovia;mosk_dun01;mosk_dun02;mosk_fild02","unknown","not_verified"
"data/texture/필드바닥/Russia_field13.bmp","ground_texture","66612","not_yet_hashed","moscovia;mosk_dun01;mosk_dun02;mosk_dun03;mosk_fild02","unknown","not_verified"
"data/texture/필드바닥/Russia_field14.bmp","ground_texture","66612","not_yet_hashed","moscovia;mosk_dun01;mosk_dun02;mosk_dun03;mosk_fild02","unknown","not_verified"
"data/texture/필드바닥/Russia_field15.bmp","ground_texture","66612","not_yet_hashed","moscovia;mosk_dun01;mosk_dun02;mosk_dun03;mosk_fild02","unknown","not_verified"
"data/texture/필드바닥/Russia_field16.bmp","ground_texture","66612","not_yet_hashed","moscovia;mosk_dun01;mosk_dun02;mosk_dun03;mosk_fild02","unknown","not_verified"
"data/texture/필드바닥/Russia_field17.bmp","ground_texture","66612","not_yet_hashed","moscovia;mosk_dun01;mosk_dun02;mosk_dun03;mosk_fild02","unknown","not_verified"
"data/texture/필드바닥/Russia_field18.bmp","ground_texture","66612","not_yet_hashed","moscovia;mosk_dun01;mosk_dun02;mosk_dun03;mosk_fild02","unknown","not_verified"
"data/texture/필드바닥/Russia_field19.bmp","ground_texture","66612","not_yet_hashed","moscovia;mosk_dun01;mosk_dun02;mosk_dun03;mosk_fild02","unknown","not_verified"
"data/texture/필드바닥/Russia_field20.bmp","ground_texture","66612","not_yet_hashed","moscovia;mosk_fild02","unknown","not_verified"
"data/texture/필드바닥/Russia_field21.bmp","ground_texture","66612","not_yet_hashed","moscovia;mosk_dun01;mosk_fild02","unknown","not_verified"
"data/texture/필드바닥/Russia_field22.bmp","ground_texture","66612","not_yet_hashed","moscovia;mosk_dun01;mosk_fild02","unknown","not_verified"
"data/texture/필드바닥/Russia_field23.bmp","ground_texture","66612","not_yet_hashed","moscovia;mosk_fild02","unknown","not_verified"
"data/texture/필드바닥/Russia_field24.bmp","ground_texture","66612","not_yet_hashed","moscovia;mosk_dun01;mosk_fild02","unknown","not_verified"
"data/texture/필드바닥/Russia_field25.bmp","ground_texture","66612","not_yet_hashed","moscovia;mosk_dun01;mosk_fild01;mosk_fild02;mosk_ship","unknown","not_verified"
"data/texture/필드바닥/Russia_field26.bmp","ground_texture","66612","not_yet_hashed","moscovia;mosk_dun01;mosk_dun02;mosk_dun03","unknown","not_verified"
"data/texture/필드바닥/Russia_palace01.bmp","ground_texture","66612","not_yet_hashed","moscovia","unknown","not_verified"
"data/texture/필드바닥/Russia_palace02.bmp","ground_texture","66612","not_yet_hashed","moscovia","unknown","not_verified"
"data/texture/필드바닥/Russia_palace03.bmp","ground_texture","66612","not_yet_hashed","moscovia","unknown","not_verified"
"data/texture/필드바닥/Russia_palace04.bmp","ground_texture","66612","not_yet_hashed","moscovia","unknown","not_verified"
"data/texture/필드바닥/Russia_palace05.bmp","ground_texture","66612","not_yet_hashed","moscovia","unknown","not_verified"
"data/texture/필드바닥/Russia_palace06.bmp","ground_texture","66612","not_yet_hashed","moscovia","unknown","not_verified"
"data/texture/필드바닥/Russia_town03.bmp","ground_texture","66612","not_yet_hashed","moscovia","unknown","not_verified"
"data/texture/필드바닥/sage_gr.BMP","ground_texture","66612","not_yet_hashed","ein_fild02;ein_fild05;yuno;yuno_fild04","unknown","not_verified"
"data/texture/필드바닥/tan_field01.bmp","ground_texture","66612","not_yet_hashed","hu_fild01;tha_scene01","unknown","not_verified"
"data/texture/필드바닥/tan_field02.bmp","ground_texture","66612","not_yet_hashed","hu_fild01;tha_scene01","unknown","not_verified"
"data/texture/필드바닥/tan_field03.bmp","ground_texture","66612","not_yet_hashed","hu_fild01;tha_scene01","unknown","not_verified"
"data/texture/필드바닥/tan_field04.bmp","ground_texture","66612","not_yet_hashed","hu_fild01;tha_scene01","unknown","not_verified"
"data/texture/필드바닥/tan_field05.bmp","ground_texture","66612","not_yet_hashed","hu_fild01;tha_scene01;tha_t04","unknown","not_verified"
"data/texture/필드바닥/tan_field06.bmp","ground_texture","66612","not_yet_hashed","hu_fild01;tha_scene01","unknown","not_verified"
"data/texture/필드바닥/tan_field07.bmp","ground_texture","66612","not_yet_hashed","hu_fild01;tha_scene01;tha_t03","unknown","not_verified"
"data/texture/필드바닥/tan_field08.bmp","ground_texture","66612","not_yet_hashed","hu_fild01;tha_scene01","unknown","not_verified"
"data/texture/필드바닥/tor_in01.bmp","ground_texture","66612","not_yet_hashed","1@tcamp;thor_camp","unknown","not_verified"
"data/texture/필드바닥/tor_in02.bmp","ground_texture","66612","not_yet_hashed","1@tcamp;thor_camp","unknown","not_verified"
"data/texture/필드바닥/tor_in03.bmp","ground_texture","66612","not_yet_hashed","1@tcamp;thor_camp","unknown","not_verified"
"data/texture/필드바닥/tor_in04.bmp","ground_texture","66612","not_yet_hashed","1@tcamp;thor_camp","unknown","not_verified"
"data/texture/필드바닥/tor_in05.bmp","ground_texture","66612","not_yet_hashed","1@tcamp;thor_camp","unknown","not_verified"
"data/texture/필드바닥/tor_in06.bmp","ground_texture","66612","not_yet_hashed","1@tcamp;thor_camp","unknown","not_verified"
"data/texture/필드바닥/tor_in07.bmp","ground_texture","66612","not_yet_hashed","1@tcamp;thor_camp","unknown","not_verified"
"data/texture/필드바닥/tor_in08.bmp","ground_texture","66612","not_yet_hashed","1@gol1;1@tcamp;thor_camp","unknown","not_verified"
"data/texture/필드바닥/whi_dunbadak1 copy.bmp","ground_texture","66612","not_yet_hashed","1@def02;gld2_ald;job3_arch02;odin_tem03;poring_w01;poring_w02;que_hugel","unknown","not_verified"
"data/texture/필드바닥/xmas_눈바닥01.bmp","ground_texture","66612","not_yet_hashed","xmas;xmas_fild01","unknown","not_verified"
"data/texture/필드바닥/xmas_눈바닥02.bmp","ground_texture","66612","not_yet_hashed","xmas;xmas_fild01","unknown","not_verified"
"data/texture/필드바닥/xmas_눈바닥03.bmp","ground_texture","66612","not_yet_hashed","xmas;xmas_fild01","unknown","not_verified"
"data/texture/필드바닥/xmas_눈바닥04.bmp","ground_texture","66612","not_yet_hashed","xmas;xmas_fild01","unknown","not_verified"
"data/texture/필드바닥/xmas_눈바닥05.bmp","ground_texture","66612","not_yet_hashed","xmas;xmas_fild01","unknown","not_verified"
"data/texture/필드바닥/xmas_눈바닥06.bmp","ground_texture","66612","not_yet_hashed","xmas;xmas_fild01","unknown","not_verified"
"data/texture/필드바닥/xmas_블럭01.bmp","ground_texture","66612","not_yet_hashed","xmas","unknown","not_verified"
"data/texture/필드바닥/xmas_블럭02.bmp","ground_texture","66612","not_yet_hashed","xmas","unknown","not_verified"
"data/texture/필드바닥/xmas_블럭03.bmp","ground_texture","66612","not_yet_hashed","xmas","unknown","not_verified"
"data/texture/필드바닥/xmas_블럭04.bmp","ground_texture","66612","not_yet_hashed","xmas","unknown","not_verified"
"data/texture/필드바닥/xmas_블럭05.bmp","ground_texture","66612","not_yet_hashed","xmas","unknown","not_verified"
"data/texture/필드바닥/xmas_블럭06.bmp","ground_texture","66612","not_yet_hashed","xmas","unknown","not_verified"
"data/texture/필드바닥/xmas_블럭07.bmp","ground_texture","66612","not_yet_hashed","xmas","unknown","not_verified"
"data/texture/필드바닥/xmas_블럭08.bmp","ground_texture","66612","not_yet_hashed","xmas","unknown","not_verified"
"data/texture/필드바닥/xmas_블럭09.bmp","ground_texture","66612","not_yet_hashed","xmas","unknown","not_verified"
"data/texture/필드바닥/xmas_블럭10.bmp","ground_texture","66612","not_yet_hashed","xmas","unknown","not_verified"
"data/texture/필드바닥/xmas_블럭11.bmp","ground_texture","66612","not_yet_hashed","jor_albe;xmas","unknown","not_verified"
"data/texture/필드바닥/xmas_블럭12.bmp","ground_texture","66612","not_yet_hashed","xmas","unknown","not_verified"
"data/texture/필드바닥/개미지옥_01.bmp","ground_texture","66612","not_yet_hashed","alde_tt02;alde_tt03;job_sage;job_wiz;moc_fild04;moc_fild08;moc_fild09;moc_fild12;moc_fild15;moc_fild17","unknown","not_verified"
"data/texture/필드바닥/개미지옥_02.bmp","ground_texture","66612","not_yet_hashed","alde_tt02;alde_tt03;job_sage;job_wiz;moc_fild08;moc_fild09;moc_fild12;moc_fild15;moc_fild17","unknown","not_verified"
"data/texture/필드바닥/개미지옥_03.bmp","ground_texture","66612","not_yet_hashed","alde_tt02;alde_tt03;job_sage;job_wiz;moc_fild08;moc_fild09;moc_fild12;moc_fild13;moc_fild14;moc_fild15;moc_fild17","unknown","not_verified"
"data/texture/필드바닥/개미지옥_04.bmp","ground_texture","66612","not_yet_hashed","alde_tt02;alde_tt03;job_sage;job_wiz;moc_fild08;moc_fild09;moc_fild12;moc_fild14;moc_fild15;moc_fild17","unknown","not_verified"
"data/texture/필드바닥/개미지옥1-1.bmp","ground_texture","66612","not_yet_hashed","alde_tt02;alde_tt03;moc_fild08;moc_fild09;moc_fild11;moc_fild12;moc_fild13;moc_fild15;moc_fild17","unknown","not_verified"
"data/texture/필드바닥/개미지옥2-1.bmp","ground_texture","66612","not_yet_hashed","alde_tt02;alde_tt03;moc_fild08;moc_fild09;moc_fild11;moc_fild12;moc_fild13;moc_fild15;moc_fild17","unknown","not_verified"
"data/texture/필드바닥/개미지옥3-1.bmp","ground_texture","66612","not_yet_hashed","alde_tt02;alde_tt03;moc_fild08;moc_fild09;moc_fild11;moc_fild12;moc_fild13;moc_fild15;moc_fild17","unknown","not_verified"
"data/texture/필드바닥/개미지옥4-1.bmp","ground_texture","66612","not_yet_hashed","alde_tt02;alde_tt03;moc_fild08;moc_fild09;moc_fild11;moc_fild12;moc_fild13;moc_fild15;moc_fild17","unknown","not_verified"
"data/texture/필드바닥/거북던전바닥01.bmp","ground_texture","196664","not_yet_hashed","job3_rang01;job3_rang02;job3_sha01;tur_d03_i;tur_dun02;tur_dun03;tur_dun05;tur_dun06","unknown","not_verified"
"data/texture/필드바닥/거북던전바닥02.bmp","ground_texture","196664","not_yet_hashed","tur_d03_i;tur_dun02;tur_dun03;tur_dun05;tur_dun06","unknown","not_verified"
"data/texture/필드바닥/거북던전절벽01.bmp","ground_texture","66616","not_yet_hashed","job3_rang01;job3_rang02;job3_sha01;tur_d03_i;tur_dun02;tur_dun03;tur_dun05;tur_dun06","unknown","not_verified"
"data/texture/필드바닥/거북던전절벽02.bmp","ground_texture","66616","not_yet_hashed","job3_rang01;job3_sha01;tur_d03_i;tur_dun02;tur_dun03;tur_dun05;tur_dun06","unknown","not_verified"
"data/texture/필드바닥/거북던전절벽03.bmp","ground_texture","66616","not_yet_hashed","job3_rang01;job3_rang02;tur_d03_i;tur_dun02;tur_dun03;tur_dun05;tur_dun06","unknown","not_verified"
"data/texture/필드바닥/거북던전절벽04.bmp","ground_texture","66616","not_yet_hashed","job3_rang01;job3_rang02;job3_sha01;tur_d03_i;tur_dun02;tur_dun03;tur_dun05;tur_dun06","unknown","not_verified"
"data/texture/필드바닥/거북던전절벽05.bmp","ground_texture","66616","not_yet_hashed","job3_rang02;tur_d03_i;tur_dun01;tur_dun02;tur_dun03;tur_dun05;tur_dun06","unknown","not_verified"
"data/texture/필드바닥/거북필드01.bmp","ground_texture","196664","not_yet_hashed","job3_rang01;job3_rang02;job3_sha01;tur_d04_i;tur_d04ia;tur_d04ib;tur_dun01;tur_dun04","unknown","not_verified"
"data/texture/필드바닥/거북필드02.bmp","ground_texture","196664","not_yet_hashed","job3_rang02;tur_dun01","unknown","not_verified"
"data/texture/필드바닥/거북필드03.bmp","ground_texture","196664","not_yet_hashed","job3_rang02;tur_dun01","unknown","not_verified"
"data/texture/필드바닥/거북필드04.bmp","ground_texture","196664","not_yet_hashed","job3_rang02;tur_dun01","unknown","not_verified"
"data/texture/필드바닥/거북필드05.bmp","ground_texture","196664","not_yet_hashed","job3_rang02;tur_dun01","unknown","not_verified"
"data/texture/필드바닥/거북필드06.bmp","ground_texture","66616","not_yet_hashed","job3_sha01;tur_d04_i;tur_d04ia;tur_d04ib;tur_dun04","unknown","not_verified"
"data/texture/필드바닥/거북필드절벽01.bmp","ground_texture","66616","not_yet_hashed","job3_rang01;job3_rang02;job3_sha01;tur_dun01","unknown","not_verified"
"data/texture/필드바닥/거북필드절벽02.bmp","ground_texture","66616","not_yet_hashed","job3_rang02;tur_dun01","unknown","not_verified"
"data/texture/필드바닥/거북필드절벽03.bmp","ground_texture","66616","not_yet_hashed","job3_rang01;job3_rang02;job3_sha01;tur_dun01","unknown","not_verified"
"data/texture/필드바닥/게펜언덕-08.bmp","ground_texture","66612","not_yet_hashed","1@ge_sn;1@ge_st;ch1_sf03;ch2safe1;gef_fild00;gef_fild01;gef_fild03;gef_fild04;gef_fild05;gef_fild06;gef_fild07;gef_fild08;gef_fild09;gef_fild10;gef_fild11;gef_fild12;gef_fild13;gef_fild14;gefg_cas01;gefg_cas02;gefg_cas03;gefg_cas04;gefg_cas05;hem_fild;mjolnir_06","unknown","not_verified"
"data/texture/필드바닥/게펜언덕-09.bmp","ground_texture","66612","not_yet_hashed","1@ge_sn;1@ge_st;ch1_sf03;ch2safe1;gef_fild00;gef_fild01;gef_fild03;gef_fild04;gef_fild05;gef_fild06;gef_fild07;gef_fild08;gef_fild09;gef_fild10;gef_fild11;gef_fild12;gef_fild13;gef_fild14;gefg_cas01;gefg_cas02;gefg_cas03;gefg_cas04;gefg_cas05;hem_fild;mjolnir_06","unknown","not_verified"
"data/texture/필드바닥/게펜언덕-10.bmp","ground_texture","66612","not_yet_hashed","1@ge_sn;1@ge_st;ch1_sf03;gef_fild00;gef_fild01;gef_fild03;gef_fild04;gef_fild05;gef_fild06;gef_fild07;gef_fild08;gef_fild09;gef_fild10;gef_fild11;gef_fild12;gef_fild13;gef_fild14;gefg_cas01;gefg_cas02;gefg_cas03;gefg_cas04;gefg_cas05;hem_fild;mjolnir_06","unknown","not_verified"
"data/texture/필드바닥/게펜언덕-11.bmp","ground_texture","66612","not_yet_hashed","gef_fild09;gef_fild14","unknown","not_verified"
"data/texture/필드바닥/게펜언덕-12.bmp","ground_texture","66612","not_yet_hashed","gef_fild00;gef_fild03;gef_fild04;gef_fild05;gef_fild06;gef_fild07;gef_fild08;gef_fild10;gef_fild12;gef_fild14;hem_fild","unknown","not_verified"
"data/texture/필드바닥/게펜언덕-13.bmp","ground_texture","66612","not_yet_hashed","1@ge_sn;1@ge_st;gef_fild03;gef_fild04;gef_fild08;gef_fild09;gef_fild10;gef_fild13;gef_fild14;gefg_cas03;gefg_cas05","unknown","not_verified"
"data/texture/필드바닥/게펜필드-00.bmp","ground_texture","66614","not_yet_hashed","ch1_sf03;ch2safe1;gef_fild00;gef_fild01;gef_fild03;gef_fild04;gef_fild05;gef_fild06;gef_fild07;gef_fild08;gef_fild10;gef_fild12;gef_fild13;gef_fild14;hem_fild;mjolnir_06","unknown","not_verified"
"data/texture/필드바닥/게펜필드-01.bmp","ground_texture","66614","not_yet_hashed","1@ge_sn;1@ge_st;alde_gld;aldebaran;aldeg_cas02;aldeg_cas03;aldeg_cas04;aldeg_cas05;ch1_sf03;ch2safe1;gef_fild00;gef_fild01;gef_fild03;gef_fild04;gef_fild05;gef_fild06;gef_fild07;gef_fild09;gef_fild10;gef_fild11;gef_fild12;gef_fild13;gef_fild14;gefg_cas03;hem_fild;mjolnir_06;te_alde_gld;te_aldecas2;te_aldecas3;te_aldecas4;te_aldecas5","unknown","not_verified"
"data/texture/필드바닥/게펜필드-02.bmp","ground_texture","66614","not_yet_hashed","1@ge_sn;1@ge_st;ch1_sf03;gef_fild00;gef_fild01;gef_fild03;gef_fild04;gef_fild05;gef_fild06;gef_fild07;gef_fild09;gef_fild10;gef_fild11;gef_fild12;gef_fild13;gef_fild14;gefg_cas01;gefg_cas02;gefg_cas03;gefg_cas04;gefg_cas05;hem_fild;mjolnir_06","unknown","not_verified"
"data/texture/필드바닥/게펜필드-03.bmp","ground_texture","66612","not_yet_hashed","ch1_sf03;ch2safe1;gef_fild00;gef_fild01;gef_fild03;gef_fild04;gef_fild05;gef_fild06;gef_fild07;gef_fild08;gef_fild09;gef_fild10;gef_fild11;gef_fild12;gef_fild13;gef_fild14;gefg_cas03;hem_fild","unknown","not_verified"
"data/texture/필드바닥/게펜필드-04.bmp","ground_texture","66612","not_yet_hashed","1@ge_sn;1@ge_st;1@gef;ch1_geffen;ch1_sf03;ch1_vrgef2;ch2safe1;gef_fild00;gef_fild01;gef_fild03;gef_fild04;gef_fild05;gef_fild06;gef_fild07;gef_fild08;gef_fild09;gef_fild10;gef_fild11;gef_fild12;gef_fild13;gef_fild14;geffen;gefg_cas01;gefg_cas02;gefg_cas03;gefg_cas04;gefg_cas05;hem_fild;job_sage;job_wiz;mjolnir_06;rag_fes;rag_fes_a","unknown","not_verified"
"data/texture/필드바닥/게펜필드-05.bmp","ground_texture","66612","not_yet_hashed","1@ge_sn;1@ge_st;ch1_geffen;ch1_sf03;ch1_vrgef2;ch2safe1;gef_fild00;gef_fild01;gef_fild03;gef_fild04;gef_fild05;gef_fild06;gef_fild07;gef_fild08;gef_fild09;gef_fild10;gef_fild11;gef_fild12;gef_fild13;gef_fild14;gefg_cas01;gefg_cas02;gefg_cas03;gefg_cas04;gefg_cas05;hem_fild;mjolnir_06","unknown","not_verified"
"data/texture/필드바닥/게펜필드-06.bmp","ground_texture","66612","not_yet_hashed","1@ge_sn;1@ge_st;1@gef;ch1_geffen;ch1_sf03;ch1_vrgef2;ch2safe1;gef_fild00;gef_fild01;gef_fild03;gef_fild04;gef_fild05;gef_fild06;gef_fild07;gef_fild08;gef_fild09;gef_fild10;gef_fild11;gef_fild12;gef_fild13;gef_fild14;geffen;gefg_cas01;gefg_cas02;gefg_cas03;gefg_cas04;gefg_cas05;hem_fild;mjolnir_06","unknown","not_verified"
"data/texture/필드바닥/게펜필드-07.bmp","ground_texture","66612","not_yet_hashed","1@ge_sn;1@ge_st;1@gef;ch1_geffen;ch1_sf03;ch1_vrgef2;ch2safe1;gef_fild00;gef_fild01;gef_fild03;gef_fild04;gef_fild05;gef_fild06;gef_fild07;gef_fild08;gef_fild09;gef_fild10;gef_fild11;gef_fild12;gef_fild13;gef_fild14;geffen;gefg_cas01;gefg_cas02;gefg_cas03;gefg_cas04;gefg_cas05;hem_fild;mjolnir_06","unknown","not_verified"
"data/texture/필드바닥/고문실바닥.bmp","ground_texture","66612","not_yet_hashed","1@gl_k;1@gl_k2;1@gl_kh;1@spa;gl_knt01;gl_prison;gl_prison1;sec_in01;sec_pri","unknown","not_verified"
"data/texture/필드바닥/고문실벽.bmp","ground_texture","66612","not_yet_hashed","1@spa;gl_prison;gl_prison1;sec_in01;sec_pri","unknown","not_verified"
"data/texture/필드바닥/국경-물바닥02.bmp","ground_texture","66612","not_yet_hashed","for_dun02;mjolnir_12;yuno_fild01;yuno_fild12","unknown","not_verified"
"data/texture/필드바닥/국경-물바닥03.bmp","ground_texture","66612","not_yet_hashed","for_dun02;mjolnir_12","unknown","not_verified"
"data/texture/필드바닥/국경-물바닥04.bmp","ground_texture","66612","not_yet_hashed","mjolnir_12","unknown","not_verified"
"data/texture/필드바닥/국경-절벽01.bmp","ground_texture","66612","not_yet_hashed","for_dun01;for_dun02;mjolnir_12","unknown","not_verified"
"data/texture/필드바닥/국경-절벽02.bmp","ground_texture","66612","not_yet_hashed","for_dun01;for_dun02;mjolnir_12","unknown","not_verified"
"data/texture/필드바닥/국경-절벽03.bmp","ground_texture","66612","not_yet_hashed","for_dun01;for_dun02;mjolnir_12","unknown","not_verified"
"data/texture/필드바닥/국경-절벽04.bmp","ground_texture","66612","not_yet_hashed","mjolnir_12","unknown","not_verified"
"data/texture/필드바닥/국경-풀바닥01.bmp","ground_texture","66612","not_yet_hashed","mjolnir_12","unknown","not_verified"
"data/texture/필드바닥/국경-풀바닥02.bmp","ground_texture","66612","not_yet_hashed","mjolnir_12","unknown","not_verified"
"data/texture/필드바닥/국경-풀바닥03.bmp","ground_texture","66612","not_yet_hashed","mjolnir_12","unknown","not_verified"
"data/texture/필드바닥/국경-풀바닥04.bmp","ground_texture","66612","not_yet_hashed","mjolnir_12","unknown","not_verified"
"data/texture/필드바닥/국경-흙바닥00.bmp","ground_texture","66612","not_yet_hashed","for_dun01;for_dun02","unknown","not_verified"
"data/texture/필드바닥/국경-흙바닥01.bmp","ground_texture","66612","not_yet_hashed","for_dun01;for_dun02;mjolnir_12","unknown","not_verified"
"data/texture/필드바닥/국경-흙바닥02.bmp","ground_texture","66612","not_yet_hashed","for_dun01;for_dun02;mjolnir_12","unknown","not_verified"
"data/texture/필드바닥/국경-흙바닥03.bmp","ground_texture","66612","not_yet_hashed","for_dun01;for_dun02;mjolnir_12","unknown","not_verified"
"data/texture/필드바닥/국경-흙바닥04.bmp","ground_texture","66612","not_yet_hashed","for_dun01;for_dun02;mjolnir_12","unknown","not_verified"
"data/texture/필드바닥/글래스트계단.bmp","ground_texture","66612","not_yet_hashed","1@glast;2025arena1;glast_01;que_sign01","unknown","not_verified"
"data/texture/필드바닥/글래스트바닥01.bmp","ground_texture","66612","not_yet_hashed","1@4mst;1@glast;2025arena1;alde_gld;aldeg_cas01;aldeg_cas03;aldeg_cas04;gl_knt01;gl_knt02;glast_01;jupe_core;que_sign01;te_alde_gld;te_aldecas1;te_aldecas3;te_aldecas4","unknown","not_verified"
"data/texture/필드바닥/글래스트바닥02.bmp","ground_texture","66612","not_yet_hashed","1@4mst;1@gl_he;1@gl_he2;1@glast;2@gl_k;2@gl_k2;2@gl_kh;2025arena1;2025arena4;gl_knt01;gl_knt02;glast_01;jupe_core;que_sign01","unknown","not_verified"
"data/texture/필드바닥/글래스트바닥03.bmp","ground_texture","66612","not_yet_hashed","1@4mst;1@gl_he;1@gl_he2;1@glast;2@gl_k;2@gl_k2;2@gl_kh;2025arena1;gl_knt01;gl_knt02;glast_01;jupe_core;que_sign01","unknown","not_verified"
"data/texture/필드바닥/글래스트바닥04.bmp","ground_texture","66612","not_yet_hashed","1@gl_he;1@gl_he2;1@glast;2@gl_k;2@gl_k2;2@gl_kh;2025arena1;gl_knt01;gl_knt02;glast_01;que_sign01","unknown","not_verified"
"data/texture/필드바닥/글래스트바닥05.bmp","ground_texture","66612","not_yet_hashed","1@gl_he;1@gl_he2;1@glast;2@gl_k;2@gl_k2;2@gl_kh;gl_knt01;gl_knt02;glast_01;que_sign01","unknown","not_verified"
"data/texture/필드바닥/글래스트바닥06.bmp","ground_texture","66612","not_yet_hashed","1@glast;glast_01;guild_vs5","unknown","not_verified"
"data/texture/필드바닥/글래스트바닥07.bmp","ground_texture","66612","not_yet_hashed","1@glast;glast_01","unknown","not_verified"
"data/texture/필드바닥/글래스트바닥08.bmp","ground_texture","66612","not_yet_hashed","1@glast;glast_01","unknown","not_verified"
"data/texture/필드바닥/글래스트바닥09.bmp","ground_texture","66612","not_yet_hashed","1@glast;glast_01","unknown","not_verified"
"data/texture/필드바닥/글래스트연결바닥.bmp","ground_texture","66612","not_yet_hashed","1@glast;gef_fild06;glast_01","unknown","not_verified"
"data/texture/필드바닥/글래스트연결바닥2.bmp","ground_texture","66612","not_yet_hashed","1@glast;gef_fild06;glast_01","unknown","not_verified"
"data/texture/필드바닥/기업도시마을02.bmp","ground_texture","66612","not_yet_hashed","1@gl_he;1@gl_he2;1@gol1;1@vrgen;2@gl_k;2@gl_k2;2@gl_kh;2025arena5;ch1fild1;ch1zero1;ch1zero2;ch1zero3;ch1zero4;e_hugel;evt_mobroom;gld2_ald;hugel;job3_gen01;job4_bio;lhz_d_n2;lhz_dun_n;lhz_dun02;lhz_dun03;lhz_dun04;lhz_fild01;lhz_in01;lhz_in02;lighthalzen;malaya;que_lhz;que_qsch01;ra_fild06;sch_gld;schg_cas03;vr_gen;x_lhz","unknown","not_verified"
"data/texture/필드바닥/기업도시마을03.bmp","ground_texture","196664","not_yet_hashed","ch1fild1;lhz_dun01;lhz_in01;lhz_in02;lighthalzen;que_qsch01;sch_gld;schg_cas03;x_lhz","unknown","not_verified"
"data/texture/필드바닥/기업도시마을04.bmp","ground_texture","66612","not_yet_hashed","ch1fild1;lhz_fild01;lighthalzen;que_qsch01;ra_fild06;sch_gld;schg_cas03;x_lhz","unknown","not_verified"
"data/texture/필드바닥/기업도시마을05.bmp","ground_texture","196664","not_yet_hashed","que_qsch01","unknown","not_verified"
"data/texture/필드바닥/기업도시마을06.bmp","ground_texture","66612","not_yet_hashed","lighthalzen;que_qsch01;sch_gld;schg_cas03","unknown","not_verified"
"data/texture/필드바닥/기업도시마을07.bmp","ground_texture","66612","not_yet_hashed","ch1fild1;lighthalzen;que_qsch01;sch_gld;schg_cas03;x_lhz","unknown","not_verified"
"data/texture/필드바닥/기업도시마을08.bmp","ground_texture","66612","not_yet_hashed","ch1fild1;lighthalzen;sch_gld;x_lhz","unknown","not_verified"
"data/texture/필드바닥/기업도시마을09.bmp","ground_texture","66612","not_yet_hashed","lighthalzen;x_lhz","unknown","not_verified"
"data/texture/필드바닥/기업도시마을10.bmp","ground_texture","66612","not_yet_hashed","lighthalzen;x_lhz","unknown","not_verified"
"data/texture/필드바닥/기업도시마을11.bmp","ground_texture","66612","not_yet_hashed","lighthalzen","unknown","not_verified"
"data/texture/필드바닥/기업도시마을12.bmp","ground_texture","66612","not_yet_hashed","lighthalzen","unknown","not_verified"
"data/texture/필드바닥/기업도시마을13.bmp","ground_texture","66612","not_yet_hashed","lhz_dun01;lighthalzen","unknown","not_verified"
"data/texture/필드바닥/기업도시마을14.bmp","ground_texture","66612","not_yet_hashed","que_qsch01;sch_gld","unknown","not_verified"
"data/texture/필드바닥/기업도시필드01.bmp","ground_texture","66612","not_yet_hashed","arug_que01;ein_fild03;lhz_fild01;lhz_fild02;lhz_fild03;que_qsch01;ra_fild06","unknown","not_verified"
"data/texture/필드바닥/기업도시필드02.bmp","ground_texture","66612","not_yet_hashed","1@vrgen;arug_que01;ein_fild03;job3_gen01;lhz_fild01;lhz_fild02;lhz_fild03;lighthalzen;que_qsch01;ra_fild06;sch_gld;vr_gen","unknown","not_verified"
"data/texture/필드바닥/기업도시필드03.bmp","ground_texture","66612","not_yet_hashed","arug_que01;ein_fild03;lhz_fild01;lhz_fild02;lhz_fild03;que_qsch01;ra_fild06;ra_fild09","unknown","not_verified"
"data/texture/필드바닥/기업도시필드04.bmp","ground_texture","66612","not_yet_hashed","arug_que01;ch1fild1;ein_fild03;lhz_fild01;lhz_fild02;lhz_fild03;lighthalzen;ra_fild05;ra_fild06;ra_fild08;ra_fild09;schg_cas01","unknown","not_verified"
"data/texture/필드바닥/기업도시필드05.bmp","ground_texture","66612","not_yet_hashed","ein_fild03;lhz_fild01;lhz_fild02;lighthalzen;ra_fild06;ra_fild09","unknown","not_verified"
"data/texture/필드바닥/기업도시필드06.bmp","ground_texture","66612","not_yet_hashed","lhz_fild02;lhz_fild03;ra_fild05;ra_fild06","unknown","not_verified"
"data/texture/필드바닥/기업도시필드07.bmp","ground_texture","66612","not_yet_hashed","arug_que01;ein_fild03;lhz_fild01;lhz_fild02;lhz_fild03;lighthalzen;ra_fild05;ra_fild06;ra_fild09","unknown","not_verified"
"data/texture/필드바닥/기업도시필드08.bmp","ground_texture","66612","not_yet_hashed","arug_que01;lhz_fild01;lhz_fild02;lhz_fild03;lighthalzen;ra_fild05;ra_fild06;ra_fild09","unknown","not_verified"
"data/texture/필드바닥/기업도시필드09.bmp","ground_texture","66612","not_yet_hashed","arug_que01;ein_fild03;lhz_fild01;lhz_fild02;lhz_fild03;lighthalzen;ra_fild05;ra_fild06;ra_fild09","unknown","not_verified"
"data/texture/필드바닥/기업도시필드10.bmp","ground_texture","66612","not_yet_hashed","lhz_fild02;lhz_fild03;ra_fild05;ra_fild06;ra_fild09","unknown","not_verified"
"data/texture/필드바닥/기업도시필드11.bmp","ground_texture","66612","not_yet_hashed","lhz_fild02;lhz_fild03;ra_fild05;ra_fild06;ra_fild09","unknown","not_verified"
"data/texture/필드바닥/기업도시필드12.bmp","ground_texture","66612","not_yet_hashed","ein_fild03;lhz_fild02;lhz_fild03;ra_fild05;ra_fild06;ra_fild09","unknown","not_verified"
"data/texture/필드바닥/기업도시필드13.bmp","ground_texture","66612","not_yet_hashed","lhz_fild02;lhz_fild03;ra_fild05;ra_fild06;ra_fild09","unknown","not_verified"
"data/texture/필드바닥/기업도시필드15.bmp","ground_texture","66612","not_yet_hashed","ein_fild03;lhz_fild02;ra_fild06","unknown","not_verified"
"data/texture/필드바닥/니플헤임바닥01.bmp","ground_texture","66616","not_yet_hashed","1@halo;nif_fild02;nif_fild03;niflheim;niflxmas;quiz_02","unknown","not_verified"
"data/texture/필드바닥/니플헤임바닥02.bmp","ground_texture","66616","not_yet_hashed","niflheim;niflxmas","unknown","not_verified"
"data/texture/필드바닥/니플헤임바닥03.bmp","ground_texture","66616","not_yet_hashed","niflheim;niflxmas;quiz_02","unknown","not_verified"
"data/texture/필드바닥/니플헤임바닥04.bmp","ground_texture","66616","not_yet_hashed","niflheim;niflxmas","unknown","not_verified"
"data/texture/필드바닥/니플헤임바닥05.bmp","ground_texture","66616","not_yet_hashed","niflheim;niflxmas;quiz_02","unknown","not_verified"
"data/texture/필드바닥/니플헤임바닥06.bmp","ground_texture","66616","not_yet_hashed","niflheim;niflxmas;quiz_02","unknown","not_verified"
"data/texture/필드바닥/니플헤임바닥07.bmp","ground_texture","66616","not_yet_hashed","nif_fild03;niflheim;niflxmas;quiz_02","unknown","not_verified"
"data/texture/필드바닥/니플헤임바닥08.bmp","ground_texture","66616","not_yet_hashed","nif_fild03;niflheim;niflxmas;quiz_02","unknown","not_verified"
"data/texture/필드바닥/니플헤임바닥09.bmp","ground_texture","66616","not_yet_hashed","nif_fild03;niflheim;niflxmas;quiz_02","unknown","not_verified"
"data/texture/필드바닥/니플헤임바닥10.bmp","ground_texture","66616","not_yet_hashed","nif_fild03;niflheim;niflxmas;quiz_02","unknown","not_verified"
"data/texture/필드바닥/니플헤임바닥11.bmp","ground_texture","66616","not_yet_hashed","nif_fild03;niflheim;niflxmas;quiz_02","unknown","not_verified"
"data/texture/필드바닥/니플헤임바닥12.bmp","ground_texture","66616","not_yet_hashed","bl_death;nif_fild01;nif_fild02;nif_fild03;niflheim;niflxmas","unknown","not_verified"
"data/texture/필드바닥/니플헤임바닥13.bmp","ground_texture","66616","not_yet_hashed","bl_death;nif_fild01;nif_fild02;nif_fild03;niflheim;niflxmas","unknown","not_verified"
"data/texture/필드바닥/니플헤임바닥14.bmp","ground_texture","66616","not_yet_hashed","1@halo;bl_death;bl_depth1;nif_fild01;nif_fild02;nif_fild03;niflheim;niflxmas","unknown","not_verified"
"data/texture/필드바닥/니플헤임바닥15.bmp","ground_texture","66616","not_yet_hashed","1@halo;bl_death;bl_depth1;bl_depth2;job3_sha01;nif_fild01;nif_fild02;nif_fild03;niflheim;niflxmas;quiz_02","unknown","not_verified"
"data/texture/필드바닥/니플헤임바닥16.bmp","ground_texture","66616","not_yet_hashed","1@halo;bl_death;nif_fild01;nif_fild02;nif_fild03;niflheim;niflxmas","unknown","not_verified"
"data/texture/필드바닥/니플헤임바닥17.bmp","ground_texture","66616","not_yet_hashed","job3_sha01;nif_fild02;niflheim;niflxmas","unknown","not_verified"
"data/texture/필드바닥/니플헤임바닥18.bmp","ground_texture","66616","not_yet_hashed","job3_sha01;nif_fild02;niflheim;niflxmas","unknown","not_verified"
"data/texture/필드바닥/니플헤임바닥19.bmp","ground_texture","66616","not_yet_hashed","job3_sha01;nif_fild02;niflheim;niflxmas","unknown","not_verified"
"data/texture/필드바닥/니플헤임바닥20.bmp","ground_texture","66616","not_yet_hashed","nif_fild02;niflheim;niflxmas;quiz_02","unknown","not_verified"
"data/texture/필드바닥/니플헤임바닥21.bmp","ground_texture","66616","not_yet_hashed","1@halo;bl_death;nif_fild01;nif_fild02;nif_fild03;niflheim;niflxmas;quiz_02","unknown","not_verified"
"data/texture/필드바닥/니플헤임바닥22.bmp","ground_texture","66616","not_yet_hashed","1@halo;bl_death;nif_fild01;nif_fild02;nif_fild03;niflheim;niflxmas;quiz_02","unknown","not_verified"
"data/texture/필드바닥/니플헤임바닥23.bmp","ground_texture","66616","not_yet_hashed","1@halo;bl_death;nif_fild01;nif_fild02;nif_fild03;niflheim;niflxmas;quiz_02","unknown","not_verified"
"data/texture/필드바닥/니플헤임바닥24.bmp","ground_texture","66616","not_yet_hashed","1@halo;job3_sha01;nif_fild02;nif_fild03;niflheim;niflxmas","unknown","not_verified"
"data/texture/필드바닥/니플헤임바닥25.bmp","ground_texture","66616","not_yet_hashed","1@halo;job3_sha01;nif_fild02;nif_fild03;niflheim;niflxmas","unknown","not_verified"
"data/texture/필드바닥/대만던전01.bmp","ground_texture","66616","not_yet_hashed","gon_dun01","unknown","not_verified"
"data/texture/필드바닥/대만던전02.bmp","ground_texture","66616","not_yet_hashed","gon_dun01","unknown","not_verified"
"data/texture/필드바닥/대만던전03.bmp","ground_texture","66616","not_yet_hashed","gon_dun01","unknown","not_verified"
"data/texture/필드바닥/대만던전04.bmp","ground_texture","66616","not_yet_hashed","gon_dun01","unknown","not_verified"
"data/texture/필드바닥/동굴던전00.bmp","ground_texture","66614","not_yet_hashed","1@4cdn;1@md_pay;alde_tt02;alde_tt03;ama_test;evt_mobroom;gld_dun01;in_hunter;job_hunte;job_hunter;job_thief1;job_wizard;mosk_que;pay_d03_i;pay_dun00;pay_dun01;pay_dun02;pay_dun03;pay_dun04","unknown","not_verified"
"data/texture/필드바닥/동굴던전01.bmp","ground_texture","66614","not_yet_hashed","1@4cdn;1@md_pay;alde_tt02;alde_tt03;ama_test;gld_dun01;iz_dun00;iz_dun01;job_hunte;job_hunter;job_thief1;job_wizard;mosk_que;pay_d03_i;pay_dun00;pay_dun01;pay_dun02;pay_dun03;pay_dun04","unknown","not_verified"
"data/texture/필드바닥/동굴던전02.bmp","ground_texture","66614","not_yet_hashed","1@4cdn;1@md_pay;alde_tt02;alde_tt03;ama_test;gld_dun01;job_thief1;job_wizard;mosk_que;pay_d03_i;pay_dun00;pay_dun01;pay_dun02;pay_dun03;pay_dun04","unknown","not_verified"
"data/texture/필드바닥/동굴던전03.bmp","ground_texture","66614","not_yet_hashed","1@4cdn;1@md_pay;alde_tt02;alde_tt03;ama_test;gld_dun01;iz_dun00;iz_dun01;job_hunte;job_hunter;job_thief1;job_wizard;mosk_que;pay_d03_i;pay_dun00;pay_dun01;pay_dun02;pay_dun03;pay_dun04","unknown","not_verified"
"data/texture/필드바닥/동굴마을_바닥_01.bmp","ground_texture","66612","not_yet_hashed","cave;evt_mobroom","unknown","not_verified"
"data/texture/필드바닥/동굴마을_바닥_02.bmp","ground_texture","66612","not_yet_hashed","cave;evt_mobroom","unknown","not_verified"
"data/texture/필드바닥/동굴마을_바닥_03.bmp","ground_texture","66612","not_yet_hashed","cave;evt_mobroom","unknown","not_verified"
"data/texture/필드바닥/동굴마을_바닥_04.bmp","ground_texture","66612","not_yet_hashed","evt_mobroom","unknown","not_verified"
"data/texture/필드바닥/동굴마을_바닥_05.bmp","ground_texture","66612","not_yet_hashed","cave;evt_mobroom","unknown","not_verified"
"data/texture/필드바닥/동굴마을_벽_01.bmp","ground_texture","66612","not_yet_hashed","cave;evt_mobroom","unknown","not_verified"
"data/texture/필드바닥/동굴마을_벽_02.bmp","ground_texture","66612","not_yet_hashed","cave","unknown","not_verified"
"data/texture/필드바닥/동굴마을_벽_03.bmp","ground_texture","66612","not_yet_hashed","cave;evt_mobroom","unknown","not_verified"
"data/texture/필드바닥/라헬마을바닥_01.bmp","ground_texture","66612","not_yet_hashed","1@pop2;1@vrpop;aru_gld;ra_fild11;rachel;ve_fild02;vr_pop1;x_ra","unknown","not_verified"
"data/texture/필드바닥/라헬마을바닥_02.bmp","ground_texture","66612","not_yet_hashed","1@pop2;1@vrpop;ra_fild11;ra_fild12;rachel;ve_fild02;vr_pop1;x_ra","unknown","not_verified"
"data/texture/필드바닥/라헬마을바닥_03.bmp","ground_texture","66612","not_yet_hashed","1@pop2;1@vrpop;aru_gld;ra_fild11;ra_fild12;rachel;ve_fild02;vr_pop1;x_ra","unknown","not_verified"
"data/texture/필드바닥/라헬마을바닥_04.bmp","ground_texture","66612","not_yet_hashed","1@pop2;1@vrpop;aru_gld;ra_fild11;ra_fild12;rachel;vr_pop1;x_ra","unknown","not_verified"
"data/texture/필드바닥/라헬마을바닥_05.bmp","ground_texture","66612","not_yet_hashed","1@pop2;1@vrpop;aru_gld;ra_fild11;ra_fild12;rachel;ve_fild02;vr_pop1;x_ra","unknown","not_verified"
"data/texture/필드바닥/라헬마을바닥_06.bmp","ground_texture","66612","not_yet_hashed","1@pop2;1@vrpop;aru_gld;ra_fild11;ra_fild12;rachel;ve_fild02;vr_pop1;x_ra","unknown","not_verified"
"data/texture/필드바닥/라헬신전바닥_01.bmp","ground_texture","66612","not_yet_hashed","1@nyr;1@pop2;1@vrac1;1@vrac2;aru_gld;iz_ac01;iz_ac01_a;iz_ac01_b;iz_ac01_c;iz_ac01_d;iz_ac02;iz_ac02_a;iz_ac02_b;iz_ac02_c;iz_ac02_d;moc_para01;que_qsch01;ra_fild12;ra_san01;ra_temple;rachel;rebel_in;x_ra","unknown","not_verified"
"data/texture/필드바닥/라헬신전바닥_02.bmp","ground_texture","66612","not_yet_hashed","1@pop2;rachel","unknown","not_verified"
"data/texture/필드바닥/라헬신전바닥_05.bmp","ground_texture","66612","not_yet_hashed","1@nyr","unknown","not_verified"
"data/texture/필드바닥/라헬신전바닥_07.bmp","ground_texture","66612","not_yet_hashed","1@nyr;arug_cas03;ra_san01;ra_temple","unknown","not_verified"
"data/texture/필드바닥/라헬신전바닥_11.bmp","ground_texture","66612","not_yet_hashed","1@nyr","unknown","not_verified"
"data/texture/필드바닥/라헬신전바닥_14.bmp","ground_texture","66612","not_yet_hashed","1@nyr","unknown","not_verified"
"data/texture/필드바닥/라헬신전바닥_15.bmp","ground_texture","66612","not_yet_hashed","ra_san01","unknown","not_verified"
"data/texture/필드바닥/라헬신전바닥_16.bmp","ground_texture","66612","not_yet_hashed","ra_san01","unknown","not_verified"
"data/texture/필드바닥/라헬필드_01.bmp","ground_texture","66612","not_yet_hashed","1@4sac;1@vrpop;ab_ground1;aru_gld;gw_fild01;gw_fild02;job3_guil03;ra_fild01;ra_fild02;ra_fild03;ra_fild04;ra_fild05;ra_fild06;ra_fild07;ra_fild08;ra_fild09;ra_fild10;ra_fild11;ra_fild12;ra_fild13;ra_pol01;ve_fild01;ve_fild02;vr_pop1","unknown","not_verified"
"data/texture/필드바닥/라헬필드_02.bmp","ground_texture","66612","not_yet_hashed","1@4sac;1@pop2;1@vrpop;ab_ground1;aru_gld;gw_fild02;job3_guil03;ra_fild01;ra_fild02;ra_fild03;ra_fild04;ra_fild05;ra_fild06;ra_fild07;ra_fild08;ra_fild09;ra_fild10;ra_fild11;ra_fild12;ra_fild13;ra_pol01;rachel;ve_fild01;ve_fild02;vr_pop1;x_ra","unknown","not_verified"
"data/texture/필드바닥/라헬필드_03.bmp","ground_texture","66612","not_yet_hashed","1@4sac;1@oz;1@pop2;1@vrpop;ab_ground1;aru_gld;gw_fild01;gw_fild02;job3_guil03;oz_dun01;ra_fild01;ra_fild02;ra_fild03;ra_fild04;ra_fild05;ra_fild06;ra_fild07;ra_fild08;ra_fild09;ra_fild10;ra_fild11;ra_fild12;ra_fild13;ra_pol01;rachel;ve_fild01;ve_fild02;vr_pop1;x_ra","unknown","not_verified"
"data/texture/필드바닥/라헬필드_04.bmp","ground_texture","66612","not_yet_hashed","1@4sac;1@nyr;1@pop2;1@vrpop;2@nyr;ab_ground1;aru_gld;arug_cas01;arug_cas03;arug_dun01;gw_fild02;job3_guil03;ra_fild01;ra_fild02;ra_fild04;ra_fild05;ra_fild06;ra_fild07;ra_fild08;ra_fild09;ra_fild10;ra_fild11;ra_fild12;ra_fild13;ra_pol01;ra_san01;ra_san03;ra_san04;ra_temsky;rachel;ve_fild01;ve_fild02;vr_pop1;x_ra","unknown","not_verified"
"data/texture/필드바닥/라헬필드_05.bmp","ground_texture","66612","not_yet_hashed","ab_ground1;ra_fild01;ra_fild02;ra_fild03;ra_fild04;ra_fild05;ra_fild06;ra_fild07;ra_fild08;ra_fild09;ra_fild10;ra_fild11;ra_fild12;ra_fild13;rachel;ve_fild01","unknown","not_verified"
"data/texture/필드바닥/라헬필드_06.bmp","ground_texture","66612","not_yet_hashed","1@4sac;1@pop2;1@vrpop;ab_ground1;aru_gld;gw_fild02;job3_guil03;ra_fild01;ra_fild02;ra_fild03;ra_fild04;ra_fild05;ra_fild06;ra_fild07;ra_fild08;ra_fild09;ra_fild10;ra_fild11;ra_fild12;ra_fild13;ra_pol01;rachel;ve_fild01;ve_fild02;vr_pop1;x_ra","unknown","not_verified"
"data/texture/필드바닥/라헬필드_07.bmp","ground_texture","66612","not_yet_hashed","1@4sac;1@pop2;1@vrpop;ab_ground1;aru_gld;job3_guil03;ra_fild01;ra_fild02;ra_fild04;ra_fild05;ra_fild06;ra_fild07;ra_fild08;ra_fild09;ra_fild10;ra_fild11;ra_fild12;rachel;ve_fild01;ve_fild02;vr_pop1;x_ra","unknown","not_verified"
"data/texture/필드바닥/라헬필드_08.bmp","ground_texture","66612","not_yet_hashed","1@4sac;1@pop2;1@vrpop;ab_ground1;aru_gld;job3_guil03;ra_fild01;ra_fild02;ra_fild04;ra_fild05;ra_fild06;ra_fild07;ra_fild08;ra_fild09;ra_fild10;ra_fild11;ra_fild12;rachel;ve_fild01;ve_fild02;vr_pop1;x_ra","unknown","not_verified"
"data/texture/필드바닥/라헬필드_09.bmp","ground_texture","66612","not_yet_hashed","1@4sac;1@vrpop;ab_ground1;gw_fild01;gw_fild02;job3_guil03;ra_fild01;ra_fild04;ra_fild06;ra_fild07;ra_fild08;ra_fild09;ra_fild10;ra_fild11;ra_fild12;ve_fild01;vr_pop1","unknown","not_verified"
"data/texture/필드바닥/라헬필드연결_14.bmp","ground_texture","66612","not_yet_hashed","job3_arch01;ra_fild06","unknown","not_verified"
"data/texture/필드바닥/라헬필드연결_15.bmp","ground_texture","66612","not_yet_hashed","ra_fild05;ra_fild06;ra_fild08;ra_fild09","unknown","not_verified"
"data/texture/필드바닥/라헬필드연결_16.bmp","ground_texture","66612","not_yet_hashed","ra_fild05;ra_fild06;ra_fild08;ra_fild09","unknown","not_verified"
"data/texture/필드바닥/라헬필드연결_17.bmp","ground_texture","66612","not_yet_hashed","ra_fild05;ra_fild06;ra_fild08;ra_fild09","unknown","not_verified"
"data/texture/필드바닥/라헬필드연결_18.bmp","ground_texture","66612","not_yet_hashed","ra_fild05;ra_fild06;ra_fild08;ra_fild09","unknown","not_verified"
"data/texture/필드바닥/라헬필드절벽_10.bmp","ground_texture","66612","not_yet_hashed","1@4sac;1@oz;1@pop2;1@vrpop;ab_ground1;aru_gld;gw_fild01;gw_fild02;job3_guil03;oz_dun01;ra_fild01;ra_fild02;ra_fild03;ra_fild04;ra_fild05;ra_fild06;ra_fild07;ra_fild08;ra_fild09;ra_fild10;ra_fild11;ra_fild12;ra_fild13;ra_pol01;rachel;ve_fild01;ve_fild02;vr_pop1","unknown","not_verified"
"data/texture/필드바닥/라헬필드절벽_11.bmp","ground_texture","66612","not_yet_hashed","1@4sac;1@oz;1@pop2;1@vrpop;ab_ground1;aru_gld;gw_fild01;gw_fild02;job3_guil03;oz_dun01;ra_fild01;ra_fild02;ra_fild03;ra_fild04;ra_fild05;ra_fild06;ra_fild07;ra_fild08;ra_fild09;ra_fild10;ra_fild11;ra_fild12;ra_fild13;ra_pol01;rachel;ve_fild01;ve_fild02;vr_pop1","unknown","not_verified"
"data/texture/필드바닥/라헬필드절벽_12.bmp","ground_texture","66612","not_yet_hashed","1@oz;1@pop2;1@vrpop;ab_ground1;aru_gld;gw_fild01;gw_fild02;oz_dun01;ra_fild01;ra_fild02;ra_fild03;ra_fild04;ra_fild05;ra_fild06;ra_fild07;ra_fild08;ra_fild09;ra_fild10;ra_fild11;ra_fild12;ra_fild13;ra_pol01;rachel;ve_fild01;ve_fild02;vr_pop1","unknown","not_verified"
"data/texture/필드바닥/라헬필드절벽_13.bmp","ground_texture","66612","not_yet_hashed","ab_ground1;aru_gld;gw_fild01;gw_fild02;ra_fild01;ra_fild02;ra_fild03;ra_fild04;ra_fild05;ra_fild06;ra_fild07;ra_fild08;ra_fild09;ra_fild10;ra_fild11;ra_fild12;ve_fild02","unknown","not_verified"
"data/texture/필드바닥/묘르닐물바닥-00.bmp","ground_texture","66612","not_yet_hashed","1@mjo1;ein_fild09;ein_fild10;gef_fild11;mjolnir_01;mjolnir_02;mjolnir_03;mjolnir_05;mjolnir_09;mjolnir_10;yuno_fild11;yuno_fild12","unknown","not_verified"
"data/texture/필드바닥/묘르닐물바닥-01.bmp","ground_texture","66612","not_yet_hashed","1@mjo1;1@vrsn;mjolnir_01;mjolnir_02;mjolnir_03;mjolnir_04;mjolnir_04_1;mjolnir_05;mjolnir_08;mjolnir_09;mjolnir_10;mjolnir_12","unknown","not_verified"
"data/texture/필드바닥/묘르닐바닥-00.bmp","ground_texture","66612","not_yet_hashed","1@mjo1;bl_grass;ein_fild09;ein_fild10;mjolnir_01;mjolnir_02;mjolnir_03;mjolnir_04;mjolnir_04_1;mjolnir_05;mjolnir_06;mjolnir_07;mjolnir_08;mjolnir_09;mjolnir_10;mjolnir_11;mjolnir_12;yuno_fild01;yuno_fild12","unknown","not_verified"
"data/texture/필드바닥/묘르닐바닥-01.bmp","ground_texture","66612","not_yet_hashed","1@mjo1;bl_grass;ein_fild09;ein_fild10;mjolnir_01;mjolnir_02;mjolnir_03;mjolnir_04;mjolnir_04_1;mjolnir_05;mjolnir_06;mjolnir_07;mjolnir_08;mjolnir_09;mjolnir_10;mjolnir_11;mjolnir_12;yuno_fild01;yuno_fild12","unknown","not_verified"
"data/texture/필드바닥/묘르닐바닥-03.bmp","ground_texture","66612","not_yet_hashed","1@mjo1;bl_grass;ein_fild09;ein_fild10;mjolnir_01;mjolnir_02;mjolnir_03;mjolnir_04;mjolnir_04_1;mjolnir_05;mjolnir_06;mjolnir_07;mjolnir_08;mjolnir_09;mjolnir_10;mjolnir_11;mjolnir_12;yuno_fild01;yuno_fild12","unknown","not_verified"
"data/texture/필드바닥/묘르닐바닥-04.bmp","ground_texture","66612","not_yet_hashed","1@mjo1;mjolnir_01;mjolnir_02;mjolnir_03;mjolnir_04;mjolnir_04_1;mjolnir_05;mjolnir_08;mjolnir_09;mjolnir_10;mjolnir_11;mjolnir_12;yuno_fild01","unknown","not_verified"
"data/texture/필드바닥/묘르닐절벽-00.bmp","ground_texture","66612","not_yet_hashed","1@mjo1;bl_grass;mjolnir_01;mjolnir_02;mjolnir_03;mjolnir_04;mjolnir_04_1;mjolnir_05;mjolnir_06;mjolnir_07;mjolnir_08;mjolnir_09;mjolnir_10;mjolnir_12","unknown","not_verified"
"data/texture/필드바닥/묘르닐절벽-001.bmp","ground_texture","66612","not_yet_hashed","1@mjo1;bl_grass;mjolnir_01;mjolnir_02;mjolnir_03;mjolnir_04;mjolnir_04_1;mjolnir_05;mjolnir_06;mjolnir_07;mjolnir_08;mjolnir_09;mjolnir_10;mjolnir_12","unknown","not_verified"
"data/texture/필드바닥/묘르닐절벽-002.bmp","ground_texture","66612","not_yet_hashed","1@mjo1;bl_grass;gef_fild04;mjolnir_01;mjolnir_02;mjolnir_03;mjolnir_04;mjolnir_04_1;mjolnir_05;mjolnir_06;mjolnir_07;mjolnir_08;mjolnir_10;mjolnir_12","unknown","not_verified"
"data/texture/필드바닥/묘르닐절벽-003.bmp","ground_texture","66612","not_yet_hashed","1@mjo1;bl_grass;mjolnir_01;mjolnir_02;mjolnir_03;mjolnir_04;mjolnir_04_1;mjolnir_05;mjolnir_07;mjolnir_08;mjolnir_09;mjolnir_10;mjolnir_12","unknown","not_verified"
"data/texture/필드바닥/묘르닐절벽-004.bmp","ground_texture","66612","not_yet_hashed","1@mjo1;bl_grass;mjolnir_01;mjolnir_02;mjolnir_03;mjolnir_04;mjolnir_04_1;mjolnir_05;mjolnir_06;mjolnir_07;mjolnir_08;mjolnir_09;mjolnir_10;mjolnir_12","unknown","not_verified"
"data/texture/필드바닥/묘르닐절벽-005.bmp","ground_texture","66612","not_yet_hashed","1@mjo1;bl_grass;mjolnir_01;mjolnir_02;mjolnir_03;mjolnir_04;mjolnir_04_1;mjolnir_05;mjolnir_06;mjolnir_07;mjolnir_08;mjolnir_09;mjolnir_10;mjolnir_12","unknown","not_verified"
"data/texture/필드바닥/묘르닐절벽-01.bmp","ground_texture","66612","not_yet_hashed","1@mjo1;ein_fild09;ein_fild10;mjolnir_01;mjolnir_02;mjolnir_03;mjolnir_05;mjolnir_09;mjolnir_10;mjolnir_12;yuno_fild01;yuno_fild12","unknown","not_verified"
"data/texture/필드바닥/묘르닐절벽-02.bmp","ground_texture","66612","not_yet_hashed","mjolnir_01;mjolnir_02;mjolnir_03;mjolnir_09;mjolnir_10","unknown","not_verified"
"data/texture/필드바닥/묘르닐절벽-03.bmp","ground_texture","66612","not_yet_hashed","1@mjo1;bl_grass;mjolnir_01;mjolnir_02;mjolnir_03;mjolnir_04;mjolnir_04_1;mjolnir_05;mjolnir_06;mjolnir_07;mjolnir_08;mjolnir_09;mjolnir_10;mjolnir_12","unknown","not_verified"
"data/texture/필드바닥/묘르닐절벽-04.bmp","ground_texture","66612","not_yet_hashed","1@mjo1;bl_grass;mjolnir_01;mjolnir_02;mjolnir_03;mjolnir_04;mjolnir_04_1;mjolnir_05;mjolnir_06;mjolnir_07;mjolnir_08;mjolnir_09;mjolnir_10;mjolnir_12;yuno_fild01;yuno_fild12","unknown","not_verified"
"data/texture/필드바닥/묘르닐절벽-05.bmp","ground_texture","66612","not_yet_hashed","1@mjo1;ein_fild09;ein_fild10;mjolnir_01;mjolnir_02;mjolnir_03;mjolnir_05;mjolnir_09;mjolnir_10;mjolnir_12;yuno_fild01;yuno_fild12","unknown","not_verified"
"data/texture/필드바닥/묘르닐절벽-06.bmp","ground_texture","66612","not_yet_hashed","1@mjo1;ein_fild09;ein_fild10;mjolnir_01;mjolnir_02;mjolnir_03;mjolnir_05;mjolnir_08;mjolnir_09;mjolnir_10;mjolnir_12;yuno_fild01;yuno_fild12","unknown","not_verified"
"data/texture/필드바닥/묘르닐절벽-07.bmp","ground_texture","66612","not_yet_hashed","mjolnir_01;mjolnir_02;mjolnir_03;mjolnir_09;mjolnir_10","unknown","not_verified"
"data/texture/필드바닥/묘르닐풀바닥-00.bmp","ground_texture","66612","not_yet_hashed","1@mjo1;1@vrsn;alde_gld;aldebaran;aldeg_cas01;aldeg_cas02;aldeg_cas03;aldeg_cas04;bl_depth2;bl_grass;ein_fild09;ein_fild10;gef_fild04;gld2_prt;kh_vila;mjolnir_01;mjolnir_02;mjolnir_03;mjolnir_04;mjolnir_04_1;mjolnir_05;mjolnir_06;mjolnir_07;mjolnir_08;mjolnir_09;mjolnir_10;mjolnir_11;mjolnir_12;ra_temple;te_alde_gld;te_aldecas1;te_aldecas2;te_aldecas3;te_aldecas4;yuno_fild01;yuno_fild12","unknown","not_verified"
"data/texture/필드바닥/묘르닐풀바닥-01.bmp","ground_texture","66612","not_yet_hashed","1@mjo1;bl_depth2;bl_grass;ein_fild09;ein_fild10;mjolnir_01;mjolnir_02;mjolnir_03;mjolnir_04;mjolnir_04_1;mjolnir_05;mjolnir_06;mjolnir_07;mjolnir_08;mjolnir_09;mjolnir_10;mjolnir_11;mjolnir_12;yuno_fild01","unknown","not_verified"
"data/texture/필드바닥/묘르닐풀바닥-03.bmp","ground_texture","66612","not_yet_hashed","1@mjo1;bl_depth2;bl_grass;ein_fild09;ein_fild10;mjolnir_01;mjolnir_02;mjolnir_03;mjolnir_04;mjolnir_04_1;mjolnir_05;mjolnir_06;mjolnir_07;mjolnir_08;mjolnir_09;mjolnir_10;mjolnir_11;mjolnir_12;yuno_fild01","unknown","not_verified"
"data/texture/필드바닥/묘르닐풀바닥-04.bmp","ground_texture","66612","not_yet_hashed","1@mjo1;bl_depth2;bl_grass;ein_fild09;ein_fild10;mjolnir_01;mjolnir_02;mjolnir_03;mjolnir_04;mjolnir_04_1;mjolnir_05;mjolnir_06;mjolnir_07;mjolnir_08;mjolnir_09;mjolnir_10;mjolnir_11;mjolnir_12;yuno_fild01","unknown","not_verified"
"data/texture/필드바닥/사막도시_01.bmp","ground_texture","66612","not_yet_hashed","aru_gld;arug_cas01;ve_fild01;ve_fild02;ve_fild03;ve_fild04;ve_fild05;ve_fild06;ve_fild07;veins","unknown","not_verified"
"data/texture/필드바닥/사막도시_02.bmp","ground_texture","66612","not_yet_hashed","aru_gld;ve_fild01;ve_fild02;ve_fild04;ve_fild05;ve_fild06;veins","unknown","not_verified"
"data/texture/필드바닥/사막도시_03.bmp","ground_texture","66612","not_yet_hashed","aru_gld;ve_fild01;ve_fild02;ve_fild04;ve_fild05;ve_fild06;veins","unknown","not_verified"
"data/texture/필드바닥/사막도시_04.bmp","ground_texture","66612","not_yet_hashed","1@lost;aru_gld;ba_lost;ve_fild01;ve_fild02;ve_fild03;ve_fild04;ve_fild05;ve_fild06;ve_fild07;veins","unknown","not_verified"
"data/texture/필드바닥/사막도시_05.bmp","ground_texture","66612","not_yet_hashed","1@lost;aru_gld;ba_lost;ve_fild01;ve_fild02;ve_fild03;ve_fild04;ve_fild05;ve_fild06;ve_fild07;veins","unknown","not_verified"
"data/texture/필드바닥/사막도시_06.bmp","ground_texture","66612","not_yet_hashed","1@lost;aru_gld;ba_lost;ve_fild01;ve_fild02;ve_fild04;ve_fild05;ve_fild06;ve_fild07;veins","unknown","not_verified"
"data/texture/필드바닥/사막도시_07.bmp","ground_texture","66612","not_yet_hashed","1@lost;aru_gld;ba_lost;job3_arch01;ve_fild01;ve_fild02;ve_fild03;ve_fild04;ve_fild05;ve_fild06;ve_in;veins","unknown","not_verified"
"data/texture/필드바닥/사막도시_08.bmp","ground_texture","66612","not_yet_hashed","1@lost;aru_gld;arug_cas01;ba_lost;dew_dun01;ve_fild01;ve_fild02;ve_fild03;ve_fild04;ve_fild05;ve_fild06;ve_fild07;veins","unknown","not_verified"
"data/texture/필드바닥/사막도시_09.bmp","ground_texture","66612","not_yet_hashed","1@lost;aru_gld;ba_lost;ve_fild01;ve_fild02;ve_fild03;ve_fild04;ve_fild05;ve_fild06;ve_fild07;veins","unknown","not_verified"
"data/texture/필드바닥/사막도시_10.bmp","ground_texture","66612","not_yet_hashed","ve_fild01;ve_fild02;ve_fild03;ve_fild04;ve_fild05;ve_fild06","unknown","not_verified"
"data/texture/필드바닥/사막도시_11.bmp","ground_texture","66612","not_yet_hashed","ve_fild01;ve_fild02;ve_fild03;ve_fild04;ve_fild05;ve_fild06","unknown","not_verified"
"data/texture/필드바닥/사막도시_12.bmp","ground_texture","66612","not_yet_hashed","aru_gld;ve_fild01;ve_fild02;ve_fild03;ve_fild04;ve_fild05;ve_fild06","unknown","not_verified"
"data/texture/필드바닥/사막도시_13.bmp","ground_texture","66612","not_yet_hashed","1@lost;aru_gld;arug_cas01;ba_lost;ve_fild01;ve_fild02;ve_fild03;ve_fild04;ve_fild05;ve_fild06;ve_fild07;veins","unknown","not_verified"
"data/texture/필드바닥/사막도시_14.bmp","ground_texture","66612","not_yet_hashed","aru_gld;arug_cas01;ve_fild01;ve_fild02;ve_fild03;ve_fild04;ve_fild05;ve_fild06;ve_fild07;veins","unknown","not_verified"
"data/texture/필드바닥/사막도시_15.bmp","ground_texture","66612","not_yet_hashed","aru_gld;arug_cas01;ve_fild01;ve_fild02;ve_fild03;ve_fild04;ve_fild05;ve_fild06;ve_fild07;veins","unknown","not_verified"
"data/texture/필드바닥/사막도시_16.bmp","ground_texture","66612","not_yet_hashed","1@lost;aru_gld;ba_lost;ve_fild01;ve_fild02;ve_fild03;ve_fild04;ve_fild05;ve_fild06;ve_fild07;veins","unknown","not_verified"
"data/texture/필드바닥/사막도시_17.bmp","ground_texture","66612","not_yet_hashed","1@lost;aru_gld;ba_lost;ve_fild01;ve_fild02;ve_fild03;ve_fild04;ve_fild05;ve_fild07;veins","unknown","not_verified"
"data/texture/필드바닥/사막도시_18.bmp","ground_texture","66612","not_yet_hashed","1@lost;aru_gld;ba_lost;ve_fild01;ve_fild02;ve_fild03;ve_fild04;ve_fild05;ve_fild07;veins","unknown","not_verified"
"data/texture/필드바닥/사막도시_19.bmp","ground_texture","66612","not_yet_hashed","aru_gld;ve_fild01;ve_fild02;ve_fild03;ve_fild04;ve_fild06;ve_fild07;veins","unknown","not_verified"
"data/texture/필드바닥/사막도시연결_20.bmp","ground_texture","66612","not_yet_hashed","aru_gld;ve_fild01;ve_fild02;ve_fild03","unknown","not_verified"
"data/texture/필드바닥/사막도시연결_21.bmp","ground_texture","66612","not_yet_hashed","aru_gld;ve_fild01;ve_fild02","unknown","not_verified"
"data/texture/필드바닥/사막도시연결_22.bmp","ground_texture","66612","not_yet_hashed","aru_gld;ve_fild01;ve_fild02;ve_fild03;ve_fild04","unknown","not_verified"
"data/texture/필드바닥/수도원바닥1.bmp","ground_texture","66614","not_yet_hashed","1@gl_prq;1@md_gef;gef_d01_i;gef_dun01;gef_dun02;gl_cas01;gl_cas01_;gl_dun01;gl_in01;que_god02","unknown","not_verified"
"data/texture/필드바닥/수도원바닥2.bmp","ground_texture","66614","not_yet_hashed","1@md_gef;gef_d01_i;gef_dun00;gef_dun01;gef_dun02;que_god02","unknown","not_verified"
"data/texture/필드바닥/수도원바닥3.bmp","ground_texture","66614","not_yet_hashed","gef_d01_i;gef_dun00;gef_dun01;que_god02","unknown","not_verified"
"data/texture/필드바닥/수도원바닥4.bmp","ground_texture","66614","not_yet_hashed","1@md_gef;gef_d01_i;gef_dun00;gef_dun01;gef_dun02;que_god02","unknown","not_verified"
"data/texture/필드바닥/수도원바닥5.bmp","ground_texture","66614","not_yet_hashed","1@md_gef;gef_d01_i;gef_dun00;gef_dun01;gef_dun02;que_god02","unknown","not_verified"
"data/texture/필드바닥/수도원바닥6.bmp","ground_texture","66614","not_yet_hashed","1@md_gef;gef_d01_i;gef_dun00;gef_dun01;gef_dun02;que_god02","unknown","not_verified"
"data/texture/필드바닥/수도원언덕1.bmp","ground_texture","66614","not_yet_hashed","1@md_gef;gef_d01_i;gef_dun00;gef_dun01;gef_dun02;que_god01;que_god02","unknown","not_verified"
"data/texture/필드바닥/수도원언덕2.bmp","ground_texture","66614","not_yet_hashed","1@md_gef;gef_d01_i;gef_dun00;gef_dun01;gef_dun02;que_god02","unknown","not_verified"
"data/texture/필드바닥/수도원언덕3.bmp","ground_texture","66614","not_yet_hashed","1@md_gef;gef_d01_i;gef_dun00;gef_dun01;gef_dun02;que_god02","unknown","not_verified"
"data/texture/필드바닥/숲속바닥-01.bmp","ground_texture","66612","not_yet_hashed","1@exsh;1@face;1@sara;alberta;e_tower;gon_dun03;job_star;job_sword1;jor_albe;moc_fild02;moc_fild03;moc_fild13;pay_arche;pay_fild01;pay_fild02;pay_fild03;pay_fild04;pay_fild05;pay_fild06;pay_fild07;pay_fild08;pay_fild09;pay_fild10;pay_fild11;pay_gld;payg_cas01;payg_cas02;payg_cas03;payg_cas04;payg_cas05;payon;quiz_02;star_frst","unknown","not_verified"
"data/texture/필드바닥/숲속바닥-02.bmp","ground_texture","66612","not_yet_hashed","1@exsh;1@face;1@sara;alberta;gon_dun03;jor_albe;moc_fild02;moc_fild03;moc_fild13;pay_arche;pay_fild01;pay_fild02;pay_fild03;pay_fild04;pay_fild05;pay_fild06;pay_fild07;pay_fild08;pay_fild09;pay_fild10;pay_fild11;pay_gld;payg_cas01;payg_cas02;payg_cas03;payg_cas04;payg_cas05;payon;star_frst","unknown","not_verified"
"data/texture/필드바닥/숲속바닥-03.bmp","ground_texture","66612","not_yet_hashed","1@exsh;1@face;1@sara;alberta;gon_dun03;jor_albe;moc_fild02;moc_fild03;moc_fild13;pay_arche;pay_fild01;pay_fild02;pay_fild03;pay_fild04;pay_fild05;pay_fild06;pay_fild07;pay_fild08;pay_fild09;pay_fild10;pay_fild11;pay_gld;payg_cas01;payg_cas02;payg_cas03;payg_cas04;payg_cas05;payon;star_frst","unknown","not_verified"
"data/texture/필드바닥/숲속바닥-04.bmp","ground_texture","66612","not_yet_hashed","1@exsh;1@face;1@sara;alberta;gon_dun03;jor_albe;moc_fild02;moc_fild03;moc_fild13;pay_arche;pay_fild01;pay_fild02;pay_fild03;pay_fild04;pay_fild05;pay_fild06;pay_fild07;pay_fild08;pay_fild09;pay_fild10;pay_fild11;pay_gld;payg_cas01;payg_cas02;payg_cas03;payg_cas04;payg_cas05;payon;star_frst","unknown","not_verified"
"data/texture/필드바닥/숲속바닥-05.bmp","ground_texture","66612","not_yet_hashed","1@sara;pay_arche;pay_fild02;pay_fild03;pay_fild06;pay_gld;payg_cas02;payg_cas04;payon","unknown","not_verified"
"data/texture/필드바닥/숲속바닥-06.bmp","ground_texture","66612","not_yet_hashed","1@exsh;1@face;1@sara;gld2_pay;gon_dun03;jor_albe;moc_fild02;moc_fild03;moc_fild13;pay_arche;pay_fild01;pay_fild02;pay_fild03;pay_fild04;pay_fild05;pay_fild06;pay_fild07;pay_fild08;pay_fild09;pay_fild10;pay_fild11;pay_gld;payg_cas01;payg_cas02;payg_cas03;payg_cas04;payg_cas05;payon;payon_in01;star_frst;star_in","unknown","not_verified"
"data/texture/필드바닥/숲속바닥-07.bmp","ground_texture","66612","not_yet_hashed","1@exsh;1@face;1@sara;gon_dun03;moc_fild02;moc_fild03;moc_fild13;pay_arche;pay_fild01;pay_fild02;pay_fild03;pay_fild04;pay_fild05;pay_fild06;pay_fild07;pay_fild08;pay_fild09;pay_fild10;pay_fild11;pay_gld;payg_cas01;payg_cas02;payg_cas03;payg_cas04;payg_cas05;payon;star_frst","unknown","not_verified"
"data/texture/필드바닥/숲속바닥-08.bmp","ground_texture","66612","not_yet_hashed","1@exsh;1@face;1@sara;gld2_pay;gon_dun03;jor_albe;moc_fild02;moc_fild03;moc_fild13;pay_arche;pay_fild01;pay_fild02;pay_fild03;pay_fild04;pay_fild05;pay_fild06;pay_fild07;pay_fild08;pay_fild09;pay_fild10;pay_fild11;pay_gld;payg_cas01;payg_cas02;payg_cas03;payg_cas04;payg_cas05;payon;payon_in03;star_frst","unknown","not_verified"
"data/texture/필드바닥/숲속바닥-09.bmp","ground_texture","66612","not_yet_hashed","1@exsh;1@face;1@sara;jor_albe;moc_fild02;moc_fild03;pay_arche;pay_fild01;pay_fild02;pay_fild03;pay_fild04;pay_fild06;pay_fild07;pay_fild08;pay_fild09;pay_fild10;payon;star_frst","unknown","not_verified"
"data/texture/필드바닥/숲속바닥-10.bmp","ground_texture","66612","not_yet_hashed","1@exsh;1@face;1@sara;gon_dun03;jor_albe;moc_fild02;moc_fild03;moc_fild13;pay_arche;pay_fild01;pay_fild02;pay_fild03;pay_fild04;pay_fild05;pay_fild06;pay_fild07;pay_fild08;pay_fild09;pay_fild10;pay_fild11;pay_gld;payg_cas01;payg_cas02;payg_cas03;payg_cas04;payg_cas05;payon;star_frst","unknown","not_verified"
"data/texture/필드바닥/숲속바닥-11.bmp","ground_texture","66612","not_yet_hashed","1@face;1@sara;gon_dun03;moc_fild02;moc_fild03;moc_fild13;pay_fild01;pay_fild02;pay_fild03;pay_fild04;pay_fild05;pay_fild06;pay_fild07;pay_fild08;pay_fild09;pay_fild10;pay_fild11;pay_gld;payg_cas01;payg_cas02;payg_cas03;payg_cas04;payg_cas05;payon","unknown","not_verified"
"data/texture/필드바닥/숲속바닥-12.bmp","ground_texture","66612","not_yet_hashed","jor_albe","unknown","not_verified"
"data/texture/필드바닥/숲속바닥-동굴.bmp","ground_texture","66612","not_yet_hashed","pay_arche","unknown","not_verified"
"data/texture/필드바닥/슈발츠절벽01.bmp","ground_texture","66612","not_yet_hashed","ein_fild01;ein_fild02;ein_fild05;ein_fild06;ein_fild07;httyd_01;hu_fild01;hu_fild02;hu_fild04;hu_fild05;hu_fild07;juperos_01;que_ba;que_dan01;sch_gld;yuno;yuno_fild01;yuno_fild02;yuno_fild03;yuno_fild04;yuno_fild05;yuno_fild06;yuno_fild07;yuno_fild08;yuno_fild09;yuno_fild10;yuno_fild11;yuno_fild12","unknown","not_verified"
"data/texture/필드바닥/슈발츠절벽02.bmp","ground_texture","66612","not_yet_hashed","ein_fild01;ein_fild02;ein_fild05;ein_fild06;ein_fild07;httyd_01;hu_fild01;hu_fild02;hu_fild04;hu_fild05;hu_fild07;juperos_01;que_ba;que_dan01;sch_gld;yuno;yuno_fild01;yuno_fild02;yuno_fild03;yuno_fild04;yuno_fild05;yuno_fild06;yuno_fild07;yuno_fild08;yuno_fild09;yuno_fild10;yuno_fild11;yuno_fild12","unknown","not_verified"
"data/texture/필드바닥/슈발츠절벽03.bmp","ground_texture","66612","not_yet_hashed","ein_fild01;ein_fild02;ein_fild05;ein_fild06;ein_fild07;httyd_01;hu_fild01;hu_fild02;hu_fild04;hu_fild05;hu_fild07;juperos_01;que_ba;que_dan01;sch_gld;yuno;yuno_fild01;yuno_fild02;yuno_fild03;yuno_fild04;yuno_fild05;yuno_fild06;yuno_fild07;yuno_fild08;yuno_fild09;yuno_fild10;yuno_fild11;yuno_fild12","unknown","not_verified"
"data/texture/필드바닥/슈발츠절벽04.bmp","ground_texture","66612","not_yet_hashed","ein_fild01;ein_fild02;ein_fild05;ein_fild06;ein_fild07;hu_fild02;hu_fild04;hu_fild07;juperos_01;que_ba;que_dan01;sch_gld;yuno;yuno_fild01;yuno_fild02;yuno_fild03;yuno_fild04;yuno_fild05;yuno_fild06;yuno_fild08;yuno_fild09;yuno_fild10;yuno_fild11;yuno_fild12","unknown","not_verified"
"data/texture/필드바닥/슈발츠풀바닥01.bmp","ground_texture","66612","not_yet_hashed","ein_fild01;ein_fild02;ein_fild06;ein_fild07;httyd_01;hu_fild01;hu_fild02;hu_fild04;hu_fild05;hu_fild07;juperos_01;kh_dun02;que_ba;que_dan01;sch_gld;schg_cas02;yuno_fild01;yuno_fild02;yuno_fild03;yuno_fild04;yuno_fild05;yuno_fild06;yuno_fild07;yuno_fild08;yuno_fild09;yuno_fild10;yuno_fild11;yuno_fild12","unknown","not_verified"
"data/texture/필드바닥/슈발츠풀바닥02.bmp","ground_texture","66612","not_yet_hashed","ein_fild01;ein_fild02;ein_fild05;ein_fild06;ein_fild07;hu_fild02;hu_fild04;hu_fild07;que_ba;yuno_fild01;yuno_fild02;yuno_fild03;yuno_fild04;yuno_fild05;yuno_fild06;yuno_fild07;yuno_fild08;yuno_fild09;yuno_fild10;yuno_fild11;yuno_fild12","unknown","not_verified"
"data/texture/필드바닥/슈발츠풀바닥03.bmp","ground_texture","66612","not_yet_hashed","ein_fild01;ein_fild02;ein_fild05;ein_fild06;ein_fild07;hu_fild02;hu_fild04;hu_fild07;que_ba;yuno_fild01;yuno_fild02;yuno_fild03;yuno_fild04;yuno_fild05;yuno_fild06;yuno_fild07;yuno_fild08;yuno_fild09;yuno_fild10;yuno_fild11;yuno_fild12","unknown","not_verified"
"data/texture/필드바닥/슈발츠풀바닥04.bmp","ground_texture","66612","not_yet_hashed","ein_fild01;ein_fild02;ein_fild05;ein_fild06;ein_fild07;hu_fild02;hu_fild04;hu_fild07;que_ba;que_dan01;yuno_fild01;yuno_fild02;yuno_fild03;yuno_fild04;yuno_fild05;yuno_fild06;yuno_fild07;yuno_fild08;yuno_fild09;yuno_fild10;yuno_fild11;yuno_fild12","unknown","not_verified"
"data/texture/필드바닥/슈발츠풀바닥05.bmp","ground_texture","66612","not_yet_hashed","ein_fild01;ein_fild02;ein_fild07;hu_fild02;hu_fild04;kh_dun02;que_ba;sch_gld;yuno;yuno_fild01;yuno_fild02;yuno_fild03;yuno_fild04;yuno_fild05;yuno_fild08;yuno_fild09;yuno_fild11","unknown","not_verified"
"data/texture/필드바닥/슈발츠풀바닥06.bmp","ground_texture","66612","not_yet_hashed","ein_fild01;ein_fild02;ein_fild05;hu_fild02;hu_fild04;hu_fild07;yuno_fild01;yuno_fild02;yuno_fild03;yuno_fild04;yuno_fild05;yuno_fild08;yuno_fild09;yuno_fild11","unknown","not_verified"
"data/texture/필드바닥/슈발츠풀바닥07.bmp","ground_texture","66612","not_yet_hashed","ein_fild01;hu_fild02;hu_fild04;yuno_fild02;yuno_fild05;yuno_fild08;yuno_fild09;yuno_fild11","unknown","not_verified"
"data/texture/필드바닥/습기절벽-1.bmp","ground_texture","66612","not_yet_hashed","ordeal_a00;ordeal_a02;prt_are01","unknown","not_verified"
"data/texture/필드바닥/습기절벽-3.bmp","ground_texture","66612","not_yet_hashed","evt_mobroom;ordeal_a00;ordeal_a02;pay_dun04;prt_are01","unknown","not_verified"
"data/texture/필드바닥/습기절벽-6.bmp","ground_texture","66612","not_yet_hashed","ordeal_a02;prt_are01","unknown","not_verified"
"data/texture/필드바닥/습기절벽-7.bmp","ground_texture","66612","not_yet_hashed","ordeal_a02","unknown","not_verified"
"data/texture/필드바닥/습기절벽-8.bmp","ground_texture","66612","not_yet_hashed","evt_mobroom;ordeal_a00;ordeal_a02;prt_are01","unknown","not_verified"
"data/texture/필드바닥/습기절벽-9.bmp","ground_texture","66612","not_yet_hashed","ordeal_a00;ordeal_a02;prt_are01","unknown","not_verified"
"data/texture/필드바닥/시계탑내부벽3.bmp","ground_texture","66612","not_yet_hashed","alde_dun03;alde_dun04;c_tower1;c_tower2;c_tower2_;c_tower3;c_tower3_;c_tower4;clock_01","unknown","not_verified"
"data/texture/필드바닥/시계탑내부벽4.bmp","ground_texture","66612","not_yet_hashed","1@pop1;alde_dun04;aldeg_cas02;bl_depth2;c_tower1;c_tower2;c_tower2_;c_tower3;c_tower3_;c_tower4;clock_01;gl_cas02;gl_cas02_;prtg_cas03;ra_temsky;te_aldecas2;te_prtcas03;yuno","unknown","not_verified"
"data/texture/필드바닥/시계탑내부벽5.bmp","ground_texture","33844","not_yet_hashed","1@4igd;bl_depth2;c_tower2;c_tower2_;c_tower3;c_tower3_;c_tower4;gl_sew02;guild_vs4;kh_kiehl02;pvp_2vs2;quiz_01;quiz_02","unknown","not_verified"
"data/texture/필드바닥/시계탑던전01.bmp","ground_texture","66612","not_yet_hashed","alde_dun01;alde_dun02;alde_dun03;alde_dun04;c_tower1;clock_01;gld_dun02;gon_dun01;que_god01;teg_dun02","unknown","not_verified"
"data/texture/필드바닥/시계탑던전02.bmp","ground_texture","66612","not_yet_hashed","alde_dun01;alde_dun02;alde_dun03;alde_dun04;c_tower1;clock_01;gld_dun02;gon_dun01;que_god01;teg_dun02","unknown","not_verified"
"data/texture/필드바닥/시계탑던전03.bmp","ground_texture","66612","not_yet_hashed","alde_dun01;alde_dun02;alde_dun03;alde_dun04;c_tower1;c_tower2;c_tower2_;c_tower4;clock_01;gld_dun02;gon_dun01;que_god01;teg_dun02","unknown","not_verified"
"data/texture/필드바닥/시계탑던전04.bmp","ground_texture","66612","not_yet_hashed","alde_dun04;clock_01","unknown","not_verified"
"data/texture/필드바닥/시계탑던전05.bmp","ground_texture","66612","not_yet_hashed","alde_dun04;clock_01","unknown","not_verified"
"data/texture/필드바닥/시계탑던전06.bmp","ground_texture","66612","not_yet_hashed","c_tower1","unknown","not_verified"
"data/texture/필드바닥/시계탑던전07.bmp","ground_texture","66612","not_yet_hashed","alde_dun01;alde_dun02;alde_dun03;alde_dun04;c_tower1;clock_01;gld_dun02;teg_dun02","unknown","not_verified"
"data/texture/필드바닥/시계탑던전바닥01-01.bmp","ground_texture","66612","not_yet_hashed","alde_dun01;alde_dun02;alde_dun03;alde_dun04;clock_01","unknown","not_verified"
"data/texture/필드바닥/시계탑던전바닥01.bmp","ground_texture","66612","not_yet_hashed","alde_dun01;alde_dun02;alde_dun03;alde_dun04;c_tower1;clock_01;gld_dun02;gon_dun01;gon_test;que_god01;teg_dun02","unknown","not_verified"
"data/texture/필드바닥/시계탑던전바닥02.bmp","ground_texture","66612","not_yet_hashed","alde_dun01;alde_dun02;alde_dun03;alde_dun04;c_tower1;clock_01;gld_dun02;teg_dun02","unknown","not_verified"
"data/texture/필드바닥/아레나바닥-01.bmp","ground_texture","66612","not_yet_hashed","1@vrac2;arena_room;force_map1;force_map3;gl_cas02;gl_cas02_;gl_knt02;iz_ac02;iz_ac02_a;iz_ac02_b;iz_ac02_c;iz_ac02_d;job_knight;job_knt;prt_are_in;prt_are01;valkyrie","unknown","not_verified"
"data/texture/필드바닥/아레나바닥-02.bmp","ground_texture","66612","not_yet_hashed","1@vrac2;arena_room;force_map1;force_map3;gl_cas02;gl_cas02_;gl_knt02;iz_ac02;iz_ac02_a;iz_ac02_b;iz_ac02_c;iz_ac02_d;job_knight;job_knt;prt_are_in;prt_are01;valkyrie","unknown","not_verified"
"data/texture/필드바닥/아레나바닥-03.bmp","ground_texture","66612","not_yet_hashed","1@vrac2;arena_room;force_map1;force_map3;gl_cas02;gl_cas02_;gl_knt02;iz_ac02;iz_ac02_a;iz_ac02_b;iz_ac02_c;iz_ac02_d;job_knight;job_knt;prt_are_in;prt_are01;valkyrie","unknown","not_verified"
"data/texture/필드바닥/아레나바닥-04.bmp","ground_texture","66612","not_yet_hashed","1@vrac2;arena_room;force_map1;force_map3;gl_cas02;gl_cas02_;gl_knt02;iz_ac02;iz_ac02_a;iz_ac02_b;iz_ac02_c;iz_ac02_d;job_knight;job_knt;prt_are_in;prt_are01;valkyrie","unknown","not_verified"
"data/texture/필드바닥/아레나바닥7.bmp","ground_texture","66612","not_yet_hashed","1@gl_he;1@gl_he2;1@gl_k;1@gl_k2;1@gl_kh;1@vrac2;2@gl_k;2@gl_k2;2@gl_kh;force_map1;force_map2;force_map3;gl_cas02;gl_cas02_;grademk;iz_ac02;iz_ac02_a;iz_ac02_b;iz_ac02_c;iz_ac02_d;job_knight;job_knt;job_sage;job_sword1;job_wiz;paramk;prt_are01;valkyrie","unknown","not_verified"
"data/texture/필드바닥/아레나바닥8_.bmp","ground_texture","66616","not_yet_hashed","force_map3;job_knight;job_knt;job_sword1","unknown","not_verified"
"data/texture/필드바닥/알데바란-연결바닥01.bmp","ground_texture","66612","not_yet_hashed","alde_gld;aldebaran;aldeg_cas01;aldeg_cas02;aldeg_cas03;aldeg_cas04;mjolnir_12;te_alde_gld;te_aldecas1;te_aldecas2;te_aldecas3;te_aldecas4;yuno_fild01;yuno_fild12","unknown","not_verified"
"data/texture/필드바닥/알데바란-연결바닥02.bmp","ground_texture","66612","not_yet_hashed","alde_gld;aldebaran;aldeg_cas01;aldeg_cas02;aldeg_cas04;mjolnir_12;te_alde_gld;te_aldecas1;te_aldecas2;te_aldecas4;yuno_fild01;yuno_fild12","unknown","not_verified"
"data/texture/필드바닥/알데바란바닥-0.bmp","ground_texture","66612","not_yet_hashed","alde_gld;aldebaran;aldeg_cas01;aldeg_cas02;aldeg_cas03;aldeg_cas04;ayo_dun02;mjolnir_12;n_castle;te_alde_gld;te_aldecas1;te_aldecas2;te_aldecas3;te_aldecas4;uknw_ruin;uknw_ruin2;yuno_fild01;yuno_fild12","unknown","not_verified"
"data/texture/필드바닥/알데바란바닥-1.bmp","ground_texture","66612","not_yet_hashed","alde_gld;aldebaran;aldeg_cas02;ch1_sf02;n_castle;te_alde_gld;te_aldecas2","unknown","not_verified"
"data/texture/필드바닥/알데바란바닥-2.bmp","ground_texture","66612","not_yet_hashed","alde_gld;aldebaran;aldeg_cas02;te_alde_gld;te_aldecas2","unknown","not_verified"
"data/texture/필드바닥/알데바란바닥-3.bmp","ground_texture","66612","not_yet_hashed","alde_gld;aldebaran;aldeg_cas02;n_castle;te_alde_gld;te_aldecas2","unknown","not_verified"
"data/texture/필드바닥/알데바란바닥-4.bmp","ground_texture","66612","not_yet_hashed","alde_gld;aldebaran;aldeg_cas02;n_castle;te_alde_gld;te_aldecas2","unknown","not_verified"
"data/texture/필드바닥/알데바란바닥-5.bmp","ground_texture","66612","not_yet_hashed","aldebaran","unknown","not_verified"
"data/texture/필드바닥/알데바란바닥2-0.bmp","ground_texture","66612","not_yet_hashed","alde_gld;aldebaran;aldeg_cas01;aldeg_cas03;aldeg_cas04;aldeg_cas05;ch1_sf02;te_alde_gld;te_aldecas1;te_aldecas3;te_aldecas4;te_aldecas5;uknw_ruin;uknw_ruin2","unknown","not_verified"
"data/texture/필드바닥/알데바란바닥2-1.bmp","ground_texture","66612","not_yet_hashed","alde_gld;aldebaran;aldeg_cas01;aldeg_cas02;aldeg_cas03;aldeg_cas04;aldeg_cas05;ch1_sf02;te_alde_gld;te_aldecas1;te_aldecas2;te_aldecas3;te_aldecas4;te_aldecas5","unknown","not_verified"
"data/texture/필드바닥/알데바란바닥2-2.bmp","ground_texture","66612","not_yet_hashed","alde_gld;aldebaran;aldeg_cas05;te_alde_gld;te_aldecas5","unknown","not_verified"
"data/texture/필드바닥/알데바란바닥2-3.bmp","ground_texture","66612","not_yet_hashed","alde_gld;aldebaran;aldeg_cas05;ch1_sf02;te_alde_gld;te_aldecas5","unknown","not_verified"
"data/texture/필드바닥/알데바란바닥2-4.bmp","ground_texture","66612","not_yet_hashed","alde_gld;aldebaran;aldeg_cas05;ch1_sf02;te_alde_gld;te_aldecas5","unknown","not_verified"
"data/texture/필드바닥/알데바란바닥2-5.bmp","ground_texture","66612","not_yet_hashed","aldebaran","unknown","not_verified"
"data/texture/필드바닥/알데바란바닥2-6.bmp","ground_texture","66612","not_yet_hashed","alde_gld;aldebaran;ch1_sf02;te_alde_gld","unknown","not_verified"
"data/texture/필드바닥/알데바란벽.bmp","ground_texture","66612","not_yet_hashed","alde_gld;aldebaran;aldeg_cas01;aldeg_cas02;aldeg_cas03;aldeg_cas04;aldeg_cas05;ayothaya;ch1_sf02;gld2_ald;hero_out2;rag_fes;rag_fes_a;te_alde_gld;te_aldecas1;te_aldecas2;te_aldecas3;te_aldecas4;te_aldecas5;uknw_ruin;uknw_ruin2;yuno_fild12","unknown","not_verified"
"data/texture/필드바닥/알베르타마을바닥-00.bmp","ground_texture","66614","not_yet_hashed","alberta;alberta_in;gon_fild01;hero_out2;herosria;jalbe_in;jor_albe;lhz_fild01;rag_fes;rag_fes_a","unknown","not_verified"
"data/texture/필드바닥/알베르타마을바닥-1.bmp","ground_texture","66614","not_yet_hashed","alberta;gon_fild01;jor_albe;pay_fild03","unknown","not_verified"
"data/texture/필드바닥/알베르타마을바닥-2.bmp","ground_texture","66614","not_yet_hashed","alberta;gon_fild01;hero_out2;jor_albe;pay_fild03;rag_fes;rag_fes_a","unknown","not_verified"
"data/texture/필드바닥/어비스동굴01.bmp","ground_texture","66612","not_yet_hashed","1@4drk;abyss_01;abyss_02;abyss_03;abyss_04;httyd_02","unknown","not_verified"
"data/texture/필드바닥/어비스동굴02.bmp","ground_texture","66612","not_yet_hashed","1@4drk;abyss_01;abyss_02;abyss_03;abyss_04;httyd_02","unknown","not_verified"
"data/texture/필드바닥/어비스동굴03.bmp","ground_texture","66612","not_yet_hashed","1@4drk;abyss_01;abyss_02;abyss_03;abyss_04;httyd_02","unknown","not_verified"
"data/texture/필드바닥/어비스동굴04.bmp","ground_texture","66612","not_yet_hashed","abyss_03","unknown","not_verified"
"data/texture/필드바닥/어비스바닥1.bmp","ground_texture","66612","not_yet_hashed","1@4drk;abyss_01;abyss_02;abyss_03;abyss_04;httyd_02","unknown","not_verified"
"data/texture/필드바닥/어비스바닥10.bmp","ground_texture","66612","not_yet_hashed","1@4drk;abyss_01;abyss_02;abyss_03;abyss_04;httyd_02","unknown","not_verified"
"data/texture/필드바닥/어비스바닥2.bmp","ground_texture","66612","not_yet_hashed","abyss_01;abyss_03;httyd_02","unknown","not_verified"
"data/texture/필드바닥/어비스바닥3.bmp","ground_texture","66612","not_yet_hashed","abyss_01;abyss_03;httyd_02","unknown","not_verified"
"data/texture/필드바닥/어비스바닥4.bmp","ground_texture","66612","not_yet_hashed","abyss_01;abyss_03;abyss_04;httyd_02","unknown","not_verified"
"data/texture/필드바닥/어비스바닥5.bmp","ground_texture","66612","not_yet_hashed","abyss_01;abyss_03;abyss_04;httyd_02","unknown","not_verified"
"data/texture/필드바닥/어비스바닥6.bmp","ground_texture","66612","not_yet_hashed","1@4drk;abyss_01;abyss_02;abyss_03;httyd_02","unknown","not_verified"
"data/texture/필드바닥/어비스바닥7.bmp","ground_texture","66612","not_yet_hashed","1@4drk;abyss_01;abyss_02;abyss_03;abyss_04;httyd_02","unknown","not_verified"
"data/texture/필드바닥/어비스바닥8.bmp","ground_texture","66612","not_yet_hashed","1@4drk;abyss_01;abyss_02;abyss_03;abyss_04;httyd_02","unknown","not_verified"
"data/texture/필드바닥/어비스바닥9.bmp","ground_texture","66612","not_yet_hashed","1@4drk;abyss_01;abyss_02;abyss_03;httyd_02","unknown","not_verified"
"data/texture/필드바닥/어비유노연결01.bmp","ground_texture","66612","not_yet_hashed","httyd_01;hu_fild01;hu_fild02;hu_fild04;hu_fild05;hu_fild07;que_dan01","unknown","not_verified"
"data/texture/필드바닥/어비유노연결02.bmp","ground_texture","66612","not_yet_hashed","httyd_01;hu_fild02;hu_fild04;hu_fild05;hu_fild07;que_dan01","unknown","not_verified"
"data/texture/필드바닥/어비유노연결03.bmp","ground_texture","66612","not_yet_hashed","httyd_01;hu_fild01;hu_fild02;hu_fild04;hu_fild05;hu_fild07;que_dan01","unknown","not_verified"
"data/texture/필드바닥/얼음_바닥연결01.bmp","ground_texture","66612","not_yet_hashed","ice_d03_i;ice_dun02;ice_dun03","unknown","not_verified"
"data/texture/필드바닥/얼음_바닥연결02.bmp","ground_texture","66612","not_yet_hashed","ice_dun01;ice_dun02","unknown","not_verified"
"data/texture/필드바닥/얼음_바닥연결03.bmp","ground_texture","66612","not_yet_hashed","ice_d03_i;ice_dun02;ice_dun03","unknown","not_verified"
"data/texture/필드바닥/얼음_절벽연결01.bmp","ground_texture","66612","not_yet_hashed","ice_dun01","unknown","not_verified"
"data/texture/필드바닥/얼음_절벽연결02.bmp","ground_texture","66612","not_yet_hashed","ice_dun01","unknown","not_verified"
"data/texture/필드바닥/얼음_절벽연결03.bmp","ground_texture","66612","not_yet_hashed","ice_d03_i;ice_dun03;job3_sha01","unknown","not_verified"
"data/texture/필드바닥/얼음_풀절벽01.bmp","ground_texture","66612","not_yet_hashed","ice_dun01;que_qsch01","unknown","not_verified"
"data/texture/필드바닥/얼음_풀절벽02.bmp","ground_texture","66612","not_yet_hashed","ice_dun01","unknown","not_verified"
"data/texture/필드바닥/얼음_풀절벽03.bmp","ground_texture","66612","not_yet_hashed","ice_dun01","unknown","not_verified"
"data/texture/필드바닥/얼음_풀절벽04.bmp","ground_texture","66612","not_yet_hashed","ice_dun01","unknown","not_verified"
"data/texture/필드바닥/얼음_풀절벽연결01.bmp","ground_texture","66612","not_yet_hashed","ice_dun01","unknown","not_verified"
"data/texture/필드바닥/얼음_풀절벽연결02.bmp","ground_texture","66612","not_yet_hashed","1@rev;ice_dun01","unknown","not_verified"
"data/texture/필드바닥/얼음동굴_얼음01.bmp","ground_texture","66612","not_yet_hashed","ice_d03_i;ice_dun02;ice_dun03;ice_dun04","unknown","not_verified"
"data/texture/필드바닥/얼음동굴_얼음02.bmp","ground_texture","66612","not_yet_hashed","ice_d03_i;ice_dun01;ice_dun02;ice_dun03;ice_dun04;job3_sha01","unknown","not_verified"
"data/texture/필드바닥/얼음동굴_얼음03.bmp","ground_texture","66612","not_yet_hashed","ice_d03_i;ice_dun01;ice_dun02;ice_dun03;ice_dun04;job3_sha01","unknown","not_verified"
"data/texture/필드바닥/얼음동굴_얼음04.bmp","ground_texture","66612","not_yet_hashed","ice_d03_i;ice_dun01;ice_dun02;ice_dun03;ice_dun04;job3_sha01","unknown","not_verified"
"data/texture/필드바닥/얼음동굴_얼음05.bmp","ground_texture","66612","not_yet_hashed","ice_d03_i;ice_dun01;ice_dun02;ice_dun03","unknown","not_verified"
"data/texture/필드바닥/얼음동굴_절벽01.bmp","ground_texture","66612","not_yet_hashed","1@rev;ice_dun01","unknown","not_verified"
"data/texture/필드바닥/얼음동굴_절벽02.bmp","ground_texture","66612","not_yet_hashed","1@rev;ice_dun01","unknown","not_verified"
"data/texture/필드바닥/얼음동굴_절벽03.bmp","ground_texture","66612","not_yet_hashed","1@rev;ice_dun01","unknown","not_verified"
"data/texture/필드바닥/얼음동굴_절벽04.bmp","ground_texture","66612","not_yet_hashed","1@eom;1@rev;ice_dun01","unknown","not_verified"
"data/texture/필드바닥/오엑스바닥08.bmp","ground_texture","65848","not_yet_hashed","alde_tt02;alde_tt03;quiz_02","unknown","not_verified"
"data/texture/필드바닥/용암던젼_05.bmp","ground_texture","66612","not_yet_hashed","mag_dun02;mag_dun03","unknown","not_verified"
"data/texture/필드바닥/용암던젼_06.BMP","ground_texture","66612","not_yet_hashed","mag_dun02;mag_dun03","unknown","not_verified"
"data/texture/필드바닥/용암던젼_07.BMP","ground_texture","66612","not_yet_hashed","mag_dun02;mag_dun03","unknown","not_verified"
"data/texture/필드바닥/용암던젼_08.BMP","ground_texture","66612","not_yet_hashed","mag_dun02;mag_dun03","unknown","not_verified"
"data/texture/필드바닥/용암던젼_09.BMP","ground_texture","66612","not_yet_hashed","mag_dun02;mag_dun03","unknown","not_verified"
"data/texture/필드바닥/용암던젼_10.BMP","ground_texture","66612","not_yet_hashed","gefenia04;mag_dun02;mag_dun03","unknown","not_verified"
"data/texture/필드바닥/용암던젼_11.BMP","ground_texture","66612","not_yet_hashed","2@nyd;mag_dun02;mag_dun03","unknown","not_verified"
"data/texture/필드바닥/용암던젼_12.BMP","ground_texture","66612","not_yet_hashed","mag_dun02;mag_dun03","unknown","not_verified"
"data/texture/필드바닥/용암던젼_13.BMP","ground_texture","66612","not_yet_hashed","mag_dun02;mag_dun03","unknown","not_verified"
"data/texture/필드바닥/용암던젼_14.BMP","ground_texture","66612","not_yet_hashed","mag_dun02;mag_dun03","unknown","not_verified"
"data/texture/필드바닥/용암던젼_15.bmp","ground_texture","66612","not_yet_hashed","mag_dun01;mag_dun02;mag_dun03","unknown","not_verified"
"data/texture/필드바닥/용암던젼_16.BMP","ground_texture","66612","not_yet_hashed","mag_dun02;mag_dun03","unknown","not_verified"
"data/texture/필드바닥/움발라던전01.bmp","ground_texture","66612","not_yet_hashed","um_dun01;um_dun02","unknown","not_verified"
"data/texture/필드바닥/움발라던전02.bmp","ground_texture","66612","not_yet_hashed","um_dun01;um_dun02","unknown","not_verified"
"data/texture/필드바닥/움발라던전03.bmp","ground_texture","66612","not_yet_hashed","um_dun01;um_dun02","unknown","not_verified"
"data/texture/필드바닥/움발라던전04.BMP","ground_texture","66612","not_yet_hashed","um_dun01;um_dun02","unknown","not_verified"
"data/texture/필드바닥/움발라던전05.BMP","ground_texture","66612","not_yet_hashed","um_dun01;um_dun02","unknown","not_verified"
"data/texture/필드바닥/움발라던전06.BMP","ground_texture","66612","not_yet_hashed","um_dun01;um_dun02","unknown","not_verified"
"data/texture/필드바닥/움발라던전07.BMP","ground_texture","66612","not_yet_hashed","um_dun01;um_dun02","unknown","not_verified"
"data/texture/필드바닥/움발라던전08.BMP","ground_texture","66612","not_yet_hashed","um_dun01;um_dun02","unknown","not_verified"
"data/texture/필드바닥/유노추가01.bmp","ground_texture","65848","not_yet_hashed","juperos_01;sch_gld;schg_cas02;yuno;yuno_fild04;yuno_fild08","unknown","not_verified"
"data/texture/필드바닥/유노추가02.bmp","ground_texture","65848","not_yet_hashed","juperos_01;sch_gld;schg_cas02;yuno;yuno_fild04;yuno_fild08;yuno_fild11","unknown","not_verified"
"data/texture/필드바닥/유노추가03.bmp","ground_texture","65848","not_yet_hashed","juperos_01;sch_gld;schg_cas02;yuno;yuno_fild04;yuno_fild08;yuno_fild11","unknown","not_verified"
"data/texture/필드바닥/유노추가04.bmp","ground_texture","65848","not_yet_hashed","ein_fild06;juperos_01;yuno;yuno_fild03;yuno_fild04;yuno_fild05;yuno_fild06;yuno_fild07;yuno_fild08;yuno_fild09;yuno_fild10","unknown","not_verified"
"data/texture/필드바닥/유노추가05.bmp","ground_texture","65848","not_yet_hashed","ein_fild06;juperos_01;yuno;yuno_fild03;yuno_fild04;yuno_fild05;yuno_fild06;yuno_fild07;yuno_fild08;yuno_fild09;yuno_fild10","unknown","not_verified"
"data/texture/필드바닥/유노추가06.bmp","ground_texture","65848","not_yet_hashed","ein_fild06;gefenia04;juperos_01;yuno;yuno_fild03;yuno_fild04;yuno_fild05;yuno_fild06;yuno_fild07;yuno_fild09;yuno_fild10","unknown","not_verified"
"data/texture/필드바닥/유노추가07.bmp","ground_texture","65848","not_yet_hashed","ein_fild06;juperos_01;yuno;yuno_fild03;yuno_fild04;yuno_fild05;yuno_fild06;yuno_fild07;yuno_fild10","unknown","not_verified"
"data/texture/필드바닥/유노추가08.bmp","ground_texture","65848","not_yet_hashed","ein_fild06;juperos_01;yuno;yuno_fild03;yuno_fild04;yuno_fild05;yuno_fild06;yuno_fild07","unknown","not_verified"
"data/texture/필드바닥/유노추가09.bmp","ground_texture","65848","not_yet_hashed","ein_fild06;juperos_01;yuno;yuno_fild03;yuno_fild04;yuno_fild05;yuno_fild06;yuno_fild07","unknown","not_verified"
"data/texture/필드바닥/이그드라시바닥01.bmp","ground_texture","66616","not_yet_hashed","yggdrasil01","unknown","not_verified"
"data/texture/필드바닥/이그드라시바닥02.bmp","ground_texture","66616","not_yet_hashed","yggdrasil01","unknown","not_verified"
"data/texture/필드바닥/이그드라시바닥03.bmp","ground_texture","66616","not_yet_hashed","yggdrasil01","unknown","not_verified"
"data/texture/필드바닥/이그드라시바닥04.bmp","ground_texture","66616","not_yet_hashed","yggdrasil01","unknown","not_verified"
"data/texture/필드바닥/일본바닥01.bmp","ground_texture","66612","not_yet_hashed","ama_fild01;ama_in02;amatsu;gonryun;job_ko","unknown","not_verified"
"data/texture/필드바닥/일본바닥02.bmp","ground_texture","66612","not_yet_hashed","ama_dun02;amatsu;gonryun;job_ko","unknown","not_verified"
"data/texture/필드바닥/일본바닥03.bmp","ground_texture","66612","not_yet_hashed","amatsu;gonryun","unknown","not_verified"
"data/texture/필드바닥/일본바닥04.bmp","ground_texture","66612","not_yet_hashed","ama_fild01;amatsu;gon_fild01;gonryun","unknown","not_verified"
"data/texture/필드바닥/일본바닥05.bmp","ground_texture","66612","not_yet_hashed","ama_fild01;amatsu;gonryun","unknown","not_verified"
"data/texture/필드바닥/일본바닥06.bmp","ground_texture","66612","not_yet_hashed","ama_dun02;ama_fild01;gon_fild01;gon_test;gonryun;job_ko;lou_dun03","unknown","not_verified"
"data/texture/필드바닥/일본바닥07.bmp","ground_texture","66612","not_yet_hashed","ama_dun02;ama_fild01;gon_fild01;gon_test;gonryun;job_ko;lou_dun03","unknown","not_verified"
"data/texture/필드바닥/일본바닥08.bmp","ground_texture","66612","not_yet_hashed","ama_dun02;ama_fild01;gon_fild01;gon_test;gonryun;job_ko;lou_dun03","unknown","not_verified"
"data/texture/필드바닥/일본바닥09.bmp","ground_texture","66612","not_yet_hashed","ama_fild01;gon_fild01;gon_test;gonryun;job_ko;lou_dun03","unknown","not_verified"
"data/texture/필드바닥/일본바닥10.bmp","ground_texture","66612","not_yet_hashed","ama_dun02;ama_fild01;ama_in02;amatsu;gon_fild01;gon_test;gonryun;job_ko","unknown","not_verified"
"data/texture/필드바닥/일본바닥11.bmp","ground_texture","66612","not_yet_hashed","ama_dun02;ama_fild01;ama_in02;amatsu;gon_dun02;gon_fild01;gon_test;gonryun;job_ko;lou_dun03","unknown","not_verified"
"data/texture/필드바닥/일본바닥12.bmp","ground_texture","66612","not_yet_hashed","ama_dun02;ama_fild01;ama_in02;amatsu;gon_fild01;gon_test;gonryun;job_ko","unknown","not_verified"
"data/texture/필드바닥/일본바닥13.bmp","ground_texture","66612","not_yet_hashed","ama_fild01;ama_in02;gonryun","unknown","not_verified"
"data/texture/필드바닥/일본바닥14.bmp","ground_texture","66612","not_yet_hashed","ama_dun02;ama_fild01;ama_in02;amatsu;gon_fild01;gon_test;gonryun;job_ko","unknown","not_verified"
"data/texture/필드바닥/일본바닥15.bmp","ground_texture","66612","not_yet_hashed","amatsu;gonryun","unknown","not_verified"
"data/texture/필드바닥/일본바닥16.bmp","ground_texture","66612","not_yet_hashed","ama_fild01;gon_fild01;lou_dun03","unknown","not_verified"
"data/texture/필드바닥/일본바닥17.bmp","ground_texture","66612","not_yet_hashed","ama_fild01;gon_fild01;lou_dun03","unknown","not_verified"
"data/texture/필드바닥/일본바닥18.bmp","ground_texture","66612","not_yet_hashed","ama_fild01;amatsu;gon_fild01;lou_dun03","unknown","not_verified"
"data/texture/필드바닥/일본바닥19.bmp","ground_texture","66616","not_yet_hashed","amatsu","unknown","not_verified"
"data/texture/필드바닥/일본바닥20.bmp","ground_texture","66616","not_yet_hashed","amatsu;lou_dun03","unknown","not_verified"
"data/texture/필드바닥/일본바닥21.bmp","ground_texture","66616","not_yet_hashed","amatsu","unknown","not_verified"
"data/texture/필드바닥/일본바닥22.bmp","ground_texture","66616","not_yet_hashed","amatsu","unknown","not_verified"
"data/texture/필드바닥/일본바닥23.bmp","ground_texture","66616","not_yet_hashed","amatsu","unknown","not_verified"
"data/texture/필드바닥/일본바닥24.bmp","ground_texture","66616","not_yet_hashed","amatsu","unknown","not_verified"
"data/texture/필드바닥/일본바닥25.bmp","ground_texture","66616","not_yet_hashed","amatsu","unknown","not_verified"
"data/texture/필드바닥/장난감던전바닥01.bmp","ground_texture","66612","not_yet_hashed","1@xm_d;1@xm_d2;2025arena2;25ros03_01;xmas_dun01;xmas_dun02","unknown","not_verified"
"data/texture/필드바닥/장난감던전바닥02.bmp","ground_texture","66612","not_yet_hashed","1@xm_d;1@xm_d2;2025arena2;2025arena5;25ros03_01;kh_kiehl01;quiz_00;xmas_dun01;xmas_dun02","unknown","not_verified"
"data/texture/필드바닥/장난감던전벽01.bmp","ground_texture","66616","not_yet_hashed","1@xm_d;1@xm_d2;2025arena2;2025arena5;25ros03_01;n_castle;quiz_00;xmas_dun01;xmas_dun02","unknown","not_verified"
"data/texture/필드바닥/장난감던전벽02.bmp","ground_texture","66616","not_yet_hashed","1@xm_d;1@xm_d2;2025arena2;2025arena5;25ros03_01;n_castle;quiz_00;xmas_dun01;xmas_dun02","unknown","not_verified"
"data/texture/필드바닥/장난감던전벽03.bmp","ground_texture","66616","not_yet_hashed","1@xm_d;1@xm_d2;xmas_dun01;xmas_dun02","unknown","not_verified"
"data/texture/필드바닥/장난감던전블럭.bmp","ground_texture","17464","not_yet_hashed","1@herbs;1@xm_d;1@xm_d2;alde_tt02;alde_tt03;kh_kiehl01;lhz_in02;n_castle;new_zone02;quiz_00;quiz_01;quiz_02;xmas_dun01;xmas_dun02","unknown","not_verified"
"data/texture/필드바닥/저주마을_00.bmp","ground_texture","66612","not_yet_hashed","nameless_i;nameless_in;nameless_n","unknown","not_verified"
"data/texture/필드바닥/저주마을_01.bmp","ground_texture","66612","not_yet_hashed","nameless_in","unknown","not_verified"
"data/texture/필드바닥/저주마을_02.bmp","ground_texture","66612","not_yet_hashed","nameless_i;nameless_n","unknown","not_verified"
"data/texture/필드바닥/저주마을_04.bmp","ground_texture","66612","not_yet_hashed","nameless_i;nameless_n","unknown","not_verified"
"data/texture/필드바닥/저주마을_05.bmp","ground_texture","66612","not_yet_hashed","abbey01;aru_gld;nameless_i;nameless_n","unknown","not_verified"
"data/texture/필드바닥/저주마을_06.bmp","ground_texture","66612","not_yet_hashed","nameless_i;nameless_n","unknown","not_verified"
"data/texture/필드바닥/저주마을_08.bmp","ground_texture","66612","not_yet_hashed","abbey01","unknown","not_verified"
"data/texture/필드바닥/저주마을_09.bmp","ground_texture","66612","not_yet_hashed","abbey01;nameless_i;nameless_n","unknown","not_verified"
"data/texture/필드바닥/저주마을_10.bmp","ground_texture","66612","not_yet_hashed","abbey01;nameless_i;nameless_n","unknown","not_verified"
"data/texture/필드바닥/저주마을_11.bmp","ground_texture","66612","not_yet_hashed","abbey01;aru_gld;nameless_i;nameless_n","unknown","not_verified"
"data/texture/필드바닥/저주마을_12.bmp","ground_texture","66612","not_yet_hashed","abbey01;nameless_i;nameless_n","unknown","not_verified"
"data/texture/필드바닥/저주마을_13.bmp","ground_texture","66612","not_yet_hashed","abbey01;nameless_i;nameless_n","unknown","not_verified"
"data/texture/필드바닥/저주마을_14.bmp","ground_texture","66612","not_yet_hashed","nameless_i;nameless_n","unknown","not_verified"
"data/texture/필드바닥/저주섬길_01.bmp","ground_texture","66612","not_yet_hashed","nameless_i;nameless_n","unknown","not_verified"
"data/texture/필드바닥/저주섬길_02.bmp","ground_texture","196664","not_yet_hashed","nameless_i;nameless_n","unknown","not_verified"
"data/texture/필드바닥/저주섬길_04.bmp","ground_texture","66612","not_yet_hashed","nameless_i;nameless_n","unknown","not_verified"
"data/texture/필드바닥/저주섬길_05.bmp","ground_texture","66612","not_yet_hashed","nameless_i;nameless_n","unknown","not_verified"
"data/texture/필드바닥/저주섬절벽_00.bmp","ground_texture","66612","not_yet_hashed","nameless_i;nameless_n","unknown","not_verified"
"data/texture/필드바닥/저주섬절벽_01.bmp","ground_texture","66612","not_yet_hashed","nameless_i;nameless_n","unknown","not_verified"
"data/texture/필드바닥/저주섬절벽_02.bmp","ground_texture","66612","not_yet_hashed","nameless_i;nameless_n","unknown","not_verified"
"data/texture/필드바닥/저주섬절벽_03.bmp","ground_texture","66612","not_yet_hashed","nameless_i;nameless_n","unknown","not_verified"
"data/texture/필드바닥/저주섬절벽_04.bmp","ground_texture","66612","not_yet_hashed","nameless_i;nameless_n","unknown","not_verified"
"data/texture/필드바닥/저주섬절벽_05.bmp","ground_texture","66612","not_yet_hashed","nameless_i;nameless_n","unknown","not_verified"
"data/texture/필드바닥/저주섬절벽_06.bmp","ground_texture","66612","not_yet_hashed","nameless_i;nameless_n","unknown","not_verified"
"data/texture/필드바닥/저주섬절벽_07.bmp","ground_texture","66612","not_yet_hashed","1@cor;nameless_i;nameless_n;sp_cor","unknown","not_verified"
"data/texture/필드바닥/저주섬절벽_08.bmp","ground_texture","66612","not_yet_hashed","nameless_i;nameless_n","unknown","not_verified"
"data/texture/필드바닥/저주섬절벽_09.bmp","ground_texture","66612","not_yet_hashed","nameless_i;nameless_n","unknown","not_verified"
"data/texture/필드바닥/저주섬절벽_10.bmp","ground_texture","66612","not_yet_hashed","nameless_i;nameless_n","unknown","not_verified"
"data/texture/필드바닥/저주섬절벽_12.bmp","ground_texture","66612","not_yet_hashed","nameless_i;nameless_n","unknown","not_verified"
"data/texture/필드바닥/저주섬절벽_13.bmp","ground_texture","66612","not_yet_hashed","nameless_i;nameless_n","unknown","not_verified"
"data/texture/필드바닥/저주수도원_00.bmp","ground_texture","66612","not_yet_hashed","abbey01;abbey03;nameless_i;nameless_n","unknown","not_verified"
"data/texture/필드바닥/저주수도원_01.bmp","ground_texture","66612","not_yet_hashed","abbey01;abbey03","unknown","not_verified"
"data/texture/필드바닥/저주수도원_02.bmp","ground_texture","66612","not_yet_hashed","abbey01;abbey03;aru_gld;nameless_i;nameless_n","unknown","not_verified"
"data/texture/필드바닥/중국던전01.bmp","ground_texture","66616","not_yet_hashed","lou_dun02","unknown","not_verified"
"data/texture/필드바닥/중국던전02.bmp","ground_texture","66616","not_yet_hashed","lou_dun02","unknown","not_verified"
"data/texture/필드바닥/중국던전03.bmp","ground_texture","66616","not_yet_hashed","lou_dun02","unknown","not_verified"
"data/texture/필드바닥/중국던전04.bmp","ground_texture","66616","not_yet_hashed","lou_dun02","unknown","not_verified"
"data/texture/필드바닥/중국던전05.bmp","ground_texture","66616","not_yet_hashed","lou_dun02","unknown","not_verified"
"data/texture/필드바닥/중국바닥01.bmp","ground_texture","66616","not_yet_hashed","lou_dun01;lou_fild01;louyang","unknown","not_verified"
"data/texture/필드바닥/중국바닥02.bmp","ground_texture","66616","not_yet_hashed","lou_dun01;lou_fild01;louyang","unknown","not_verified"
"data/texture/필드바닥/중국바닥03.bmp","ground_texture","66616","not_yet_hashed","lou_dun01;lou_fild01;louyang","unknown","not_verified"
"data/texture/필드바닥/중국바닥04.bmp","ground_texture","66616","not_yet_hashed","lou_dun01;lou_fild01;louyang","unknown","not_verified"
"data/texture/필드바닥/중국바닥05.bmp","ground_texture","66616","not_yet_hashed","louyang","unknown","not_verified"
"data/texture/필드바닥/중국바닥06.bmp","ground_texture","66616","not_yet_hashed","lou_dun01;lou_fild01;louyang","unknown","not_verified"
"data/texture/필드바닥/중국바닥07.bmp","ground_texture","66616","not_yet_hashed","lou_dun01;louyang","unknown","not_verified"
"data/texture/필드바닥/중국바닥08.bmp","ground_texture","66616","not_yet_hashed","lou_dun01;lou_dun03;louyang","unknown","not_verified"
"data/texture/필드바닥/중국바닥09.bmp","ground_texture","66616","not_yet_hashed","lou_dun01;louyang","unknown","not_verified"
"data/texture/필드바닥/중국바닥10.bmp","ground_texture","66616","not_yet_hashed","lou_dun01;louyang","unknown","not_verified"
"data/texture/필드바닥/중국바닥11.bmp","ground_texture","66616","not_yet_hashed","lou_dun01;lou_dun03;lou_in02;louyang","unknown","not_verified"
"data/texture/필드바닥/중국바닥12.bmp","ground_texture","66616","not_yet_hashed","lou_dun01;louyang","unknown","not_verified"
"data/texture/필드바닥/중국바닥13.bmp","ground_texture","66616","not_yet_hashed","lou_dun01;louyang","unknown","not_verified"
"data/texture/필드바닥/중국바닥14.bmp","ground_texture","66616","not_yet_hashed","lou_dun01","unknown","not_verified"
"data/texture/필드바닥/코모도절벽01.bmp","ground_texture","66612","not_yet_hashed","1@crd;2025arena3;brasilis;comodo;jawaii;malangdo","unknown","not_verified"
"data/texture/필드바닥/코모도절벽02.bmp","ground_texture","66612","not_yet_hashed","1@crd;brasilis;cmd_fild07;comodo;jawaii;malangdo","unknown","not_verified"
"data/texture/필드바닥/코모도절벽03.bmp","ground_texture","66612","not_yet_hashed","1@crd;brasilis;comodo;jawaii;malangdo","unknown","not_verified"
"data/texture/필드바닥/태국던전01.bmp","ground_texture","66612","not_yet_hashed","ayo_dun01","unknown","not_verified"
"data/texture/필드바닥/태국던전02.bmp","ground_texture","66612","not_yet_hashed","ayo_dun01","unknown","not_verified"
"data/texture/필드바닥/태국던전03.bmp","ground_texture","66612","not_yet_hashed","ayo_dun01","unknown","not_verified"
"data/texture/필드바닥/태국던전04.bmp","ground_texture","66612","not_yet_hashed","ayo_dun01","unknown","not_verified"
"data/texture/필드바닥/태국던전06.bmp","ground_texture","66612","not_yet_hashed","ayo_dun01","unknown","not_verified"
"data/texture/필드바닥/태국던전08.bmp","ground_texture","66612","not_yet_hashed","ayo_dun01","unknown","not_verified"
"data/texture/필드바닥/태국던전09.bmp","ground_texture","66612","not_yet_hashed","ayo_dun01","unknown","not_verified"
"data/texture/필드바닥/태국던전11.bmp","ground_texture","66612","not_yet_hashed","ayo_dun01","unknown","not_verified"
"data/texture/필드바닥/태국던전12.bmp","ground_texture","66612","not_yet_hashed","2@nyd;ayo_dun01;ayo_in01","unknown","not_verified"
"data/texture/필드바닥/태국던전13.bmp","ground_texture","66612","not_yet_hashed","ayo_dun01","unknown","not_verified"
"data/texture/필드바닥/태국던전14.bmp","ground_texture","66612","not_yet_hashed","ayo_dun01","unknown","not_verified"
"data/texture/필드바닥/태국던전15.bmp","ground_texture","66612","not_yet_hashed","2@nyd;ayo_dun01;splendide","unknown","not_verified"
"data/texture/필드바닥/태국물속15.bmp","ground_texture","66612","not_yet_hashed","ayo_dun02;ayo_fild01;ayo_fild02;ayothaya","unknown","not_verified"
"data/texture/필드바닥/태국물속16.bmp","ground_texture","66612","not_yet_hashed","ayo_fild01;ayo_fild02;ayothaya","unknown","not_verified"
"data/texture/필드바닥/태국절벽04.bmp","ground_texture","66612","not_yet_hashed","ayo_dun02;ayo_fild01;ayo_fild02;ayothaya","unknown","not_verified"
"data/texture/필드바닥/태국절벽05.bmp","ground_texture","66612","not_yet_hashed","ayo_fild01;ayo_fild02","unknown","not_verified"
"data/texture/필드바닥/태국절벽06.bmp","ground_texture","66612","not_yet_hashed","ayo_dun02;ayo_fild01;ayo_fild02;ayothaya","unknown","not_verified"
"data/texture/필드바닥/태국절벽07.bmp","ground_texture","66612","not_yet_hashed","ayo_dun02;ayo_fild01;ayo_fild02;ayothaya","unknown","not_verified"
"data/texture/필드바닥/태국절벽08.bmp","ground_texture","66612","not_yet_hashed","2025arena4;ayo_fild01;ayo_fild02;ayothaya","unknown","not_verified"
"data/texture/필드바닥/태국절벽09.bmp","ground_texture","66612","not_yet_hashed","2025arena4;ayo_fild01;ayo_fild02;ayothaya","unknown","not_verified"
"data/texture/필드바닥/태국절벽10.bmp","ground_texture","66612","not_yet_hashed","2025arena4;ayo_fild01;ayo_fild02;ayothaya","unknown","not_verified"
"data/texture/필드바닥/태국풀바닥01.bmp","ground_texture","66612","not_yet_hashed","ayo_fild01;ayo_fild02;ayothaya","unknown","not_verified"
"data/texture/필드바닥/태국풀바닥02.bmp","ground_texture","66612","not_yet_hashed","ayo_fild01;ayo_fild02;ayothaya","unknown","not_verified"
"data/texture/필드바닥/태국풀바닥03.bmp","ground_texture","66612","not_yet_hashed","ayo_fild01;ayo_fild02;ayothaya","unknown","not_verified"
"data/texture/필드바닥/태국풀바닥17.bmp","ground_texture","66612","not_yet_hashed","2025arena4;ayo_dun02;ayo_fild01;ayo_fild02;ayothaya","unknown","not_verified"
"data/texture/필드바닥/태국풀바닥18.bmp","ground_texture","66612","not_yet_hashed","1@def02;2025arena4;ayo_dun02;ayo_fild01;ayo_fild02;ayothaya","unknown","not_verified"
"data/texture/필드바닥/태국풀바닥19.bmp","ground_texture","66612","not_yet_hashed","ayo_dun02","unknown","not_verified"
"data/texture/필드바닥/태국풀바닥20.bmp","ground_texture","66612","not_yet_hashed","2025arena3;2025arena4;ayo_dun02;ayothaya;brasilis;dewata;ein_fild09;iz_d05_i;iz_dun05;izlude;izlude_a;izlude_b;izlude_c;izlude_d;lighthalzen;malaya;pvp_y_1-2;pvp_y_2-2;pvp_y_3-2;pvp_y_4-2;pvp_y_5-2;pvp_y_6-2;pvp_y_7-2;pvp_y_8-2","unknown","not_verified"
"data/texture/필드바닥/태국풀바닥21.bmp","ground_texture","66612","not_yet_hashed","2025arena4;ayo_dun02;ayothaya;ein_fild09","unknown","not_verified"
"data/texture/필드바닥/태국풀바닥22.bmp","ground_texture","66612","not_yet_hashed","ayo_dun02;ayothaya","unknown","not_verified"
"data/texture/필드바닥/태국풀바닥23.bmp","ground_texture","66612","not_yet_hashed","ayo_dun02;ayothaya","unknown","not_verified"
"data/texture/필드바닥/태국풀바닥24.bmp","ground_texture","66612","not_yet_hashed","2025arena4;ayo_dun02;ayothaya;iz_d05_i;iz_dun05","unknown","not_verified"
"data/texture/필드바닥/태국풀바닥25.bmp","ground_texture","66612","not_yet_hashed","2025arena4;ayothaya;dewata;hero_out1","unknown","not_verified"
"data/texture/필드바닥/태국풀바닥26.bmp","ground_texture","66612","not_yet_hashed","brasilis","unknown","not_verified"
"data/texture/필드바닥/태국풀바닥27.bmp","ground_texture","66612","not_yet_hashed","2025arena4;ayothaya;brasilis","unknown","not_verified"
"data/texture/필드바닥/태국풀바닥28.bmp","ground_texture","66612","not_yet_hashed","2025arena4;ayothaya","unknown","not_verified"
"data/texture/필드바닥/태국풀바닥29.bmp","ground_texture","66612","not_yet_hashed","2025arena4;ayothaya;brasilis;dewata;iz_d05_i;iz_dun05;izlude;izlude_a;izlude_b;izlude_c;izlude_d;malaya;pvp_y_1-2;pvp_y_2-2;pvp_y_3-2;pvp_y_4-2;pvp_y_5-2;pvp_y_6-2;pvp_y_7-2;pvp_y_8-2","unknown","not_verified"
"data/texture/필드바닥/태국풀바닥30.bmp","ground_texture","66612","not_yet_hashed","2025arena4;ayothaya;brasilis;iz_d05_i;iz_dun05","unknown","not_verified"
"data/texture/필드바닥/태국풀바닥31.bmp","ground_texture","17460","not_yet_hashed","2025arena4;ayothaya","unknown","not_verified"
"data/texture/필드바닥/태국해변가11.bmp","ground_texture","66612","not_yet_hashed","ayo_fild01;ayo_fild02;ayothaya","unknown","not_verified"
"data/texture/필드바닥/태국해변가12.bmp","ground_texture","66612","not_yet_hashed","ayo_fild01;ayo_fild02;ayothaya","unknown","not_verified"
"data/texture/필드바닥/태국해변가13.bmp","ground_texture","66612","not_yet_hashed","ayo_fild01;ayo_fild02;ayothaya","unknown","not_verified"
"data/texture/필드바닥/태국해변가14.bmp","ground_texture","66612","not_yet_hashed","ayo_fild01;ayo_fild02","unknown","not_verified"
"data/texture/필드바닥/태국해변가15.bmp","ground_texture","66612","not_yet_hashed","2025arena4;ayo_fild01;ayo_fild02;ayothaya","unknown","not_verified"
"data/texture/필드바닥/태국해변가25.bmp","ground_texture","66612","not_yet_hashed","lighthalzen","unknown","not_verified"
"data/texture/필드바닥/토르동굴_01.bmp","ground_texture","66612","not_yet_hashed","1@tcamp;bl_depth1;bl_depth2;bl_venom;que_thor;que_thr;thor_camp;thor_v01;thor_v02;thor_v03","unknown","not_verified"
"data/texture/필드바닥/토르동굴_02.bmp","ground_texture","66612","not_yet_hashed","1@tcamp;bl_venom;thor_camp;thor_v01;thor_v02;thor_v03","unknown","not_verified"
"data/texture/필드바닥/토르동굴_03.bmp","ground_texture","66612","not_yet_hashed","1@tcamp;bl_venom;que_thor;que_thr;thor_camp;thor_v01;thor_v02;thor_v03","unknown","not_verified"
"data/texture/필드바닥/토르동굴_04.bmp","ground_texture","66612","not_yet_hashed","1@tcamp;bl_depth1;bl_venom;que_thor;que_thr;thor_camp;thor_v01;thor_v02;thor_v03","unknown","not_verified"
"data/texture/필드바닥/토르동굴_05.bmp","ground_texture","66612","not_yet_hashed","1@tcamp;bl_venom;que_thor;que_thr;thor_camp;thor_v01;thor_v02;thor_v03","unknown","not_verified"
"data/texture/필드바닥/토르사막연결01.bmp","ground_texture","66612","not_yet_hashed","dew_dun01;ve_fild03","unknown","not_verified"
"data/texture/필드바닥/토르사막연결02.bmp","ground_texture","66612","not_yet_hashed","dew_dun01;ve_fild01;ve_fild04","unknown","not_verified"
"data/texture/필드바닥/토르사막연결03.bmp","ground_texture","66612","not_yet_hashed","1@tcamp;dew_dun01;thor_camp;ve_fild01;ve_fild03","unknown","not_verified"
"data/texture/필드바닥/토르사막연결04.bmp","ground_texture","66612","not_yet_hashed","dew_dun01;ve_fild01;ve_fild03;ve_fild04","unknown","not_verified"
"data/texture/필드바닥/토르사막연결05.bmp","ground_texture","66612","not_yet_hashed","1@tcamp;dew_dun01;thor_camp;ve_fild01;ve_fild03;ve_fild04","unknown","not_verified"
"data/texture/필드바닥/토르사막연결06.bmp","ground_texture","66612","not_yet_hashed","dew_dun01;ve_fild01;ve_fild03;ve_fild04","unknown","not_verified"
"data/texture/필드바닥/토르화산외부_01.bmp","ground_texture","66612","not_yet_hashed","dew_dun01;gw_fild02;ve_fild01;ve_fild03;ve_fild04","unknown","not_verified"
"data/texture/필드바닥/토르화산외부_02.bmp","ground_texture","66612","not_yet_hashed","dew_dun01;gw_fild02;ve_fild01;ve_fild03;ve_fild04","unknown","not_verified"
"data/texture/필드바닥/토르화산외부_03.bmp","ground_texture","66612","not_yet_hashed","dew_dun01;gw_fild02;ve_fild01;ve_fild03;ve_fild04","unknown","not_verified"
"data/texture/필드바닥/토르화산외부_04.bmp","ground_texture","66612","not_yet_hashed","dew_dun01;gw_fild02;ve_fild03","unknown","not_verified"
"data/texture/필드바닥/토르화산외부_05.bmp","ground_texture","66612","not_yet_hashed","dew_dun01;gw_fild02;ve_fild01;ve_fild03;ve_fild04","unknown","not_verified"
"data/texture/필드바닥/페이욘마을바닥-02.bmp","ground_texture","66612","not_yet_hashed","1@exsh;1@sara;gld2_pay;pay_d03_i;pay_dun03;payg_cas01;payon;payon_in03;quiz_02;star_frst","unknown","not_verified"
"data/texture/필드바닥/페이욘마을바닥-03.bmp","ground_texture","66614","not_yet_hashed","1@exsh;1@sara;gld_dun01;n_castle;payg_cas01;payg_cas02;payg_cas03;payg_cas05;payon;quiz_02;star_frst","unknown","not_verified"
"data/texture/필드바닥/폐광던전-00.bmp","ground_texture","66612","not_yet_hashed","mjo_dun01;mjo_dun02;mjo_dun03","unknown","not_verified"
"data/texture/필드바닥/폐광던전-01.bmp","ground_texture","66612","not_yet_hashed","job_priest;mjo_dun01;mjo_dun02;mjo_dun03","unknown","not_verified"
"data/texture/필드바닥/폐광던전-02.bmp","ground_texture","66612","not_yet_hashed","beach_dun;job_cru;job_priest;job_prist;mjo_dun01;mjo_dun02;mjo_dun03","unknown","not_verified"
"data/texture/필드바닥/폐광던전-03.bmp","ground_texture","66612","not_yet_hashed","job_cru;job_priest;job_prist;mjo_dun01;mjo_dun02;mjo_dun03","unknown","not_verified"
"data/texture/필드바닥/폐광던전-04.bmp","ground_texture","66612","not_yet_hashed","mjo_dun01;mjo_dun02;mjo_dun03","unknown","not_verified"
"data/texture/필드바닥/폐광던전-05.bmp","ground_texture","66612","not_yet_hashed","job_cru;job_priest;job_prist;mjo_dun01;mjo_dun02;mjo_dun03","unknown","not_verified"
"data/texture/필드바닥/폐광던전-06.bmp","ground_texture","66612","not_yet_hashed","job_cru;job_priest;job_prist;mjo_dun01;mjo_dun02;mjo_dun03","unknown","not_verified"
"data/texture/필드바닥/폐광던전-07.bmp","ground_texture","66612","not_yet_hashed","job_priest;mjo_dun01;mjo_dun02;mjo_dun03","unknown","not_verified"
"data/texture/필드바닥/폐광던전-08.bmp","ground_texture","66612","not_yet_hashed","job_cru;job_priest;job_prist;mjo_dun01;mjo_dun02;mjo_dun03;que_god01","unknown","not_verified"
"data/texture/필드바닥/프론절벽-01.bmp","ground_texture","66614","not_yet_hashed","1@exds;1@vrclo;2@exds;alb2trea;hem_dun02;int_land;int_land01;int_land02;int_land03;int_land04;izlu2dun;izlude;izlude_a;izlude_b;izlude_c;izlude_d;job_monk;mjolnir_08;mjolnir_09;pay_fild04;prt_fild03;prt_fild06;prt_gld;prt_monk;prtg_cas01;prtg_cas04;prtg_cas05;pvp_y_1-2;pvp_y_2-2;pvp_y_3-2;pvp_y_4-2;pvp_y_5-2;pvp_y_6-2;pvp_y_7-2;pvp_y_8-2;siege_test;te_prt_gld;te_prtcas01;te_prtcas04;te_prtcas05;vr_clo1","unknown","not_verified"
"data/texture/필드바닥/프론절벽-02.bmp","ground_texture","66614","not_yet_hashed","1@vrclo;alb2trea;hem_dun02;int_land;int_land01;int_land02;int_land03;int_land04;izlu2dun;izlude;izlude_a;izlude_b;izlude_c;izlude_d;job_monk;mjolnir_08;mjolnir_09;pay_fild04;prt_fild03;prt_fild06;prt_gld;prt_monk;pvp_y_1-2;pvp_y_2-2;pvp_y_3-2;pvp_y_4-2;pvp_y_5-2;pvp_y_6-2;pvp_y_7-2;pvp_y_8-2;te_prt_gld;vr_clo1","unknown","not_verified"
"data/texture/필드바닥/프론절벽-03.bmp","ground_texture","66614","not_yet_hashed","1@vrclo;alb2trea;hem_dun02;int_land;int_land01;int_land02;int_land03;int_land04;izlu2dun;izlude;izlude_a;izlude_b;izlude_c;izlude_d;job_monk;mjolnir_08;mjolnir_09;pay_fild04;prt_fild03;prt_fild06;prt_gld;prt_monk;prtg_cas01;pvp_y_1-2;pvp_y_2-2;pvp_y_3-2;pvp_y_4-2;pvp_y_5-2;pvp_y_6-2;pvp_y_7-2;pvp_y_8-2;siege_test;te_prt_gld;te_prtcas01;vr_clo1","unknown","not_verified"
"data/texture/필드바닥/프론절벽-04.bmp","ground_texture","66614","not_yet_hashed","1@vrclo;alb2trea;hem_dun02;int_land;int_land01;int_land02;int_land03;int_land04;izlu2dun;izlude;izlude_a;izlude_b;izlude_c;izlude_d;job_monk;mjolnir_08;mjolnir_09;pay_fild04;prt_fild03;prt_fild06;prt_gld;prt_monk;prtg_cas01;prtg_cas04;prtg_cas05;pvp_y_1-2;pvp_y_2-2;pvp_y_3-2;pvp_y_4-2;pvp_y_5-2;pvp_y_6-2;pvp_y_7-2;pvp_y_8-2;siege_test;te_prt_gld;te_prtcas01;te_prtcas04;te_prtcas05;vr_clo1","unknown","not_verified"
"data/texture/필드바닥/프론절벽-05.bmp","ground_texture","66614","not_yet_hashed","1@vrclo;alb2trea;hem_dun02;int_land;int_land01;int_land02;int_land03;int_land04;izlu2dun;izlude;izlude_a;izlude_b;izlude_c;izlude_d;job_monk;mjolnir_08;mjolnir_09;pay_fild04;prt_fild03;prt_fild06;prt_gld;prt_monk;pvp_y_1-2;pvp_y_2-2;pvp_y_3-2;pvp_y_4-2;pvp_y_5-2;pvp_y_6-2;pvp_y_7-2;pvp_y_8-2;te_prt_gld;vr_clo1","unknown","not_verified"
"data/texture/필드바닥/프론절벽-06.bmp","ground_texture","66614","not_yet_hashed","1@vrclo;alb2trea;hem_dun02;int_land;int_land01;int_land02;int_land03;int_land04;izlu2dun;izlude;izlude_a;izlude_b;izlude_c;izlude_d;job_monk;mjolnir_08;mjolnir_09;pay_fild04;prt_fild03;prt_fild06;prt_gld;prt_monk;pvp_y_1-2;pvp_y_2-2;pvp_y_3-2;pvp_y_4-2;pvp_y_5-2;pvp_y_6-2;pvp_y_7-2;pvp_y_8-2;te_prt_gld;vr_clo1","unknown","not_verified"
"data/texture/필드바닥/해변모래바닥01.bmp","ground_texture","66612","not_yet_hashed","1@crd;1@exhn;1@herbs;1@vrpop;2025arena3;brasilis;cmd_fild02;cmd_fild04;cmd_fild05;cmd_fild06;cmd_fild07;cmd_fild08;comodo;dewata;hero_lb;hero_out2;jawaii;jor_mbase;jor_raise2;malangdo;vr_pop1","unknown","not_verified"
"data/texture/필드바닥/해변모래바닥02.bmp","ground_texture","66612","not_yet_hashed","2025arena3;brasilis;jawaii;jor_mbase;malangdo","unknown","not_verified"
"data/texture/필드바닥/해변모래바닥03.bmp","ground_texture","66612","not_yet_hashed","1@exhn;2025arena3;brasilis;jawaii;jor_mbase;malangdo","unknown","not_verified"
"data/texture/필드바닥/해변모래바닥04.bmp","ground_texture","66612","not_yet_hashed","brasilis;cmd_fild04;cmd_fild06;cmd_fild07","unknown","not_verified"
"data/texture/필드바닥/해변모래바닥05.bmp","ground_texture","66612","not_yet_hashed","brasilis;cmd_fild06;cmd_fild07","unknown","not_verified"
"data/texture/필드바닥/해변모래바닥06.bmp","ground_texture","66612","not_yet_hashed","brasilis;cmd_fild02;cmd_fild04;cmd_fild06;cmd_fild07","unknown","not_verified"
"data/texture/필드바닥/해변모래바닥07.bmp","ground_texture","66612","not_yet_hashed","bra_fild01;cmd_fild02;cmd_fild04;cmd_fild06;cmd_fild07;cmd_fild09","unknown","not_verified"
"data/texture/필드바닥/해변물바닥01.bmp","ground_texture","66612","not_yet_hashed","1@alta;1@ch2b;bra_fild01;cmd_fild01;cmd_fild02;cmd_fild03;cmd_fild05;dew_fild01;um_fild01;um_fild03;um_fild04","unknown","not_verified"
"data/texture/필드바닥/해변물바닥02.bmp","ground_texture","66612","not_yet_hashed","bra_fild01;cmd_fild01;cmd_fild02;cmd_fild03;cmd_fild05;dew_fild01;um_fild01;um_fild03;um_fild04","unknown","not_verified"
"data/texture/필드바닥/해변물바닥03.bmp","ground_texture","66612","not_yet_hashed","1@crd;bra_fild01;cmd_fild01;cmd_fild02;cmd_fild03;cmd_fild05;comodo;dew_fild01;um_fild01;um_fild03;um_fild04","unknown","not_verified"
"data/texture/필드바닥/해변절벽01.bmp","ground_texture","66612","not_yet_hashed","1@crd;2025arena3;bat_a01;brasilis;cmd_fild01;cmd_fild02;cmd_fild03;cmd_fild04;cmd_fild05;cmd_fild06;comodo;dew_fild01;dewata;um_fild01;um_fild02;um_fild03;um_fild04;umbala","unknown","not_verified"
"data/texture/필드바닥/해변절벽02.bmp","ground_texture","66612","not_yet_hashed","1@crd;bat_a01;brasilis;cmd_fild01;cmd_fild02;cmd_fild03;cmd_fild04;cmd_fild05;cmd_fild06;comodo;dew_fild01;um_fild01;um_fild02;um_fild03;um_fild04;umbala","unknown","not_verified"
"data/texture/필드바닥/해변절벽03.bmp","ground_texture","66612","not_yet_hashed","1@crd;2025arena3;bat_a01;brasilis;cmd_fild01;cmd_fild02;cmd_fild03;cmd_fild04;cmd_fild05;cmd_fild06;comodo;dew_fild01;dewata;um_fild01;um_fild02;um_fild03;um_fild04;umbala","unknown","not_verified"
"data/texture/필드바닥/해변절벽04.bmp","ground_texture","66612","not_yet_hashed","brasilis;cmd_fild01;cmd_fild02;cmd_fild03;cmd_fild05;cmd_fild06;dew_fild01;um_fild01;um_fild02;um_fild03;um_fild04","unknown","not_verified"
"data/texture/필드바닥/해변풀바닥01.bmp","ground_texture","66612","not_yet_hashed","1@crd;bat_a01;bra_fild01;cmd_fild01;cmd_fild02;cmd_fild03;cmd_fild04;cmd_fild05;cmd_fild06;cmd_fild07;comodo;dew_fild01;dewata;malangdo;rag_fes;rag_fes_a;um_fild01;um_fild02;um_fild03;um_fild04;umbala","unknown","not_verified"
"data/texture/필드바닥/해변풀바닥02.bmp","ground_texture","66612","not_yet_hashed","1@crd;bat_a01;bra_fild01;cmd_fild01;cmd_fild02;cmd_fild03;cmd_fild04;cmd_fild05;cmd_fild06;cmd_fild07;comodo;dew_fild01;dewata;malangdo;rag_fes;rag_fes_a;um_fild01;um_fild02;um_fild03;umbala","unknown","not_verified"
"data/texture/필드바닥/해변풀바닥03.bmp","ground_texture","66612","not_yet_hashed","1@crd;bat_a01;bra_fild01;cmd_fild01;cmd_fild02;cmd_fild03;cmd_fild04;cmd_fild05;cmd_fild06;cmd_fild07;comodo;dew_fild01;dewata;malangdo;um_fild01;um_fild02;um_fild03;um_fild04;umbala","unknown","not_verified"
"data/texture/필드바닥/해변풀바닥04.bmp","ground_texture","66612","not_yet_hashed","1@alta;1@ch2b;1@crd;2025arena3;bat_a01;bra_fild01;brasilis;cmd_fild01;cmd_fild02;cmd_fild03;cmd_fild04;cmd_fild05;cmd_fild06;cmd_fild07;comodo;dew_fild01;dewata;jawaii;malangdo;rag_fes;rag_fes_a;um_fild01;um_fild02;um_fild03;um_fild04;umbala","unknown","not_verified"
"data/texture/필드바닥/해변풀연결01.bmp","ground_texture","196664","not_yet_hashed","malangdo","unknown","not_verified"
"data/texture/필드바닥/해변풀연결02.bmp","ground_texture","196664","not_yet_hashed","malangdo","unknown","not_verified"
"data/texture/필드바닥/해변풀연결03.bmp","ground_texture","196664","not_yet_hashed","malangdo","unknown","not_verified"
"data/texture/필드바닥/해변풀연결04.bmp","ground_texture","196664","not_yet_hashed","malangdo","unknown","not_verified"
"data/texture/필드바닥/해변풀연결05.bmp","ground_texture","196664","not_yet_hashed","malangdo","unknown","not_verified"
"data/texture/필드바닥/해안경계바닥01.bmp","ground_texture","66612","not_yet_hashed","bat_a01;bra_fild01;cmd_fild02;cmd_fild04;cmd_fild05;cmd_fild06;cmd_fild07;cmd_fild08;cmd_fild09;dewata","unknown","not_verified"
"data/texture/필드바닥/해안경계바닥02.bmp","ground_texture","66612","not_yet_hashed","bat_a01;bra_fild01;cmd_fild02;cmd_fild04;cmd_fild05;cmd_fild06;cmd_fild07;cmd_fild08;cmd_fild09;dewata","unknown","not_verified"
"data/texture/필드바닥/해안경계바닥03.bmp","ground_texture","66612","not_yet_hashed","bat_a01;bra_fild01;cmd_fild02;cmd_fild04;cmd_fild05;cmd_fild06;cmd_fild07;cmd_fild08;dewata","unknown","not_verified"
"data/texture/필드바닥/해안경계바닥04.bmp","ground_texture","66612","not_yet_hashed","bat_a01;bra_fild01;cmd_fild02;cmd_fild04;cmd_fild05;cmd_fild06;cmd_fild07;cmd_fild08;dewata","unknown","not_verified"
"data/texture/필드바닥/해안경계바닥05.bmp","ground_texture","66612","not_yet_hashed","bat_a01;bra_fild01;cmd_fild02;cmd_fild04;cmd_fild06;cmd_fild07;cmd_fild08;dewata","unknown","not_verified"
"data/texture/필드바닥/해안경계절벽01.bmp","ground_texture","66612","not_yet_hashed","bat_a01;bra_fild01;cmd_fild02;cmd_fild04;cmd_fild05;cmd_fild06;cmd_fild07;cmd_fild08;cmd_fild09;dewata","unknown","not_verified"
"data/texture/필드바닥/해안경계절벽02.bmp","ground_texture","66612","not_yet_hashed","bat_a01;bra_fild01;cmd_fild02;cmd_fild04;cmd_fild05;cmd_fild06;cmd_fild07;cmd_fild08;cmd_fild09","unknown","not_verified"
"data/texture/필드바닥/해안경계절벽03.bmp","ground_texture","66612","not_yet_hashed","bat_a01;bra_fild01;cmd_fild02;cmd_fild04;cmd_fild05;cmd_fild06;cmd_fild07;cmd_fild08;cmd_fild09","unknown","not_verified"
"data/texture/필드바닥/해안경계절벽04.bmp","ground_texture","66612","not_yet_hashed","bat_a01;bra_fild01;cmd_fild02;cmd_fild04;cmd_fild05;cmd_fild06;cmd_fild07;cmd_fild08;cmd_fild09;dewata","unknown","not_verified"
"data/texture/필드바닥/해안경계절벽2_01.bmp","ground_texture","66612","not_yet_hashed","bat_a01;bra_fild01;cmd_fild02;cmd_fild04;cmd_fild06;cmd_fild07;cmd_fild08;cmd_fild09;dewata","unknown","not_verified"
"data/texture/필드바닥/해안경계절벽2_02.bmp","ground_texture","66612","not_yet_hashed","bat_a01;bra_fild01;cmd_fild02;cmd_fild04;cmd_fild06;cmd_fild07;cmd_fild08;cmd_fild09;dewata","unknown","not_verified"
"data/texture/필드바닥/해안경계절벽2_03.bmp","ground_texture","66612","not_yet_hashed","bat_a01;bra_fild01;cmd_fild02;cmd_fild04;cmd_fild06;cmd_fild07;cmd_fild08;cmd_fild09;dewata","unknown","not_verified"
"data/texture/필드바닥/해안경계절벽2_04.bmp","ground_texture","66612","not_yet_hashed","bat_a01;bra_fild01;cmd_fild02;cmd_fild04;cmd_fild06;cmd_fild07;cmd_fild08;cmd_fild09;dewata","unknown","not_verified"
"data/texture/필드바닥/해안경계절벽2_05.bmp","ground_texture","66612","not_yet_hashed","bat_a01;cmd_fild02;cmd_fild04;cmd_fild06;cmd_fild07;cmd_fild08;cmd_fild09;dewata","unknown","not_verified"
"data/texture/필드바닥/해안경계절벽2_06.bmp","ground_texture","66612","not_yet_hashed","bat_a01;bra_fild01;cmd_fild02;cmd_fild04;cmd_fild06;cmd_fild07;cmd_fild08;cmd_fild09;dewata","unknown","not_verified"
"data/texture/필드바닥/해안모래경계_01.bmp","ground_texture","66612","not_yet_hashed","bat_a01;bra_fild01;cmd_fild02;cmd_fild04;cmd_fild05;cmd_fild06;cmd_fild07;cmd_fild08;cmd_fild09;dewata","unknown","not_verified"
"data/texture/필드바닥/해안모래경계_02.bmp","ground_texture","66612","not_yet_hashed","bat_a01;bra_fild01;cmd_fild02;cmd_fild04;cmd_fild05;cmd_fild06;cmd_fild07;cmd_fild08;cmd_fild09;dewata","unknown","not_verified"
"data/texture/필드바닥/해안모래경계_03.bmp","ground_texture","66612","not_yet_hashed","bat_a01;bra_fild01;cmd_fild02;cmd_fild04;cmd_fild06;cmd_fild07;cmd_fild08;cmd_fild09;dewata","unknown","not_verified"
"data/texture/필드바닥/해안모래경계_04.bmp","ground_texture","66612","not_yet_hashed","cmd_fild02;cmd_fild04;cmd_fild05;cmd_fild06;cmd_fild07;cmd_fild08;cmd_fild09;guild_vs3;jor_albe;jor_mbase;jor_raise2;luna_sf1","unknown","not_verified"
"data/texture/필드바닥/해안모로코경계00.bmp","ground_texture","66612","not_yet_hashed","bat_a01;bra_fild01;cmd_fild04;cmd_fild05;cmd_fild06;cmd_fild08;dew_fild01;dewata;malangdo;rag_fes;rag_fes_a;um_fild02;um_fild03;um_fild04","unknown","not_verified"
"data/texture/필드바닥/현자마을블럭01.bmp","ground_texture","66612","not_yet_hashed","1@4mst;jupe_cave;jupe_core;juperos_01;sch_gld;schg_cas02;yuno;yuno_fild04;yuno_fild07;yuno_fild08;yuno_fild09;yuno_fild10","unknown","not_verified"
"data/texture/필드바닥/현자마을블럭02.bmp","ground_texture","66612","not_yet_hashed","jupe_cave;juperos_01;sch_gld;schg_cas02;yuno;yuno_fild04;yuno_in02","unknown","not_verified"
"data/texture/필드바닥/현자마을블럭03.bmp","ground_texture","66612","not_yet_hashed","yuno","unknown","not_verified"
"data/texture/필드바닥/현자마을블럭04.bmp","ground_texture","66612","not_yet_hashed","juperos_01;que_job02;yuno","unknown","not_verified"
"data/texture/필드바닥/현자마을블럭05.bmp","ground_texture","66612","not_yet_hashed","juperos_01;que_job02;schg_cas02;yuno","unknown","not_verified"
"data/texture/필드바닥/현자마을블럭06.bmp","ground_texture","66612","not_yet_hashed","juperos_01;yuno","unknown","not_verified"
"data/texture/필드바닥/현자마을블럭07.bmp","ground_texture","66612","not_yet_hashed","juperos_01;rag_fes;rag_fes_a;yuno;yuno_fild04;yuno_fild08;yuno_fild09","unknown","not_verified"
"data/texture/필드바닥/현자마을블럭08.bmp","ground_texture","66612","not_yet_hashed","jupe_cave;juperos_01;sch_gld;schg_cas02;yuno;yuno_fild04;yuno_fild07","unknown","not_verified"
"data/texture/필드바닥/현자마을블럭09.bmp","ground_texture","66612","not_yet_hashed","jupe_cave;juperos_01;sch_gld;schg_cas02;yuno;yuno_fild04;yuno_fild07","unknown","not_verified"
"data/texture/필드바닥/현자마을블럭10.bmp","ground_texture","66612","not_yet_hashed","1@tcamp;juperos_01;que_job02;sch_gld;schg_cas02;thor_camp;yuno;yuno_in02;yuno_in04","unknown","not_verified"
"data/texture/필드바닥/현자마을블럭11.bmp","ground_texture","17460","not_yet_hashed","1@mcd;1@tcamp;ch1fild1;juperos_01;juperos_02;lighthalzen;sec_in01;thor_camp;x_lhz;yuno;yuno_in04","unknown","not_verified"
"data/texture/필드바닥/현자마을절벽01.bmp","ground_texture","66612","not_yet_hashed","yuno","unknown","not_verified"
"data/texture/필드바닥/휘겔어비.bmp","ground_texture","196664","not_yet_hashed","hu_fild02;hu_fild03;hu_fild06","unknown","not_verified"
"data/texture/필드바닥/휘겔어비2.bmp","ground_texture","196664","not_yet_hashed","hu_fild02;hu_fild03;hu_fild06","unknown","not_verified"
"data/texture/필드바닥/휘겔어비3.bmp","ground_texture","196664","not_yet_hashed","hu_fild02;hu_fild03;hu_fild06","unknown","not_verified"
"data/texture/필드바닥/휘겔유노 copy.bmp","ground_texture","196664","not_yet_hashed","hu_fild02","unknown","not_verified"
"data/texture/필드바닥/휘겔유노2 copy.bmp","ground_texture","196664","not_yet_hashed","hu_fild02","unknown","not_verified"
"data/texture/필드바닥/휘겔유노3 copy.bmp","ground_texture","196664","not_yet_hashed","hu_fild02","unknown","not_verified"
"data/texture/필드바닥/휘겔인던필드01.bmp","ground_texture","66612","not_yet_hashed","1@odin;bl_depth1;bl_temple;job3_arch02;odin_past;odin_tem01;odin_tem02;odin_tem03;que_hugel","unknown","not_verified"
"data/texture/필드바닥/휘겔인던필드02.bmp","ground_texture","66612","not_yet_hashed","1@odin;bl_temple;job3_arch02;odin_past;odin_tem01;odin_tem02;odin_tem03;que_hugel","unknown","not_verified"
"data/texture/필드바닥/휘겔인던필드03.bmp","ground_texture","66612","not_yet_hashed","1@odin;bl_temple;job3_arch02;odin_past;odin_tem01;odin_tem02;odin_tem03;que_hugel","unknown","not_verified"
"data/texture/필드바닥/휘겔인던필드04.bmp","ground_texture","66612","not_yet_hashed","1@odin;bl_temple;job3_arch02;odin_past;odin_tem01;odin_tem02;odin_tem03","unknown","not_verified"
"data/texture/필드바닥/휘겔인던필드05.bmp","ground_texture","66612","not_yet_hashed","1@odin;bl_temple;job3_arch02;odin_past;odin_tem02;odin_tem03;que_hugel","unknown","not_verified"
"data/texture/필드바닥/휘겔인던필드06.bmp","ground_texture","66612","not_yet_hashed","1@odin;bl_temple;job3_arch02;odin_past;odin_tem01;odin_tem02;odin_tem03;que_hugel","unknown","not_verified"
"data/texture/필드바닥/휘겔인던필드07.bmp","ground_texture","66612","not_yet_hashed","1@odin;bl_temple;job3_arch02;odin_past;odin_tem01;odin_tem02;odin_tem03;que_hugel","unknown","not_verified"
"data/texture/필드바닥/휘겔인던필드08.bmp","ground_texture","66612","not_yet_hashed","1@odin;job3_arch02;odin_past;odin_tem01;odin_tem03","unknown","not_verified"
"data/texture/필드바닥/휘겔인던필드09.bmp","ground_texture","66612","not_yet_hashed","1@odin;bl_temple;job3_arch02;odin_past;odin_tem01;odin_tem02;odin_tem03;que_hugel","unknown","not_verified"
"data/texture/필드바닥/휘겔인던필드10.bmp","ground_texture","66612","not_yet_hashed","1@odin;bl_depth1;bl_temple;job3_arch02;kh_dun01;odin_past;odin_tem01;odin_tem02;odin_tem03","unknown","not_verified"
"data/texture/필드바닥/휘겔인던필드12.bmp","ground_texture","66612","not_yet_hashed","1@odin;bl_temple;job3_arch02;odin_past;odin_tem03","unknown","not_verified"
"data/texture/필드바닥/휘겔필드01.bmp","ground_texture","66612","not_yet_hashed","hu_fild02;hu_fild03;hu_fild06;poring_w02","unknown","not_verified"
"data/texture/필드바닥/휘겔필드02.bmp","ground_texture","66612","not_yet_hashed","hu_fild02;hu_fild03;poring_w02","unknown","not_verified"
"data/texture/필드바닥/휘겔필드03.bmp","ground_texture","66612","not_yet_hashed","hu_fild02;hu_fild03;poring_w02","unknown","not_verified"
"data/texture/필드바닥/휘겔필드04.bmp","ground_texture","66612","not_yet_hashed","hu_fild02;hu_fild03;poring_w02","unknown","not_verified"
"data/texture/필드바닥/휘겔필드05.bmp","ground_texture","66612","not_yet_hashed","e_hugel;hu_fild06;hugel;poring_w02;vr_bob","unknown","not_verified"
"data/texture/필드바닥/휘겔필드06.bmp","ground_texture","66612","not_yet_hashed","e_hugel;hu_fild06;hugel;poring_w02;vr_bob","unknown","not_verified"
"data/texture/필드바닥/휘겔필드07.bmp","ground_texture","66612","not_yet_hashed","e_hugel;hu_fild06;hugel;poring_w02;vr_bob","unknown","not_verified"
"data/texture/필드바닥/휘겔필드08.bmp","ground_texture","66612","not_yet_hashed","e_hugel;hu_fild06;hugel;p_track01;poring_w01;poring_w02;vr_bob","unknown","not_verified"
"data/texture/필드바닥/휘겔필드10.bmp","ground_texture","66492","not_yet_hashed","e_hugel;hu_fild03;hugel","unknown","not_verified"
"data/texture/필드바닥/휘겔필드14.bmp","ground_texture","66612","not_yet_hashed","hu_fild02","unknown","not_verified"
"data/texture/필드바닥/휘겔필드15.bmp","ground_texture","66612","not_yet_hashed","hu_fild02","unknown","not_verified"
"data/texture/필드바닥/휘겔필드16.bmp","ground_texture","66612","not_yet_hashed","hu_fild02","unknown","not_verified"
"data/texture/필드바닥/휘겔필드17.bmp","ground_texture","66612","not_yet_hashed","e_hugel;hu_fild02;hu_fild03;hu_fild06;hugel;poring_w02;que_avan01;vr_bob","unknown","not_verified"
"data/texture/필드바닥/휘겔필드18.bmp","ground_texture","66612","not_yet_hashed","e_hugel;hu_fild02;hu_fild03;hu_fild06;hugel;vr_bob","unknown","not_verified"
"data/texture/필드바닥/휘겔필드19.bmp","ground_texture","66612","not_yet_hashed","e_hugel;hu_fild02;hu_fild03;hu_fild06;hugel;vr_bob","unknown","not_verified"
"data/texture/필드바닥/휘겔필드20.bmp","ground_texture","66612","not_yet_hashed","e_hugel;hu_fild02;hu_fild03;hu_fild06;hugel;vr_bob","unknown","not_verified"
"data/texture/필드바닥/휘겔필드21.bmp","ground_texture","66612","not_yet_hashed","e_hugel;hu_fild02;hu_fild03;hu_fild06;hugel;vr_bob","unknown","not_verified"
"data/texture/필드바닥/휘겔필드22.bmp","ground_texture","66612","not_yet_hashed","e_hugel;hu_fild06;hugel;p_track01;vr_bob","unknown","not_verified"
"data/texture/필드바닥/휘겔필드23.bmp","ground_texture","66612","not_yet_hashed","e_hugel;hu_fild06;hugel;p_track01;vr_bob","unknown","not_verified"
"data/texture/필드바닥/휘겔필드24.bmp","ground_texture","66612","not_yet_hashed","e_hugel;hu_fild06;hugel;p_track01;vr_bob","unknown","not_verified"
"data/texture/필드바닥/휘겔필드25.bmp","ground_texture","66612","not_yet_hashed","e_hugel;hu_fild02;hu_fild03;hu_fild06;hugel;p_track01;vr_bob","unknown","not_verified"
"data/texture/필드바닥/휘겔필드26.bmp","ground_texture","66612","not_yet_hashed","e_hugel;hu_fild02;hu_fild03;hu_fild06;hugel;vr_bob","unknown","not_verified"
"data/texture/필드바닥/휘겔필드27.bmp","ground_texture","66612","not_yet_hashed","e_hugel;hu_fild02;hu_fild03;hu_fild06;hugel;vr_bob","unknown","not_verified"
"data/texture/필드바닥/휘겔필드28.bmp","ground_texture","66612","not_yet_hashed","e_hugel;hu_fild02;hu_fild03;hu_fild06;hugel;vr_bob","unknown","not_verified"
"data/texture/필드바닥/휘겔필드29.bmp","ground_texture","66612","not_yet_hashed","e_hugel;hugel","unknown","not_verified"
"data/texture/필드바닥/휘겔필드30.bmp","ground_texture","66612","not_yet_hashed","e_hugel;hu_fild06;hugel;vr_bob","unknown","not_verified"
"data/texture/필드바닥/휘겔필드31.bmp","ground_texture","66612","not_yet_hashed","e_hugel;hugel;vr_bob","unknown","not_verified"
"data/texture/필드바닥/휘겔필드32.bmp","ground_texture","66612","not_yet_hashed","e_hugel;hugel","unknown","not_verified"
"data/texture/필드바닥/휘겔필드34.bmp","ground_texture","66612","not_yet_hashed","e_hugel;hugel","unknown","not_verified"
"data/texture/필드바닥/휘겔필드36.bmp","ground_texture","66612","not_yet_hashed","e_hugel;hugel","unknown","not_verified"
"data/texture/필드바닥/휘겔필드37.bmp","ground_texture","66612","not_yet_hashed","e_hugel;hugel","unknown","not_verified"
"data/texture/필드바닥/휘겔필드39.bmp","ground_texture","66612","not_yet_hashed","e_hugel;hugel","unknown","not_verified"
"data/texture/필드바닥/휘겔필드40.bmp","ground_texture","66612","not_yet_hashed","e_hugel;hugel","unknown","not_verified"
"data/texture/필드바닥/휘겔필드41.bmp","ground_texture","66612","not_yet_hashed","e_hugel;hu_fild02;hu_fild03;hugel","unknown","not_verified"
"data/texture/필드바닥/휘겔필드42.bmp","ground_texture","196664","not_yet_hashed","e_hugel;hu_fild03;hugel","unknown","not_verified"
"data/texture/필드바닥/휘겔필드43.bmp","ground_texture","196664","not_yet_hashed","e_hugel;hu_fild03;hugel","unknown","not_verified"
"data/texture/필드바닥/휘겔필드44.bmp","ground_texture","196664","not_yet_hashed","e_hugel;hu_fild03;hugel","unknown","not_verified"
"data/texture/필드바닥/휘겔필드45.bmp","ground_texture","66612","not_yet_hashed","e_hugel;hu_fild02;hu_fild03;hugel","unknown","not_verified"
"data/texture/필드바닥/휘겔필드46.bmp","ground_texture","66612","not_yet_hashed","e_hugel;hu_fild02;hu_fild03;hugel","unknown","not_verified"
"data/texture/필드바닥/휘겔필드47.bmp","ground_texture","66612","not_yet_hashed","e_hugel;hu_fild02;hu_fild03;hugel","unknown","not_verified"
