"map_id","active_server_map","legacy_rsw","legacy_gnd","legacy_gat","authored_replacement","removal_status"
"06guild_r","true","true","true","true","true","hold_until_runtime_validation_and_archive_rebuild"
"1@20cn1","true","true","true","true","true","hold_until_runtime_validation_and_archive_rebuild"
"1@20cn2","true","true","true","true","true","hold_until_runtime_validation_and_archive_rebuild"
"1@4cdn","true","true","true","true","true","hold_until_runtime_validation_and_archive_rebuild"
"1@4drk","true","true","true","true","true","hold_until_runtime_validation_and_archive_rebuild"
"1@4igd","true","true","true","true","true","hold_until_runtime_validation_and_archive_rebuild"
"1@4inq","true","true","true","true","true","hold_until_runtime_validation_and_archive_rebuild"
"1@4mag","true","true","true","true","true","hold_until_runtime_validation_and_archive_rebuild"
"1@4mst","true","true","true","true","true","hold_until_runtime_validation_and_archive_rebuild"
"1@4sac","true","true","true","true","true","hold_until_runtime_validation_and_archive_rebuild"
"1@4tro","true","true","true","true","true","hold_until_runtime_validation_and_archive_rebuild"
"1@4win","true","true","true","true","true","hold_until_runtime_validation_and_archive_rebuild"
"1@adv","true","true","true","true","true","hold_until_runtime_validation_and_archive_rebuild"
"1@advs","true","true","true","true","true","hold_until_runtime_validation_and_archive_rebuild"
"1@air1","true","true","true","true","true","hold_until_runtime_validation_and_archive_rebuild"
"1@air2","true","true","true","true","true","hold_until_runtime_validation_and_archive_rebuild"
"1@alta","false","true","true","true","false","hold_for_dependency_audit"
"1@ba_go","true","true","true","true","true","hold_until_runtime_validation_and_archive_rebuild"
"1@bamn","true","true","true","true","true","hold_until_runtime_validation_and_archive_rebuild"
"1@bamq","true","true","true","true","true","hold_until_runtime_validation_and_archive_rebuild"
"1@begi","true","true","true","true","true","hold_until_runtime_validation_and_archive_rebuild"
"1@cash","true","true","true","true","true","hold_until_runtime_validation_and_archive_rebuild"
"1@cata","true","true","true","true","true","hold_until_runtime_validation_and_archive_rebuild"
"1@ch_t","true","true","true","true","true","hold_until_runtime_validation_and_archive_rebuild"
"1@ch_u","true","true","true","true","true","hold_until_runtime_validation_and_archive_rebuild"
"1@ch1a","true","true","true","true","true","hold_until_runtime_validation_and_archive_rebuild"
"1@ch1b","true","true","false","true","true","hold_until_runtime_validation_and_archive_rebuild"
"1@ch2a","false","true","true","true","false","hold_for_dependency_audit"
"1@ch2b","false","true","false","true","false","hold_for_dependency_audit"
"1@cor","true","true","true","true","true","hold_until_runtime_validation_and_archive_rebuild"
"1@crd","true","true","true","true","true","hold_until_runtime_validation_and_archive_rebuild"
"1@def01","true","true","true","true","true","hold_until_runtime_validation_and_archive_rebuild"
"1@def02","true","true","true","true","true","hold_until_runtime_validation_and_archive_rebuild"
"1@def03","true","true","true","true","true","hold_until_runtime_validation_and_archive_rebuild"
"1@dime","true","true","true","true","true","hold_until_runtime_validation_and_archive_rebuild"
"1@drdo","true","true","true","true","true","hold_until_runtime_validation_and_archive_rebuild"
"1@dth1","true","true","true","true","true","hold_until_runtime_validation_and_archive_rebuild"
"1@dth2","true","true","true","true","true","hold_until_runtime_validation_and_archive_rebuild"
"1@dth3","true","true","true","true","true","hold_until_runtime_validation_and_archive_rebuild"
"1@ecl","true","true","true","true","true","hold_until_runtime_validation_and_archive_rebuild"
"1@eom","true","true","true","true","true","hold_until_runtime_validation_and_archive_rebuild"
"1@ep21a","true","true","true","true","true","hold_until_runtime_validation_and_archive_rebuild"
"1@ep21b","true","true","true","true","true","hold_until_runtime_validation_and_archive_rebuild"
"1@ep21c","true","true","true","true","true","hold_until_runtime_validation_and_archive_rebuild"
"1@exds","true","true","true","true","true","hold_until_runtime_validation_and_archive_rebuild"
"1@exhn","true","true","true","true","true","hold_until_runtime_validation_and_archive_rebuild"
"1@exnw","true","true","true","true","true","hold_until_runtime_validation_and_archive_rebuild"
"1@exse","true","true","true","true","true","hold_until_runtime_validation_and_archive_rebuild"
"1@exsh","true","true","true","true","true","hold_until_runtime_validation_and_archive_rebuild"
"1@exsr","true","true","true","true","true","hold_until_runtime_validation_and_archive_rebuild"
"1@f_lake","true","true","true","true","true","hold_until_runtime_validation_and_archive_rebuild"
"1@face","true","true","true","true","true","hold_until_runtime_validation_and_archive_rebuild"
"1@ffp","true","true","true","true","true","hold_until_runtime_validation_and_archive_rebuild"
"1@gat","false","true","false","true","false","hold_for_dependency_audit"
"1@ge_sn","true","true","true","true","true","hold_until_runtime_validation_and_archive_rebuild"
"1@ge_st","true","true","true","true","true","hold_until_runtime_validation_and_archive_rebuild"
"1@gef","true","true","true","true","true","hold_until_runtime_validation_and_archive_rebuild"
"1@gef_in","true","true","true","true","true","hold_until_runtime_validation_and_archive_rebuild"
"1@ghg","true","true","true","true","true","hold_until_runtime_validation_and_archive_rebuild"
"1@gl_he","true","true","true","true","true","hold_until_runtime_validation_and_archive_rebuild"
"1@gl_he2","true","true","true","true","true","hold_until_runtime_validation_and_archive_rebuild"
"1@gl_k","true","true","true","true","true","hold_until_runtime_validation_and_archive_rebuild"
"1@gl_k2","true","true","true","true","true","hold_until_runtime_validation_and_archive_rebuild"
"1@gl_kh","true","true","true","true","true","hold_until_runtime_validation_and_archive_rebuild"
"1@gl_prq","true","true","true","true","true","hold_until_runtime_validation_and_archive_rebuild"
"1@glast","true","true","true","true","true","hold_until_runtime_validation_and_archive_rebuild"
"1@gol1","true","true","true","true","true","hold_until_runtime_validation_and_archive_rebuild"
"1@gol2","true","true","true","true","true","hold_until_runtime_validation_and_archive_rebuild"
"1@halo","true","true","true","true","true","hold_until_runtime_validation_and_archive_rebuild"
"1@herbs","true","true","true","true","true","hold_until_runtime_validation_and_archive_rebuild"
"1@hgd1","false","true","true","true","false","hold_for_dependency_audit"
"1@infi","true","true","true","true","true","hold_until_runtime_validation_and_archive_rebuild"
"1@iwp","true","true","true","true","true","hold_until_runtime_validation_and_archive_rebuild"
"1@jorchs","true","true","true","true","true","hold_until_runtime_validation_and_archive_rebuild"
"1@jorlab","true","true","true","true","true","hold_until_runtime_validation_and_archive_rebuild"
"1@jtb","true","true","true","true","true","hold_until_runtime_validation_and_archive_rebuild"
"1@krns","false","true","true","true","false","hold_for_dependency_audit"
"1@lab","true","true","true","true","true","hold_until_runtime_validation_and_archive_rebuild"
"1@lhz","true","true","true","true","true","hold_until_runtime_validation_and_archive_rebuild"
"1@lost","true","true","true","true","true","hold_until_runtime_validation_and_archive_rebuild"
"1@lvcb","false","true","true","true","false","hold_for_dependency_audit"
"1@ma_b","true","true","true","true","true","hold_until_runtime_validation_and_archive_rebuild"
"1@ma_c","true","true","true","true","true","hold_until_runtime_validation_and_archive_rebuild"
"1@ma_h","true","true","true","true","true","hold_until_runtime_validation_and_archive_rebuild"
"1@mcd","true","true","true","true","true","hold_until_runtime_validation_and_archive_rebuild"
"1@md_gef","true","true","true","true","true","hold_until_runtime_validation_and_archive_rebuild"
"1@md_pay","true","true","true","true","true","hold_until_runtime_validation_and_archive_rebuild"
"1@mdtem","true","true","true","true","true","hold_until_runtime_validation_and_archive_rebuild"
"1@mir","true","true","true","true","true","hold_until_runtime_validation_and_archive_rebuild"
"1@mist","true","true","true","true","true","hold_until_runtime_validation_and_archive_rebuild"
"1@mjo1","true","true","true","true","true","hold_until_runtime_validation_and_archive_rebuild"
"1@mjo2","true","true","true","true","true","hold_until_runtime_validation_and_archive_rebuild"
"1@nyd","true","true","true","true","true","hold_until_runtime_validation_and_archive_rebuild"
"1@nyr","true","true","true","true","true","hold_until_runtime_validation_and_archive_rebuild"
"1@odin","true","true","true","true","true","hold_until_runtime_validation_and_archive_rebuild"
"1@orcs","true","true","true","true","true","hold_until_runtime_validation_and_archive_rebuild"
"1@os_a","true","true","true","true","true","hold_until_runtime_validation_and_archive_rebuild"
"1@os_b","true","true","true","true","true","hold_until_runtime_validation_and_archive_rebuild"
"1@oz","true","true","true","true","true","hold_until_runtime_validation_and_archive_rebuild"
"1@pdb","true","true","true","true","true","hold_until_runtime_validation_and_archive_rebuild"
"1@pop1","true","true","true","true","true","hold_until_runtime_validation_and_archive_rebuild"
"1@pop2","true","true","true","true","true","hold_until_runtime_validation_and_archive_rebuild"
"1@pop3","true","true","true","true","true","hold_until_runtime_validation_and_archive_rebuild"
"1@pump","true","true","true","true","true","hold_until_runtime_validation_and_archive_rebuild"
"1@rev","true","true","true","true","true","hold_until_runtime_validation_and_archive_rebuild"
"1@rgsr","true","true","true","true","true","hold_until_runtime_validation_and_archive_rebuild"
"1@sara","true","true","true","true","true","hold_until_runtime_validation_and_archive_rebuild"
"1@slug","true","true","true","true","true","hold_until_runtime_validation_and_archive_rebuild"
"1@slw","true","true","true","true","true","hold_until_runtime_validation_and_archive_rebuild"
"1@soul","true","true","true","true","true","hold_until_runtime_validation_and_archive_rebuild"
"1@spa","true","true","true","true","true","hold_until_runtime_validation_and_archive_rebuild"
"1@spa2","true","true","true","true","true","hold_until_runtime_validation_and_archive_rebuild"
"1@sthb","true","true","true","true","true","hold_until_runtime_validation_and_archive_rebuild"
"1@sthc","true","true","true","true","true","hold_until_runtime_validation_and_archive_rebuild"
"1@sthd","true","true","true","true","true","hold_until_runtime_validation_and_archive_rebuild"
"1@swat","true","true","true","true","true","hold_until_runtime_validation_and_archive_rebuild"
"1@tcamp","true","true","true","true","true","hold_until_runtime_validation_and_archive_rebuild"
"1@thts","true","true","true","true","true","hold_until_runtime_validation_and_archive_rebuild"
"1@tnm1","true","true","true","true","true","hold_until_runtime_validation_and_archive_rebuild"
"1@tnm2","true","true","true","true","true","hold_until_runtime_validation_and_archive_rebuild"
"1@tnm3","true","true","true","true","true","hold_until_runtime_validation_and_archive_rebuild"
"1@tower","true","true","true","true","true","hold_until_runtime_validation_and_archive_rebuild"
"1@tre","true","true","true","true","true","hold_until_runtime_validation_and_archive_rebuild"
"1@twas","true","true","true","true","true","hold_until_runtime_validation_and_archive_rebuild"
"1@twbs","true","true","true","true","true","hold_until_runtime_validation_and_archive_rebuild"
"1@twbs2","true","true","true","true","true","hold_until_runtime_validation_and_archive_rebuild"
"1@twig","true","true","true","true","true","hold_until_runtime_validation_and_archive_rebuild"
"1@twsd","true","true","true","true","true","hold_until_runtime_validation_and_archive_rebuild"
"1@uns","true","true","true","true","true","hold_until_runtime_validation_and_archive_rebuild"
"1@vrac1","true","true","true","true","true","hold_until_runtime_validation_and_archive_rebuild"
"1@vrac2","true","true","true","true","true","hold_until_runtime_validation_and_archive_rebuild"
"1@vrcas","true","true","true","true","true","hold_until_runtime_validation_and_archive_rebuild"
"1@vrclo","true","true","true","true","true","hold_until_runtime_validation_and_archive_rebuild"
"1@vrev","true","true","true","true","true","hold_until_runtime_validation_and_archive_rebuild"
"1@vrgen","true","true","true","true","true","hold_until_runtime_validation_and_archive_rebuild"
"1@vrhha","true","true","true","true","true","hold_until_runtime_validation_and_archive_rebuild"
"1@vrpo","true","true","true","true","true","hold_until_runtime_validation_and_archive_rebuild"
"1@vrpop","true","true","true","true","true","hold_until_runtime_validation_and_archive_rebuild"
"1@vrsn","true","true","true","true","true","hold_until_runtime_validation_and_archive_rebuild"
"1@whl","true","true","true","true","true","hold_until_runtime_validation_and_archive_rebuild"
"1@wtgs","true","true","true","true","true","hold_until_runtime_validation_and_archive_rebuild"
"1@xm_d","true","true","true","true","true","hold_until_runtime_validation_and_archive_rebuild"
"1@xm_d2","true","true","true","true","true","hold_until_runtime_validation_and_archive_rebuild"
"2@cata","true","true","true","true","true","hold_until_runtime_validation_and_archive_rebuild"
"2@ch_t","true","true","true","true","true","hold_until_runtime_validation_and_archive_rebuild"
"2@exds","true","true","true","true","true","hold_until_runtime_validation_and_archive_rebuild"
"2@gl_k","true","true","true","true","true","hold_until_runtime_validation_and_archive_rebuild"
"2@gl_k2","true","true","true","true","true","hold_until_runtime_validation_and_archive_rebuild"
"2@gl_kh","true","true","true","true","true","hold_until_runtime_validation_and_archive_rebuild"
"2@mdtem","true","true","true","true","true","hold_until_runtime_validation_and_archive_rebuild"
"2@mir","true","true","true","true","true","hold_until_runtime_validation_and_archive_rebuild"
"2@nyd","true","true","true","true","true","hold_until_runtime_validation_and_archive_rebuild"
"2@nyr","true","true","true","true","true","hold_until_runtime_validation_and_archive_rebuild"
"2@orcs","true","true","true","true","true","hold_until_runtime_validation_and_archive_rebuild"
"2@pump","true","true","true","true","true","hold_until_runtime_validation_and_archive_rebuild"
"2@thts","true","true","true","true","true","hold_until_runtime_validation_and_archive_rebuild"
"2@tower","true","true","true","true","true","hold_until_runtime_validation_and_archive_rebuild"
"2@vrclo","true","true","true","true","true","hold_until_runtime_validation_and_archive_rebuild"
"2@vrpop","true","true","true","true","true","hold_until_runtime_validation_and_archive_rebuild"
"2025arena1","true","true","true","true","true","hold_until_runtime_validation_and_archive_rebuild"
"2025arena2","true","true","true","true","true","hold_until_runtime_validation_and_archive_rebuild"
"2025arena3","true","true","true","true","true","hold_until_runtime_validation_and_archive_rebuild"
"2025arena4","true","true","true","true","true","hold_until_runtime_validation_and_archive_rebuild"
"2025arena5","true","true","true","true","true","hold_until_runtime_validation_and_archive_rebuild"
"25ros03_01","true","true","true","true","true","hold_until_runtime_validation_and_archive_rebuild"
"3@ch_t","true","true","true","true","true","hold_until_runtime_validation_and_archive_rebuild"
"3@thts","true","true","true","true","true","hold_until_runtime_validation_and_archive_rebuild"
"3@tower","true","true","true","true","true","hold_until_runtime_validation_and_archive_rebuild"
"3@vrpop","true","true","true","true","true","hold_until_runtime_validation_and_archive_rebuild"
"4@thts","true","true","true","true","true","hold_until_runtime_validation_and_archive_rebuild"
"4@tower","true","true","true","true","true","hold_until_runtime_validation_and_archive_rebuild"
"5@thts","true","true","true","true","true","hold_until_runtime_validation_and_archive_rebuild"
"5@tower","true","true","true","true","true","hold_until_runtime_validation_and_archive_rebuild"
"6@thts","true","true","true","true","true","hold_until_runtime_validation_and_archive_rebuild"
"6@tower","true","true","true","true","true","hold_until_runtime_validation_and_archive_rebuild"
"7@thts","true","true","true","true","true","hold_until_runtime_validation_and_archive_rebuild"
"8@thts","true","true","true","true","true","hold_until_runtime_validation_and_archive_rebuild"
"ab_ground1","false","true","true","true","false","hold_for_dependency_audit"
"ab_ice1","false","true","true","true","false","hold_for_dependency_audit"
"ab_lava1","false","true","true","true","false","hold_for_dependency_audit"
"ab_venom1","false","true","true","true","false","hold_for_dependency_audit"
"abbey01","true","true","true","true","true","hold_until_runtime_validation_and_archive_rebuild"
"abbey02","true","true","true","true","true","hold_until_runtime_validation_and_archive_rebuild"
"abbey03","true","true","true","true","true","hold_until_runtime_validation_and_archive_rebuild"
"abyss_01","true","true","true","true","true","hold_until_runtime_validation_and_archive_rebuild"
"abyss_02","true","true","true","true","true","hold_until_runtime_validation_and_archive_rebuild"
"abyss_03","true","true","true","true","true","hold_until_runtime_validation_and_archive_rebuild"
"abyss_04","true","true","true","true","true","hold_until_runtime_validation_and_archive_rebuild"
"air_evt","false","true","false","true","false","hold_for_dependency_audit"
"air_if","true","true","true","true","true","hold_until_runtime_validation_and_archive_rebuild"
"airplane","true","true","true","true","true","hold_until_runtime_validation_and_archive_rebuild"
"airplane2","true","true","true","true","true","hold_until_runtime_validation_and_archive_rebuild"
"airport","true","true","true","true","true","hold_until_runtime_validation_and_archive_rebuild"
"alb_ship","true","true","true","true","true","hold_until_runtime_validation_and_archive_rebuild"
"alb2trea","true","true","true","true","true","hold_until_runtime_validation_and_archive_rebuild"
"alberta","true","true","true","true","true","hold_until_runtime_validation_and_archive_rebuild"
"alberta_in","true","true","true","true","true","hold_until_runtime_validation_and_archive_rebuild"
"alde_alche","true","true","true","true","true","hold_until_runtime_validation_and_archive_rebuild"
"alde_dun01","true","true","true","true","true","hold_until_runtime_validation_and_archive_rebuild"
"alde_dun02","true","true","true","true","true","hold_until_runtime_validation_and_archive_rebuild"
"alde_dun03","true","true","true","true","true","hold_until_runtime_validation_and_archive_rebuild"
"alde_dun04","true","true","true","true","true","hold_until_runtime_validation_and_archive_rebuild"
"alde_gld","true","true","true","true","true","hold_until_runtime_validation_and_archive_rebuild"
"alde_tt02","true","true","true","true","true","hold_until_runtime_validation_and_archive_rebuild"
"alde_tt03","true","true","true","true","true","hold_until_runtime_validation_and_archive_rebuild"
"aldeba_in","true","true","true","true","true","hold_until_runtime_validation_and_archive_rebuild"
"aldebaran","true","true","true","true","true","hold_until_runtime_validation_and_archive_rebuild"
"aldeg_cas01","true","true","true","true","true","hold_until_runtime_validation_and_archive_rebuild"
"aldeg_cas02","true","true","true","true","true","hold_until_runtime_validation_and_archive_rebuild"
"aldeg_cas03","true","true","true","true","true","hold_until_runtime_validation_and_archive_rebuild"
"aldeg_cas04","true","true","true","true","true","hold_until_runtime_validation_and_archive_rebuild"
"aldeg_cas05","true","true","true","true","true","hold_until_runtime_validation_and_archive_rebuild"
"ama_dun01","true","true","true","true","true","hold_until_runtime_validation_and_archive_rebuild"
"ama_dun02","true","true","true","true","true","hold_until_runtime_validation_and_archive_rebuild"
"ama_dun03","true","true","true","true","true","hold_until_runtime_validation_and_archive_rebuild"
"ama_fild01","true","true","true","true","true","hold_until_runtime_validation_and_archive_rebuild"
"ama_in01","true","true","true","true","true","hold_until_runtime_validation_and_archive_rebuild"
"ama_in02","true","true","true","true","true","hold_until_runtime_validation_and_archive_rebuild"
"ama_test","true","true","true","true","true","hold_until_runtime_validation_and_archive_rebuild"
"amatsu","true","true","true","true","true","hold_until_runtime_validation_and_archive_rebuild"
"amicit01","false","true","true","true","false","hold_for_dependency_audit"
"amicit02","false","true","true","true","false","hold_for_dependency_audit"
"amicitia1","true","true","true","true","true","hold_until_runtime_validation_and_archive_rebuild"
"amicitia2","true","true","true","true","true","hold_until_runtime_validation_and_archive_rebuild"
"ant_d02_i","true","true","true","true","true","hold_until_runtime_validation_and_archive_rebuild"
"anthell01","true","true","true","true","true","hold_until_runtime_validation_and_archive_rebuild"
"anthell02","true","true","true","true","true","hold_until_runtime_validation_and_archive_rebuild"
"arena_room","true","true","true","true","true","hold_until_runtime_validation_and_archive_rebuild"
"aru_gld","true","true","true","true","true","hold_until_runtime_validation_and_archive_rebuild"
"arug_cas01","true","true","true","true","true","hold_until_runtime_validation_and_archive_rebuild"
"arug_cas02","true","true","true","true","true","hold_until_runtime_validation_and_archive_rebuild"
"arug_cas03","true","true","true","true","true","hold_until_runtime_validation_and_archive_rebuild"
"arug_dun01","true","true","true","true","true","hold_until_runtime_validation_and_archive_rebuild"
"arug_que01","true","true","true","true","true","hold_until_runtime_validation_and_archive_rebuild"
"auction_01","true","true","true","true","true","hold_until_runtime_validation_and_archive_rebuild"
"auction_02","true","true","true","true","true","hold_until_runtime_validation_and_archive_rebuild"
"ayo_dun01","true","true","true","true","true","hold_until_runtime_validation_and_archive_rebuild"
"ayo_dun02","true","true","true","true","true","hold_until_runtime_validation_and_archive_rebuild"
"ayo_fild01","true","true","true","true","true","hold_until_runtime_validation_and_archive_rebuild"
"ayo_fild02","true","true","true","true","true","hold_until_runtime_validation_and_archive_rebuild"
"ayo_in01","true","true","true","true","true","hold_until_runtime_validation_and_archive_rebuild"
"ayo_in02","true","true","true","true","true","hold_until_runtime_validation_and_archive_rebuild"
"ayothaya","true","true","true","true","true","hold_until_runtime_validation_and_archive_rebuild"
"ba_2whs01","true","true","true","true","true","hold_until_runtime_validation_and_archive_rebuild"
"ba_2whs02","true","true","true","true","true","hold_until_runtime_validation_and_archive_rebuild"
"ba_bath","true","true","true","true","true","hold_until_runtime_validation_and_archive_rebuild"
"ba_chess","true","true","true","true","true","hold_until_runtime_validation_and_archive_rebuild"
"ba_go","true","true","true","true","true","hold_until_runtime_validation_and_archive_rebuild"
"ba_in01","true","true","true","true","true","hold_until_runtime_validation_and_archive_rebuild"
"ba_lib","true","true","true","true","true","hold_until_runtime_validation_and_archive_rebuild"
"ba_lost","true","true","true","true","true","hold_until_runtime_validation_and_archive_rebuild"
"ba_maison","true","true","true","true","true","hold_until_runtime_validation_and_archive_rebuild"
"ba_pw01","true","true","true","true","true","hold_until_runtime_validation_and_archive_rebuild"
"ba_pw02","true","true","true","true","true","hold_until_runtime_validation_and_archive_rebuild"
"ba_pw03","true","true","true","true","true","hold_until_runtime_validation_and_archive_rebuild"
"ba_void","false","true","true","true","false","hold_for_dependency_audit"
"bat_a01","true","true","true","true","true","hold_until_runtime_validation_and_archive_rebuild"
"bat_b01","true","true","true","true","true","hold_until_runtime_validation_and_archive_rebuild"
"bat_c01","true","true","true","true","true","hold_until_runtime_validation_and_archive_rebuild"
"bat_room","true","true","true","true","true","hold_until_runtime_validation_and_archive_rebuild"
"beach_dun","true","true","true","true","true","hold_until_runtime_validation_and_archive_rebuild"
"beach_dun2","true","true","true","true","true","hold_until_runtime_validation_and_archive_rebuild"
"beach_dun3","true","true","true","true","true","hold_until_runtime_validation_and_archive_rebuild"
"bif_fild01","true","true","true","true","true","hold_until_runtime_validation_and_archive_rebuild"
"bif_fild02","true","true","true","true","true","hold_until_runtime_validation_and_archive_rebuild"
"bl_death","true","true","true","true","true","hold_until_runtime_validation_and_archive_rebuild"
"bl_depth1","true","true","true","true","true","hold_until_runtime_validation_and_archive_rebuild"
"bl_depth2","true","true","true","true","true","hold_until_runtime_validation_and_archive_rebuild"
"bl_grass","true","true","true","true","true","hold_until_runtime_validation_and_archive_rebuild"
"bl_ice","true","true","true","true","true","hold_until_runtime_validation_and_archive_rebuild"
"bl_lava","true","true","true","true","true","hold_until_runtime_validation_and_archive_rebuild"
"bl_soul","true","true","true","true","true","hold_until_runtime_validation_and_archive_rebuild"
"bl_temple","true","true","true","true","true","hold_until_runtime_validation_and_archive_rebuild"
"bl_venom","true","true","true","true","true","hold_until_runtime_validation_and_archive_rebuild"
"bra_dun01","true","true","true","true","true","hold_until_runtime_validation_and_archive_rebuild"
"bra_dun02","true","true","true","true","true","hold_until_runtime_validation_and_archive_rebuild"
"bra_fild01","true","true","true","true","true","hold_until_runtime_validation_and_archive_rebuild"
"bra_in01","true","true","true","true","true","hold_until_runtime_validation_and_archive_rebuild"
"brasilis","true","true","true","true","true","hold_until_runtime_validation_and_archive_rebuild"
"c_tower1","true","true","true","true","true","hold_until_runtime_validation_and_archive_rebuild"
"c_tower2","true","true","true","true","true","hold_until_runtime_validation_and_archive_rebuild"
"c_tower2_","true","true","true","true","true","hold_until_runtime_validation_and_archive_rebuild"
"c_tower3","true","true","true","true","true","hold_until_runtime_validation_and_archive_rebuild"
"c_tower3_","true","true","true","true","true","hold_until_runtime_validation_and_archive_rebuild"
"c_tower4","true","true","true","true","true","hold_until_runtime_validation_and_archive_rebuild"
"cave","true","true","true","true","true","hold_until_runtime_validation_and_archive_rebuild"
"ch1_dw","true","true","false","true","true","hold_until_runtime_validation_and_archive_rebuild"
"ch1_gef_in","true","true","true","true","true","hold_until_runtime_validation_and_archive_rebuild"
"ch1_geffen","true","true","true","true","true","hold_until_runtime_validation_and_archive_rebuild"
"ch1_gfn01","true","true","true","true","true","hold_until_runtime_validation_and_archive_rebuild"
"ch1_gfn03","true","true","true","true","true","hold_until_runtime_validation_and_archive_rebuild"
"ch1_que01","true","true","false","true","true","hold_until_runtime_validation_and_archive_rebuild"
"ch1_sf01","true","true","true","true","true","hold_until_runtime_validation_and_archive_rebuild"
"ch1_sf02","true","true","true","true","true","hold_until_runtime_validation_and_archive_rebuild"
"ch1_sf03","true","true","true","true","true","hold_until_runtime_validation_and_archive_rebuild"
"ch1_vrgef1","true","true","false","true","true","hold_until_runtime_validation_and_archive_rebuild"
"ch1_vrgef2","true","true","false","true","true","hold_until_runtime_validation_and_archive_rebuild"
"ch1fild1","true","true","true","true","true","hold_until_runtime_validation_and_archive_rebuild"
"ch1zero1","true","true","true","true","true","hold_until_runtime_validation_and_archive_rebuild"
"ch1zero2","true","true","true","true","true","hold_until_runtime_validation_and_archive_rebuild"
"ch1zero3","true","true","true","true","true","hold_until_runtime_validation_and_archive_rebuild"
"ch1zero4","true","true","true","true","true","hold_until_runtime_validation_and_archive_rebuild"
"ch2gms","false","true","true","true","false","hold_for_dependency_audit"
"ch2safe1","false","true","true","true","false","hold_for_dependency_audit"
"ch2safe2","false","true","true","true","false","hold_for_dependency_audit"
"ch2safe3","false","true","true","true","false","hold_for_dependency_audit"
"ch2safe4","false","true","true","true","false","hold_for_dependency_audit"
"clb_kuma","false","true","true","true","false","hold_for_dependency_audit"
"clock_01","true","true","true","true","true","hold_until_runtime_validation_and_archive_rebuild"
"cmd_bhole","true","true","true","true","true","hold_until_runtime_validation_and_archive_rebuild"
"cmd_fild01","true","true","true","true","true","hold_until_runtime_validation_and_archive_rebuild"
"cmd_fild02","true","true","true","true","true","hold_until_runtime_validation_and_archive_rebuild"
"cmd_fild03","true","true","true","true","true","hold_until_runtime_validation_and_archive_rebuild"
"cmd_fild04","true","true","true","true","true","hold_until_runtime_validation_and_archive_rebuild"
"cmd_fild05","true","true","true","true","true","hold_until_runtime_validation_and_archive_rebuild"
"cmd_fild06","true","true","true","true","true","hold_until_runtime_validation_and_archive_rebuild"
"cmd_fild07","true","true","true","true","true","hold_until_runtime_validation_and_archive_rebuild"
"cmd_fild08","true","true","true","true","true","hold_until_runtime_validation_and_archive_rebuild"
"cmd_fild09","true","true","true","true","true","hold_until_runtime_validation_and_archive_rebuild"
"cmd_in01","true","true","true","true","true","hold_until_runtime_validation_and_archive_rebuild"
"cmd_in02","true","true","true","true","true","hold_until_runtime_validation_and_archive_rebuild"
"com_d02_i","true","true","true","true","true","hold_until_runtime_validation_and_archive_rebuild"
"comodo","true","true","true","true","true","hold_until_runtime_validation_and_archive_rebuild"
"conch_in","true","true","true","true","true","hold_until_runtime_validation_and_archive_rebuild"
"dali","true","true","true","true","true","hold_until_runtime_validation_and_archive_rebuild"
"dali02","true","true","true","true","true","hold_until_runtime_validation_and_archive_rebuild"
"deadroot","false","true","true","true","false","hold_for_dependency_audit"
"dew_dun01","true","true","true","true","true","hold_until_runtime_validation_and_archive_rebuild"
"dew_dun02","true","true","true","true","true","hold_until_runtime_validation_and_archive_rebuild"
"dew_fild01","true","true","true","true","true","hold_until_runtime_validation_and_archive_rebuild"
"dew_in01","true","true","true","true","true","hold_until_runtime_validation_and_archive_rebuild"
"dewata","true","true","true","true","true","hold_until_runtime_validation_and_archive_rebuild"
"dic_dun01","true","true","true","true","true","hold_until_runtime_validation_and_archive_rebuild"
"dic_dun02","true","true","true","true","true","hold_until_runtime_validation_and_archive_rebuild"
"dic_fild01","true","true","true","true","true","hold_until_runtime_validation_and_archive_rebuild"
"dic_fild02","true","true","true","true","true","hold_until_runtime_validation_and_archive_rebuild"
"dic_in01","true","true","true","true","true","hold_until_runtime_validation_and_archive_rebuild"
"dicastes01","true","true","true","true","true","hold_until_runtime_validation_and_archive_rebuild"
"dicastes02","true","true","true","true","true","hold_until_runtime_validation_and_archive_rebuild"
"e_hugel","true","true","true","true","true","hold_until_runtime_validation_and_archive_rebuild"
"e_tower","true","true","true","true","true","hold_until_runtime_validation_and_archive_rebuild"
"ecl_fild01","true","true","true","true","true","hold_until_runtime_validation_and_archive_rebuild"
"ecl_hub01","true","true","true","true","true","hold_until_runtime_validation_and_archive_rebuild"
"ecl_in01","true","true","true","true","true","hold_until_runtime_validation_and_archive_rebuild"
"ecl_in02","true","true","true","true","true","hold_until_runtime_validation_and_archive_rebuild"
"ecl_in03","true","true","true","true","true","hold_until_runtime_validation_and_archive_rebuild"
"ecl_in04","true","true","true","true","true","hold_until_runtime_validation_and_archive_rebuild"
"ecl_tdun01","true","true","true","true","true","hold_until_runtime_validation_and_archive_rebuild"
"ecl_tdun02","true","true","true","true","true","hold_until_runtime_validation_and_archive_rebuild"
"ecl_tdun03","true","true","true","true","true","hold_until_runtime_validation_and_archive_rebuild"
"ecl_tdun04","true","true","true","true","true","hold_until_runtime_validation_and_archive_rebuild"
"eclage","true","true","true","true","true","hold_until_runtime_validation_and_archive_rebuild"
"ein_d02_i","true","true","true","true","true","hold_until_runtime_validation_and_archive_rebuild"
"ein_dun01","true","true","true","true","true","hold_until_runtime_validation_and_archive_rebuild"
"ein_dun02","true","true","true","true","true","hold_until_runtime_validation_and_archive_rebuild"
"ein_dun03","true","true","true","true","true","hold_until_runtime_validation_and_archive_rebuild"
"ein_fild01","true","true","true","true","true","hold_until_runtime_validation_and_archive_rebuild"
"ein_fild02","true","true","true","true","true","hold_until_runtime_validation_and_archive_rebuild"
"ein_fild03","true","true","true","true","true","hold_until_runtime_validation_and_archive_rebuild"
"ein_fild04","true","true","true","true","true","hold_until_runtime_validation_and_archive_rebuild"
"ein_fild05","true","true","true","true","true","hold_until_runtime_validation_and_archive_rebuild"
"ein_fild06","true","true","true","true","true","hold_until_runtime_validation_and_archive_rebuild"
"ein_fild07","true","true","true","true","true","hold_until_runtime_validation_and_archive_rebuild"
"ein_fild08","true","true","true","true","true","hold_until_runtime_validation_and_archive_rebuild"
"ein_fild09","true","true","true","true","true","hold_until_runtime_validation_and_archive_rebuild"
"ein_fild10","true","true","true","true","true","hold_until_runtime_validation_and_archive_rebuild"
"ein_in01","true","true","true","true","true","hold_until_runtime_validation_and_archive_rebuild"
"einbech","true","true","true","true","true","hold_until_runtime_validation_and_archive_rebuild"
"einbroch","true","true","true","true","true","hold_until_runtime_validation_and_archive_rebuild"
"evt_bomb","true","true","true","true","true","hold_until_runtime_validation_and_archive_rebuild"
"evt_mobroom","true","true","true","true","true","hold_until_runtime_validation_and_archive_rebuild"
"for_dun01","true","true","true","true","true","hold_until_runtime_validation_and_archive_rebuild"
"for_dun02","true","true","true","true","true","hold_until_runtime_validation_and_archive_rebuild"
"force_map1","false","true","true","true","false","hold_for_dependency_audit"
"force_map2","false","true","true","true","false","hold_for_dependency_audit"
"force_map3","false","true","true","true","false","hold_for_dependency_audit"
"gef_d01_i","true","true","true","true","true","hold_until_runtime_validation_and_archive_rebuild"
"gef_dun00","true","true","true","true","true","hold_until_runtime_validation_and_archive_rebuild"
"gef_dun01","true","true","true","true","true","hold_until_runtime_validation_and_archive_rebuild"
"gef_dun02","true","true","true","true","true","hold_until_runtime_validation_and_archive_rebuild"
"gef_dun03","true","true","true","true","true","hold_until_runtime_validation_and_archive_rebuild"
"gef_fild00","true","true","true","true","true","hold_until_runtime_validation_and_archive_rebuild"
"gef_fild01","true","true","true","true","true","hold_until_runtime_validation_and_archive_rebuild"
"gef_fild02","true","true","true","true","true","hold_until_runtime_validation_and_archive_rebuild"
"gef_fild03","true","true","true","true","true","hold_until_runtime_validation_and_archive_rebuild"
"gef_fild04","true","true","true","true","true","hold_until_runtime_validation_and_archive_rebuild"
"gef_fild05","true","true","true","true","true","hold_until_runtime_validation_and_archive_rebuild"
"gef_fild06","true","true","true","true","true","hold_until_runtime_validation_and_archive_rebuild"
"gef_fild07","true","true","true","true","true","hold_until_runtime_validation_and_archive_rebuild"
"gef_fild08","true","true","true","true","true","hold_until_runtime_validation_and_archive_rebuild"
"gef_fild09","true","true","true","true","true","hold_until_runtime_validation_and_archive_rebuild"
"gef_fild10","true","true","true","true","true","hold_until_runtime_validation_and_archive_rebuild"
"gef_fild11","true","true","true","true","true","hold_until_runtime_validation_and_archive_rebuild"
"gef_fild12","true","true","true","true","true","hold_until_runtime_validation_and_archive_rebuild"
"gef_fild13","true","true","true","true","true","hold_until_runtime_validation_and_archive_rebuild"
"gef_fild14","true","true","true","true","true","hold_until_runtime_validation_and_archive_rebuild"
"gef_tower","true","true","true","true","true","hold_until_runtime_validation_and_archive_rebuild"
"gefenia01","true","true","true","true","true","hold_until_runtime_validation_and_archive_rebuild"
"gefenia02","true","true","true","true","true","hold_until_runtime_validation_and_archive_rebuild"
"gefenia03","true","true","true","true","true","hold_until_runtime_validation_and_archive_rebuild"
"gefenia04","true","true","true","true","true","hold_until_runtime_validation_and_archive_rebuild"
"geffen","true","true","true","true","true","hold_until_runtime_validation_and_archive_rebuild"
"geffen_in","true","true","true","true","true","hold_until_runtime_validation_and_archive_rebuild"
"gefg_cas01","true","true","true","true","true","hold_until_runtime_validation_and_archive_rebuild"
"gefg_cas02","true","true","true","true","true","hold_until_runtime_validation_and_archive_rebuild"
"gefg_cas03","true","true","true","true","true","hold_until_runtime_validation_and_archive_rebuild"
"gefg_cas04","true","true","true","true","true","hold_until_runtime_validation_and_archive_rebuild"
"gefg_cas05","true","true","true","true","true","hold_until_runtime_validation_and_archive_rebuild"
"gl_cas01","true","true","true","true","true","hold_until_runtime_validation_and_archive_rebuild"
"gl_cas01_","true","true","true","true","true","hold_until_runtime_validation_and_archive_rebuild"
"gl_cas02","true","true","true","true","true","hold_until_runtime_validation_and_archive_rebuild"
"gl_cas02_","true","true","true","true","true","hold_until_runtime_validation_and_archive_rebuild"
"gl_church","true","true","true","true","true","hold_until_runtime_validation_and_archive_rebuild"
"gl_chyard","true","true","true","true","true","hold_until_runtime_validation_and_archive_rebuild"
"gl_chyard_","true","true","true","true","true","hold_until_runtime_validation_and_archive_rebuild"
"gl_dun01","true","true","true","true","true","hold_until_runtime_validation_and_archive_rebuild"
"gl_dun02","true","true","true","true","true","hold_until_runtime_validation_and_archive_rebuild"
"gl_in01","true","true","true","true","true","hold_until_runtime_validation_and_archive_rebuild"
"gl_knt01","true","true","true","true","true","hold_until_runtime_validation_and_archive_rebuild"
"gl_knt02","true","true","true","true","true","hold_until_runtime_validation_and_archive_rebuild"
"gl_prison","true","true","true","true","true","hold_until_runtime_validation_and_archive_rebuild"
"gl_prison1","true","true","true","true","true","hold_until_runtime_validation_and_archive_rebuild"
"gl_sew01","true","true","true","true","true","hold_until_runtime_validation_and_archive_rebuild"
"gl_sew02","true","true","true","true","true","hold_until_runtime_validation_and_archive_rebuild"
"gl_sew03","true","true","true","true","true","hold_until_runtime_validation_and_archive_rebuild"
"gl_sew04","true","true","true","true","true","hold_until_runtime_validation_and_archive_rebuild"
"gl_step","true","true","true","true","true","hold_until_runtime_validation_and_archive_rebuild"
"glast_01","true","true","true","true","true","hold_until_runtime_validation_and_archive_rebuild"
"gld_dun01","true","true","true","true","true","hold_until_runtime_validation_and_archive_rebuild"
"gld_dun02","true","true","true","true","true","hold_until_runtime_validation_and_archive_rebuild"
"gld_dun03","true","true","true","true","true","hold_until_runtime_validation_and_archive_rebuild"
"gld_dun04","true","true","true","true","true","hold_until_runtime_validation_and_archive_rebuild"
"gld2_ald","true","true","true","true","true","hold_until_runtime_validation_and_archive_rebuild"
"gld2_gef","true","true","true","true","true","hold_until_runtime_validation_and_archive_rebuild"
"gld2_pay","true","true","true","true","true","hold_until_runtime_validation_and_archive_rebuild"
"gld2_prt","true","true","true","true","true","hold_until_runtime_validation_and_archive_rebuild"
"gon_dun01","true","true","true","true","true","hold_until_runtime_validation_and_archive_rebuild"
"gon_dun02","true","true","true","true","true","hold_until_runtime_validation_and_archive_rebuild"
"gon_dun03","true","true","true","true","true","hold_until_runtime_validation_and_archive_rebuild"
"gon_fild01","true","true","true","true","true","hold_until_runtime_validation_and_archive_rebuild"
"gon_in","true","true","true","true","true","hold_until_runtime_validation_and_archive_rebuild"
"gon_test","true","true","true","true","true","hold_until_runtime_validation_and_archive_rebuild"
"gonryun","true","true","true","true","true","hold_until_runtime_validation_and_archive_rebuild"
"grademk","true","true","true","true","true","hold_until_runtime_validation_and_archive_rebuild"
"guild_vs1","true","true","true","true","true","hold_until_runtime_validation_and_archive_rebuild"
"guild_vs2","true","true","true","true","true","hold_until_runtime_validation_and_archive_rebuild"
"guild_vs3","true","true","true","true","true","hold_until_runtime_validation_and_archive_rebuild"
"guild_vs4","true","true","true","true","true","hold_until_runtime_validation_and_archive_rebuild"
"guild_vs5","true","true","true","true","true","hold_until_runtime_validation_and_archive_rebuild"
"gw_fild01","true","true","true","true","true","hold_until_runtime_validation_and_archive_rebuild"
"gw_fild02","true","true","true","true","true","hold_until_runtime_validation_and_archive_rebuild"
"har_in01","true","true","true","true","true","hold_until_runtime_validation_and_archive_rebuild"
"harboro1","true","true","true","true","true","hold_until_runtime_validation_and_archive_rebuild"
"harboro2","true","true","true","true","true","hold_until_runtime_validation_and_archive_rebuild"
"hem_dun01","true","true","true","true","true","hold_until_runtime_validation_and_archive_rebuild"
"hem_dun02","true","true","true","true","true","hold_until_runtime_validation_and_archive_rebuild"
"hem_fild","true","true","true","true","true","hold_until_runtime_validation_and_archive_rebuild"
"hero_dun1","true","true","true","true","true","hold_until_runtime_validation_and_archive_rebuild"
"hero_ent1","true","true","true","true","true","hold_until_runtime_validation_and_archive_rebuild"
"hero_ent2","true","true","true","true","true","hold_until_runtime_validation_and_archive_rebuild"
"hero_ent3","true","true","true","true","true","hold_until_runtime_validation_and_archive_rebuild"
"hero_in1","true","true","true","true","true","hold_until_runtime_validation_and_archive_rebuild"
"hero_in2","true","true","true","true","true","hold_until_runtime_validation_and_archive_rebuild"
"hero_in3","true","true","true","true","true","hold_until_runtime_validation_and_archive_rebuild"
"hero_in4","true","true","true","true","true","hold_until_runtime_validation_and_archive_rebuild"
"hero_lb","true","true","true","true","true","hold_until_runtime_validation_and_archive_rebuild"
"hero_out1","true","true","true","true","true","hold_until_runtime_validation_and_archive_rebuild"
"hero_out2","true","true","true","true","true","hold_until_runtime_validation_and_archive_rebuild"
"hero_out3","true","true","true","true","true","hold_until_runtime_validation_and_archive_rebuild"
"hero_out4","true","true","true","true","true","hold_until_runtime_validation_and_archive_rebuild"
"hero_tra","true","true","true","true","true","hold_until_runtime_validation_and_archive_rebuild"
"herosria","true","true","true","true","true","hold_until_runtime_validation_and_archive_rebuild"
"httyd_01","true","true","false","true","true","hold_until_runtime_validation_and_archive_rebuild"
"httyd_02","true","true","false","true","true","hold_until_runtime_validation_and_archive_rebuild"
"hu_fild01","true","true","true","true","true","hold_until_runtime_validation_and_archive_rebuild"
"hu_fild02","true","true","true","true","true","hold_until_runtime_validation_and_archive_rebuild"
"hu_fild03","true","true","true","true","true","hold_until_runtime_validation_and_archive_rebuild"
"hu_fild04","true","true","true","true","true","hold_until_runtime_validation_and_archive_rebuild"
"hu_fild05","true","true","true","true","true","hold_until_runtime_validation_and_archive_rebuild"
"hu_fild06","true","true","true","true","true","hold_until_runtime_validation_and_archive_rebuild"
"hu_fild07","true","true","true","true","true","hold_until_runtime_validation_and_archive_rebuild"
"hu_in01","true","true","true","true","true","hold_until_runtime_validation_and_archive_rebuild"
"hugel","true","true","true","true","true","hold_until_runtime_validation_and_archive_rebuild"
"icas_in","true","true","true","true","true","hold_until_runtime_validation_and_archive_rebuild"
"icas_in2","true","true","true","true","true","hold_until_runtime_validation_and_archive_rebuild"
"ice_d03_i","true","true","true","true","true","hold_until_runtime_validation_and_archive_rebuild"
"ice_dun01","true","true","true","true","true","hold_until_runtime_validation_and_archive_rebuild"
"ice_dun02","true","true","true","true","true","hold_until_runtime_validation_and_archive_rebuild"
"ice_dun03","true","true","true","true","true","hold_until_runtime_validation_and_archive_rebuild"
"ice_dun04","true","true","true","true","true","hold_until_runtime_validation_and_archive_rebuild"
"icecastle","true","true","true","true","true","hold_until_runtime_validation_and_archive_rebuild"
"in_hunter","true","true","true","true","true","hold_until_runtime_validation_and_archive_rebuild"
"in_moc_16","true","true","true","true","true","hold_until_runtime_validation_and_archive_rebuild"
"in_orcs01","true","true","true","true","true","hold_until_runtime_validation_and_archive_rebuild"
"in_rogue","true","true","true","true","true","hold_until_runtime_validation_and_archive_rebuild"
"in_sphinx1","true","true","true","true","true","hold_until_runtime_validation_and_archive_rebuild"
"in_sphinx2","true","true","true","true","true","hold_until_runtime_validation_and_archive_rebuild"
"in_sphinx3","true","true","true","true","true","hold_until_runtime_validation_and_archive_rebuild"
"in_sphinx4","true","true","true","true","true","hold_until_runtime_validation_and_archive_rebuild"
"in_sphinx5","true","true","true","true","true","hold_until_runtime_validation_and_archive_rebuild"
"int_land","true","true","true","true","true","hold_until_runtime_validation_and_archive_rebuild"
"int_land01","true","true","true","true","true","hold_until_runtime_validation_and_archive_rebuild"
"int_land02","true","true","true","true","true","hold_until_runtime_validation_and_archive_rebuild"
"int_land03","true","true","true","true","true","hold_until_runtime_validation_and_archive_rebuild"
"int_land04","true","true","true","true","true","hold_until_runtime_validation_and_archive_rebuild"
"iz_ac01","true","true","true","true","true","hold_until_runtime_validation_and_archive_rebuild"
"iz_ac01_a","true","true","true","true","true","hold_until_runtime_validation_and_archive_rebuild"
"iz_ac01_b","true","true","true","true","true","hold_until_runtime_validation_and_archive_rebuild"
"iz_ac01_c","true","true","true","true","true","hold_until_runtime_validation_and_archive_rebuild"
"iz_ac01_d","true","true","true","true","true","hold_until_runtime_validation_and_archive_rebuild"
"iz_ac02","true","true","true","true","true","hold_until_runtime_validation_and_archive_rebuild"
"iz_ac02_a","true","true","true","true","true","hold_until_runtime_validation_and_archive_rebuild"
"iz_ac02_b","true","true","true","true","true","hold_until_runtime_validation_and_archive_rebuild"
"iz_ac02_c","true","true","true","true","true","hold_until_runtime_validation_and_archive_rebuild"
"iz_ac02_d","true","true","true","true","true","hold_until_runtime_validation_and_archive_rebuild"
"iz_d04_i","true","true","true","true","true","hold_until_runtime_validation_and_archive_rebuild"
"iz_d05_i","true","true","true","true","true","hold_until_runtime_validation_and_archive_rebuild"
"iz_dun00","true","true","true","true","true","hold_until_runtime_validation_and_archive_rebuild"
"iz_dun01","true","true","true","true","true","hold_until_runtime_validation_and_archive_rebuild"
"iz_dun02","true","true","true","true","true","hold_until_runtime_validation_and_archive_rebuild"
"iz_dun03","true","true","true","true","true","hold_until_runtime_validation_and_archive_rebuild"
"iz_dun04","true","true","true","true","true","hold_until_runtime_validation_and_archive_rebuild"
"iz_dun05","true","true","true","true","true","hold_until_runtime_validation_and_archive_rebuild"
"iz_in_a","true","true","false","true","true","hold_until_runtime_validation_and_archive_rebuild"
"iz_in_b","true","true","false","true","true","hold_until_runtime_validation_and_archive_rebuild"
"iz_in_c","true","true","false","true","true","hold_until_runtime_validation_and_archive_rebuild"
"iz_in_d","true","true","false","true","true","hold_until_runtime_validation_and_archive_rebuild"
"iz_int","true","true","true","true","true","hold_until_runtime_validation_and_archive_rebuild"
"iz_int01","true","true","true","true","true","hold_until_runtime_validation_and_archive_rebuild"
"iz_int02","true","true","true","true","true","hold_until_runtime_validation_and_archive_rebuild"
"iz_int03","true","true","true","true","true","hold_until_runtime_validation_and_archive_rebuild"
"iz_int04","true","true","true","true","true","hold_until_runtime_validation_and_archive_rebuild"
"iz_ng01","true","true","true","true","true","hold_until_runtime_validation_and_archive_rebuild"
"izlu2dun","true","true","true","true","true","hold_until_runtime_validation_and_archive_rebuild"
"izlude","true","true","true","true","true","hold_until_runtime_validation_and_archive_rebuild"
"izlude_a","true","true","true","true","true","hold_until_runtime_validation_and_archive_rebuild"
"izlude_b","true","true","true","true","true","hold_until_runtime_validation_and_archive_rebuild"
"izlude_c","true","true","true","true","true","hold_until_runtime_validation_and_archive_rebuild"
"izlude_d","true","true","true","true","true","hold_until_runtime_validation_and_archive_rebuild"
"izlude_in","true","true","true","true","true","hold_until_runtime_validation_and_archive_rebuild"
"jalbe_in","true","true","true","true","true","hold_until_runtime_validation_and_archive_rebuild"
"jawaii","true","true","true","true","true","hold_until_runtime_validation_and_archive_rebuild"
"jawaii_in","true","true","true","true","true","hold_until_runtime_validation_and_archive_rebuild"
"job_cru","true","true","true","true","true","hold_until_runtime_validation_and_archive_rebuild"
"job_duncer","true","true","true","true","true","hold_until_runtime_validation_and_archive_rebuild"
"job_gun","true","true","true","true","true","hold_until_runtime_validation_and_archive_rebuild"
"job_hunte","true","true","true","true","true","hold_until_runtime_validation_and_archive_rebuild"
"job_hunter","false","true","true","true","false","hold_for_dependency_audit"
"job_knight","false","true","true","true","false","hold_for_dependency_audit"
"job_knt","true","true","true","true","true","hold_until_runtime_validation_and_archive_rebuild"
"job_ko","true","true","true","true","true","hold_until_runtime_validation_and_archive_rebuild"
"job_monk","true","true","true","true","true","hold_until_runtime_validation_and_archive_rebuild"
"job_priest","false","true","true","true","false","hold_for_dependency_audit"
"job_prist","true","true","true","true","true","hold_until_runtime_validation_and_archive_rebuild"
"job_sage","true","true","true","true","true","hold_until_runtime_validation_and_archive_rebuild"
"job_soul","true","true","true","true","true","hold_until_runtime_validation_and_archive_rebuild"
"job_star","true","true","true","true","true","hold_until_runtime_validation_and_archive_rebuild"
"job_sword1","true","true","true","true","true","hold_until_runtime_validation_and_archive_rebuild"
"job_thief1","true","true","true","true","true","hold_until_runtime_validation_and_archive_rebuild"
"job_wiz","true","true","true","true","true","hold_until_runtime_validation_and_archive_rebuild"
"job_wizard","false","true","true","true","false","hold_for_dependency_audit"
"job3_arch01","true","true","true","true","true","hold_until_runtime_validation_and_archive_rebuild"
"job3_arch02","true","true","true","true","true","hold_until_runtime_validation_and_archive_rebuild"
"job3_gen01","true","true","true","true","true","hold_until_runtime_validation_and_archive_rebuild"
"job3_guil01","true","true","true","true","true","hold_until_runtime_validation_and_archive_rebuild"
"job3_guil02","true","true","true","true","true","hold_until_runtime_validation_and_archive_rebuild"
"job3_guil03","true","true","true","true","true","hold_until_runtime_validation_and_archive_rebuild"
"job3_rang01","true","true","true","true","true","hold_until_runtime_validation_and_archive_rebuild"
"job3_rang02","true","true","true","true","true","hold_until_runtime_validation_and_archive_rebuild"
"job3_rune01","true","true","true","true","true","hold_until_runtime_validation_and_archive_rebuild"
"job3_rune02","true","true","true","true","true","hold_until_runtime_validation_and_archive_rebuild"
"job3_sha01","true","true","true","true","true","hold_until_runtime_validation_and_archive_rebuild"
"job3_war01","true","true","true","true","true","hold_until_runtime_validation_and_archive_rebuild"
"job4_bio","true","true","true","true","true","hold_until_runtime_validation_and_archive_rebuild"
"job4_mag","true","true","true","true","true","hold_until_runtime_validation_and_archive_rebuild"
"job4_tro","true","true","true","true","true","hold_until_runtime_validation_and_archive_rebuild"
"jor_ab01","true","true","true","true","true","hold_until_runtime_validation_and_archive_rebuild"
"jor_ab02","true","true","true","true","true","hold_until_runtime_validation_and_archive_rebuild"
"jor_albe","true","true","true","true","true","hold_until_runtime_validation_and_archive_rebuild"
"jor_back1","true","true","true","true","true","hold_until_runtime_validation_and_archive_rebuild"
"jor_back2","true","true","true","true","true","hold_until_runtime_validation_and_archive_rebuild"
"jor_back3","true","true","true","true","true","hold_until_runtime_validation_and_archive_rebuild"
"jor_back4","true","true","true","true","true","hold_until_runtime_validation_and_archive_rebuild"
"jor_back5","true","true","true","true","true","hold_until_runtime_validation_and_archive_rebuild"
"jor_back6","true","true","true","true","true","hold_until_runtime_validation_and_archive_rebuild"
"jor_base","true","true","true","true","true","hold_until_runtime_validation_and_archive_rebuild"
"jor_crk","true","true","true","true","true","hold_until_runtime_validation_and_archive_rebuild"
"jor_crk_p","true","true","true","true","true","hold_until_runtime_validation_and_archive_rebuild"
"jor_dun01","true","true","true","true","true","hold_until_runtime_validation_and_archive_rebuild"
"jor_dun02","true","true","true","true","true","hold_until_runtime_validation_and_archive_rebuild"
"jor_dun03","true","true","true","true","true","hold_until_runtime_validation_and_archive_rebuild"
"jor_maze","true","true","true","true","true","hold_until_runtime_validation_and_archive_rebuild"
"jor_mbase","true","true","true","true","true","hold_until_runtime_validation_and_archive_rebuild"
"jor_nest","true","true","true","true","true","hold_until_runtime_validation_and_archive_rebuild"
"jor_que","true","true","true","true","true","hold_until_runtime_validation_and_archive_rebuild"
"jor_raise1","true","true","true","true","true","hold_until_runtime_validation_and_archive_rebuild"
"jor_raise2","true","true","true","true","true","hold_until_runtime_validation_and_archive_rebuild"
"jor_root1","true","true","true","true","true","hold_until_runtime_validation_and_archive_rebuild"
"jor_root2","true","true","true","true","true","hold_until_runtime_validation_and_archive_rebuild"
"jor_root3","true","true","true","true","true","hold_until_runtime_validation_and_archive_rebuild"
"jor_safty1","true","true","true","true","true","hold_until_runtime_validation_and_archive_rebuild"
"jor_safty2","true","true","true","true","true","hold_until_runtime_validation_and_archive_rebuild"
"jor_sanct","true","true","true","true","true","hold_until_runtime_validation_and_archive_rebuild"
"jor_sklf1","true","true","true","true","true","hold_until_runtime_validation_and_archive_rebuild"
"jor_sklf2","true","true","true","true","true","hold_until_runtime_validation_and_archive_rebuild"
"jor_tail","true","true","true","true","true","hold_until_runtime_validation_and_archive_rebuild"
"jor_tmple1","true","true","true","true","true","hold_until_runtime_validation_and_archive_rebuild"
"jor_tmple2","true","true","true","true","true","hold_until_runtime_validation_and_archive_rebuild"
"jor_twice","true","true","true","true","true","hold_until_runtime_validation_and_archive_rebuild"
"jor_twig","true","true","true","true","true","hold_until_runtime_validation_and_archive_rebuild"
"jupe_area1","true","true","true","true","true","hold_until_runtime_validation_and_archive_rebuild"
"jupe_area2","true","true","true","true","true","hold_until_runtime_validation_and_archive_rebuild"
"jupe_cave","true","true","true","true","true","hold_until_runtime_validation_and_archive_rebuild"
"jupe_core","true","true","true","true","true","hold_until_runtime_validation_and_archive_rebuild"
"jupe_ele","true","true","true","true","true","hold_until_runtime_validation_and_archive_rebuild"
"jupe_ele_r","true","true","true","true","true","hold_until_runtime_validation_and_archive_rebuild"
"jupe_gate","true","true","true","true","true","hold_until_runtime_validation_and_archive_rebuild"
"juperos_01","true","true","true","true","true","hold_until_runtime_validation_and_archive_rebuild"
"juperos_02","true","true","true","true","true","hold_until_runtime_validation_and_archive_rebuild"
"kh_dun01","true","true","true","true","true","hold_until_runtime_validation_and_archive_rebuild"
"kh_dun02","true","true","true","true","true","hold_until_runtime_validation_and_archive_rebuild"
"kh_kiehl01","true","true","true","true","true","hold_until_runtime_validation_and_archive_rebuild"
"kh_kiehl02","true","true","true","true","true","hold_until_runtime_validation_and_archive_rebuild"
"kh_mansion","true","true","true","true","true","hold_until_runtime_validation_and_archive_rebuild"
"kh_rossi","true","true","true","true","true","hold_until_runtime_validation_and_archive_rebuild"
"kh_school","true","true","true","true","true","hold_until_runtime_validation_and_archive_rebuild"
"kh_vila","true","true","true","true","true","hold_until_runtime_validation_and_archive_rebuild"
"kin_in01","false","true","true","true","false","hold_for_dependency_audit"
"kindlbrk","false","true","true","true","false","hold_for_dependency_audit"
"lasa_dun_q","true","true","true","true","true","hold_until_runtime_validation_and_archive_rebuild"
"lasa_dun01","true","true","true","true","true","hold_until_runtime_validation_and_archive_rebuild"
"lasa_dun02","true","true","true","true","true","hold_until_runtime_validation_and_archive_rebuild"
"lasa_dun03","true","true","true","true","true","hold_until_runtime_validation_and_archive_rebuild"
"lasa_fild01","true","true","true","true","true","hold_until_runtime_validation_and_archive_rebuild"
"lasa_fild02","true","true","true","true","true","hold_until_runtime_validation_and_archive_rebuild"
"lasa_in01","true","true","true","true","true","hold_until_runtime_validation_and_archive_rebuild"
"lasa_sea","true","true","true","true","true","hold_until_runtime_validation_and_archive_rebuild"
"lasagna","true","true","true","true","true","hold_until_runtime_validation_and_archive_rebuild"
"lhz_cube","true","true","true","true","true","hold_until_runtime_validation_and_archive_rebuild"
"lhz_d_n2","true","true","true","true","true","hold_until_runtime_validation_and_archive_rebuild"
"lhz_dun_n","true","true","true","true","true","hold_until_runtime_validation_and_archive_rebuild"
"lhz_dun01","true","true","true","true","true","hold_until_runtime_validation_and_archive_rebuild"
"lhz_dun02","true","true","true","true","true","hold_until_runtime_validation_and_archive_rebuild"
"lhz_dun03","true","true","true","true","true","hold_until_runtime_validation_and_archive_rebuild"
"lhz_dun04","true","true","true","true","true","hold_until_runtime_validation_and_archive_rebuild"
"lhz_fild01","true","true","true","true","true","hold_until_runtime_validation_and_archive_rebuild"
"lhz_fild02","true","true","true","true","true","hold_until_runtime_validation_and_archive_rebuild"
"lhz_fild03","true","true","true","true","true","hold_until_runtime_validation_and_archive_rebuild"
"lhz_in01","true","true","true","true","true","hold_until_runtime_validation_and_archive_rebuild"
"lhz_in02","true","true","true","true","true","hold_until_runtime_validation_and_archive_rebuild"
"lhz_in03","true","true","true","true","true","hold_until_runtime_validation_and_archive_rebuild"
"lhz_que01","true","true","true","true","true","hold_until_runtime_validation_and_archive_rebuild"
"lighthalzen","true","true","true","true","true","hold_until_runtime_validation_and_archive_rebuild"
"lou_dun01","true","true","true","true","true","hold_until_runtime_validation_and_archive_rebuild"
"lou_dun02","true","true","true","true","true","hold_until_runtime_validation_and_archive_rebuild"
"lou_dun03","true","true","true","true","true","hold_until_runtime_validation_and_archive_rebuild"
"lou_fild01","true","true","true","true","true","hold_until_runtime_validation_and_archive_rebuild"
"lou_in01","true","true","true","true","true","hold_until_runtime_validation_and_archive_rebuild"
"lou_in02","true","true","true","true","true","hold_until_runtime_validation_and_archive_rebuild"
"louyang","true","true","true","true","true","hold_until_runtime_validation_and_archive_rebuild"
"luna_sf1","true","true","true","true","true","hold_until_runtime_validation_and_archive_rebuild"
"luna_sf2","true","true","true","true","true","hold_until_runtime_validation_and_archive_rebuild"
"ma_dun01","true","true","true","true","true","hold_until_runtime_validation_and_archive_rebuild"
"ma_fild01","true","true","true","true","true","hold_until_runtime_validation_and_archive_rebuild"
"ma_fild02","true","true","true","true","true","hold_until_runtime_validation_and_archive_rebuild"
"ma_in01","true","true","true","true","true","hold_until_runtime_validation_and_archive_rebuild"
"ma_scene01","true","true","true","true","true","hold_until_runtime_validation_and_archive_rebuild"
"ma_zif01","true","true","true","true","true","hold_until_runtime_validation_and_archive_rebuild"
"ma_zif02","true","true","true","true","true","hold_until_runtime_validation_and_archive_rebuild"
"ma_zif03","true","true","true","true","true","hold_until_runtime_validation_and_archive_rebuild"
"ma_zif04","true","true","true","true","true","hold_until_runtime_validation_and_archive_rebuild"
"ma_zif05","true","true","true","true","true","hold_until_runtime_validation_and_archive_rebuild"
"ma_zif06","true","true","true","true","true","hold_until_runtime_validation_and_archive_rebuild"
"ma_zif07","true","true","true","true","true","hold_until_runtime_validation_and_archive_rebuild"
"ma_zif08","true","true","true","true","true","hold_until_runtime_validation_and_archive_rebuild"
"ma_zif09","true","true","true","true","true","hold_until_runtime_validation_and_archive_rebuild"
"mag_dun01","true","true","true","true","true","hold_until_runtime_validation_and_archive_rebuild"
"mag_dun02","true","true","true","true","true","hold_until_runtime_validation_and_archive_rebuild"
"mag_dun03","true","true","true","true","true","hold_until_runtime_validation_and_archive_rebuild"
"mal_dun01","true","true","true","true","true","hold_until_runtime_validation_and_archive_rebuild"
"mal_in01","true","true","true","true","true","hold_until_runtime_validation_and_archive_rebuild"
"mal_in02","true","true","true","true","true","hold_until_runtime_validation_and_archive_rebuild"
"malangdo","true","true","true","true","true","hold_until_runtime_validation_and_archive_rebuild"
"malaya","true","true","true","true","true","hold_until_runtime_validation_and_archive_rebuild"
"man_fild01","true","true","true","true","true","hold_until_runtime_validation_and_archive_rebuild"
"man_fild02","true","true","true","true","true","hold_until_runtime_validation_and_archive_rebuild"
"man_fild03","true","true","true","true","true","hold_until_runtime_validation_and_archive_rebuild"
"man_in01","true","true","true","true","true","hold_until_runtime_validation_and_archive_rebuild"
"manuk","true","true","true","true","true","hold_until_runtime_validation_and_archive_rebuild"
"mbase_in","true","true","true","true","true","hold_until_runtime_validation_and_archive_rebuild"
"memohall","true","true","true","true","true","hold_until_runtime_validation_and_archive_rebuild"
"mid_camp","true","true","true","true","true","hold_until_runtime_validation_and_archive_rebuild"
"mid_campin","true","true","true","true","true","hold_until_runtime_validation_and_archive_rebuild"
"mjo_dun01","true","true","true","true","true","hold_until_runtime_validation_and_archive_rebuild"
"mjo_dun02","true","true","true","true","true","hold_until_runtime_validation_and_archive_rebuild"
"mjo_dun03","true","true","true","true","true","hold_until_runtime_validation_and_archive_rebuild"
"mjo_wst01","true","true","true","true","true","hold_until_runtime_validation_and_archive_rebuild"
"mjolnir_01","true","true","true","true","true","hold_until_runtime_validation_and_archive_rebuild"
"mjolnir_02","true","true","true","true","true","hold_until_runtime_validation_and_archive_rebuild"
"mjolnir_03","true","true","true","true","true","hold_until_runtime_validation_and_archive_rebuild"
"mjolnir_04","true","true","true","true","true","hold_until_runtime_validation_and_archive_rebuild"
"mjolnir_04_1","false","true","true","true","false","hold_for_dependency_audit"
"mjolnir_05","true","true","true","true","true","hold_until_runtime_validation_and_archive_rebuild"
"mjolnir_06","true","true","true","true","true","hold_until_runtime_validation_and_archive_rebuild"
"mjolnir_07","true","true","true","true","true","hold_until_runtime_validation_and_archive_rebuild"
"mjolnir_08","true","true","true","true","true","hold_until_runtime_validation_and_archive_rebuild"
"mjolnir_09","true","true","true","true","true","hold_until_runtime_validation_and_archive_rebuild"
"mjolnir_10","true","true","true","true","true","hold_until_runtime_validation_and_archive_rebuild"
"mjolnir_11","true","true","true","true","true","hold_until_runtime_validation_and_archive_rebuild"
"mjolnir_12","true","true","true","true","true","hold_until_runtime_validation_and_archive_rebuild"
"moc_akhet","true","true","true","true","true","hold_until_runtime_validation_and_archive_rebuild"
"moc_castle","true","true","true","true","true","hold_until_runtime_validation_and_archive_rebuild"
"moc_fild01","true","true","true","true","true","hold_until_runtime_validation_and_archive_rebuild"
"moc_fild02","true","true","true","true","true","hold_until_runtime_validation_and_archive_rebuild"
"moc_fild03","true","true","true","true","true","hold_until_runtime_validation_and_archive_rebuild"
"moc_fild04","false","true","true","true","false","hold_for_dependency_audit"
"moc_fild05","false","true","true","true","false","hold_for_dependency_audit"
"moc_fild06","false","true","true","true","false","hold_for_dependency_audit"
"moc_fild07","true","true","true","true","true","hold_until_runtime_validation_and_archive_rebuild"
"moc_fild08","false","true","true","true","false","hold_for_dependency_audit"
"moc_fild09","false","true","true","true","false","hold_for_dependency_audit"
"moc_fild10","false","true","true","true","false","hold_for_dependency_audit"
"moc_fild11","true","true","true","true","true","hold_until_runtime_validation_and_archive_rebuild"
"moc_fild12","true","true","true","true","true","hold_until_runtime_validation_and_archive_rebuild"
"moc_fild13","true","true","true","true","true","hold_until_runtime_validation_and_archive_rebuild"
"moc_fild14","false","true","true","true","false","hold_for_dependency_audit"
"moc_fild15","false","true","true","true","false","hold_for_dependency_audit"
"moc_fild16","true","true","true","true","true","hold_until_runtime_validation_and_archive_rebuild"
"moc_fild17","true","true","true","true","true","hold_until_runtime_validation_and_archive_rebuild"
"moc_fild18","true","true","true","true","true","hold_until_runtime_validation_and_archive_rebuild"
"moc_fild19","true","true","true","true","true","hold_until_runtime_validation_and_archive_rebuild"
"moc_fild20","true","true","true","true","true","hold_until_runtime_validation_and_archive_rebuild"
"moc_fild21","true","true","true","true","true","hold_until_runtime_validation_and_archive_rebuild"
"moc_fild22","true","true","true","true","true","hold_until_runtime_validation_and_archive_rebuild"
"moc_fild22b","true","true","true","true","true","hold_until_runtime_validation_and_archive_rebuild"
"moc_para01","true","true","true","true","true","hold_until_runtime_validation_and_archive_rebuild"
"moc_pryd01","true","true","true","true","true","hold_until_runtime_validation_and_archive_rebuild"
"moc_pryd02","true","true","true","true","true","hold_until_runtime_validation_and_archive_rebuild"
"moc_pryd03","true","true","true","true","true","hold_until_runtime_validation_and_archive_rebuild"
"moc_pryd04","true","true","true","true","true","hold_until_runtime_validation_and_archive_rebuild"
"moc_pryd05","true","true","true","true","true","hold_until_runtime_validation_and_archive_rebuild"
"moc_pryd06","true","true","true","true","true","hold_until_runtime_validation_and_archive_rebuild"
"moc_prydb1","true","true","true","true","true","hold_until_runtime_validation_and_archive_rebuild"
"moc_prydn1","true","true","true","true","true","hold_until_runtime_validation_and_archive_rebuild"
"moc_prydn2","true","true","true","true","true","hold_until_runtime_validation_and_archive_rebuild"
"moc_ruins","true","true","true","true","true","hold_until_runtime_validation_and_archive_rebuild"
"monk_in","true","true","true","true","true","hold_until_runtime_validation_and_archive_rebuild"
"monk_test","true","true","true","true","true","hold_until_runtime_validation_and_archive_rebuild"
"mora","true","true","true","true","true","hold_until_runtime_validation_and_archive_rebuild"
"moro_cav","true","true","true","true","true","hold_until_runtime_validation_and_archive_rebuild"
"moro_vol","true","true","true","true","true","hold_until_runtime_validation_and_archive_rebuild"
"morocc","true","true","true","true","true","hold_until_runtime_validation_and_archive_rebuild"
"morocc_in","true","true","true","true","true","hold_until_runtime_validation_and_archive_rebuild"
"moscovia","true","true","true","true","true","hold_until_runtime_validation_and_archive_rebuild"
"mosk_dun01","true","true","true","true","true","hold_until_runtime_validation_and_archive_rebuild"
"mosk_dun02","true","true","true","true","true","hold_until_runtime_validation_and_archive_rebuild"
"mosk_dun03","true","true","true","true","true","hold_until_runtime_validation_and_archive_rebuild"
"mosk_fild01","true","true","true","true","true","hold_until_runtime_validation_and_archive_rebuild"
"mosk_fild02","true","true","true","true","true","hold_until_runtime_validation_and_archive_rebuild"
"mosk_in","true","true","true","true","true","hold_until_runtime_validation_and_archive_rebuild"
"mosk_que","true","true","true","true","true","hold_until_runtime_validation_and_archive_rebuild"
"mosk_ship","true","true","true","true","true","hold_until_runtime_validation_and_archive_rebuild"
"mu_dun01","false","true","true","true","false","hold_for_dependency_audit"
"mu_dun02","false","true","true","true","false","hold_for_dependency_audit"
"mu_fild01","true","true","true","true","true","hold_until_runtime_validation_and_archive_rebuild"
"mu_fild02","false","true","true","true","false","hold_for_dependency_audit"
"mu_fild03","false","true","true","true","false","hold_for_dependency_audit"
"n_castle","true","true","true","true","true","hold_until_runtime_validation_and_archive_rebuild"
"nakhyang","true","true","true","true","true","hold_until_runtime_validation_and_archive_rebuild"
"nameless_i","true","true","true","true","true","hold_until_runtime_validation_and_archive_rebuild"
"nameless_in","true","true","true","true","true","hold_until_runtime_validation_and_archive_rebuild"
"nameless_n","true","true","true","true","true","hold_until_runtime_validation_and_archive_rebuild"
"new_event","true","true","true","true","true","hold_until_runtime_validation_and_archive_rebuild"
"new_zone01","true","true","true","true","true","hold_until_runtime_validation_and_archive_rebuild"
"new_zone02","true","true","true","true","true","hold_until_runtime_validation_and_archive_rebuild"
"new_zone03","true","true","true","true","true","hold_until_runtime_validation_and_archive_rebuild"
"new_zone04","true","true","true","true","true","hold_until_runtime_validation_and_archive_rebuild"
"nif_dun01","true","true","true","true","true","hold_until_runtime_validation_and_archive_rebuild"
"nif_dun02","true","true","true","true","true","hold_until_runtime_validation_and_archive_rebuild"
"nif_fild01","true","true","true","true","true","hold_until_runtime_validation_and_archive_rebuild"
"nif_fild02","true","true","true","true","true","hold_until_runtime_validation_and_archive_rebuild"
"nif_fild03","true","true","true","true","true","hold_until_runtime_validation_and_archive_rebuild"
"nif_in","true","true","true","true","true","hold_until_runtime_validation_and_archive_rebuild"
"niflheim","true","true","true","true","true","hold_until_runtime_validation_and_archive_rebuild"
"niflxmas","true","true","true","true","true","hold_until_runtime_validation_and_archive_rebuild"
"nyd_dun01","true","true","true","true","true","hold_until_runtime_validation_and_archive_rebuild"
"nyd_dun02","true","true","true","true","true","hold_until_runtime_validation_and_archive_rebuild"
"odin_past","true","true","true","true","true","hold_until_runtime_validation_and_archive_rebuild"
"odin_tem01","true","true","true","true","true","hold_until_runtime_validation_and_archive_rebuild"
"odin_tem02","true","true","true","true","true","hold_until_runtime_validation_and_archive_rebuild"
"odin_tem03","true","true","true","true","true","hold_until_runtime_validation_and_archive_rebuild"
"orcsdun01","true","true","true","true","true","hold_until_runtime_validation_and_archive_rebuild"
"orcsdun02","true","true","true","true","true","hold_until_runtime_validation_and_archive_rebuild"
"ordeal_a00","true","true","true","true","true","hold_until_runtime_validation_and_archive_rebuild"
"ordeal_a02","true","true","true","true","true","hold_until_runtime_validation_and_archive_rebuild"
"oz_dun01","true","true","true","true","true","hold_until_runtime_validation_and_archive_rebuild"
"oz_dun02","true","true","true","true","true","hold_until_runtime_validation_and_archive_rebuild"
"p_track01","true","true","true","true","true","hold_until_runtime_validation_and_archive_rebuild"
"paramk","true","true","true","true","true","hold_until_runtime_validation_and_archive_rebuild"
"pay_arche","true","true","true","true","true","hold_until_runtime_validation_and_archive_rebuild"
"pay_d03_i","true","true","true","true","true","hold_until_runtime_validation_and_archive_rebuild"
"pay_dun00","true","true","true","true","true","hold_until_runtime_validation_and_archive_rebuild"
"pay_dun01","true","true","true","true","true","hold_until_runtime_validation_and_archive_rebuild"
"pay_dun02","true","true","true","true","true","hold_until_runtime_validation_and_archive_rebuild"
"pay_dun03","true","true","true","true","true","hold_until_runtime_validation_and_archive_rebuild"
"pay_dun04","true","true","true","true","true","hold_until_runtime_validation_and_archive_rebuild"
"pay_fild01","true","true","true","true","true","hold_until_runtime_validation_and_archive_rebuild"
"pay_fild02","true","true","true","true","true","hold_until_runtime_validation_and_archive_rebuild"
"pay_fild03","true","true","true","true","true","hold_until_runtime_validation_and_archive_rebuild"
"pay_fild04","true","true","true","true","true","hold_until_runtime_validation_and_archive_rebuild"
"pay_fild05","true","true","true","true","true","hold_until_runtime_validation_and_archive_rebuild"
"pay_fild06","true","true","true","true","true","hold_until_runtime_validation_and_archive_rebuild"
"pay_fild07","true","true","true","true","true","hold_until_runtime_validation_and_archive_rebuild"
"pay_fild08","true","true","true","true","true","hold_until_runtime_validation_and_archive_rebuild"
"pay_fild09","true","true","true","true","true","hold_until_runtime_validation_and_archive_rebuild"
"pay_fild10","true","true","true","true","true","hold_until_runtime_validation_and_archive_rebuild"
"pay_fild11","true","true","true","true","true","hold_until_runtime_validation_and_archive_rebuild"
"pay_gld","true","true","true","true","true","hold_until_runtime_validation_and_archive_rebuild"
"payg_cas01","true","true","true","true","true","hold_until_runtime_validation_and_archive_rebuild"
"payg_cas02","true","true","true","true","true","hold_until_runtime_validation_and_archive_rebuild"
"payg_cas03","true","true","true","true","true","hold_until_runtime_validation_and_archive_rebuild"
"payg_cas04","true","true","true","true","true","hold_until_runtime_validation_and_archive_rebuild"
"payg_cas05","true","true","true","true","true","hold_until_runtime_validation_and_archive_rebuild"
"payon","true","true","true","true","true","hold_until_runtime_validation_and_archive_rebuild"
"payon_in01","true","true","true","true","true","hold_until_runtime_validation_and_archive_rebuild"
"payon_in02","true","true","true","true","true","hold_until_runtime_validation_and_archive_rebuild"
"payon_in03","true","true","true","true","true","hold_until_runtime_validation_and_archive_rebuild"
"poring_w01","true","true","true","true","true","hold_until_runtime_validation_and_archive_rebuild"
"poring_w02","true","true","true","true","true","hold_until_runtime_validation_and_archive_rebuild"
"pprontera","true","true","true","true","true","hold_until_runtime_validation_and_archive_rebuild"
"prontera","true","true","true","true","true","hold_until_runtime_validation_and_archive_rebuild"
"prt_are_in","true","true","true","true","true","hold_until_runtime_validation_and_archive_rebuild"
"prt_are01","true","true","true","true","true","hold_until_runtime_validation_and_archive_rebuild"
"prt_cas","true","true","true","true","true","hold_until_runtime_validation_and_archive_rebuild"
"prt_cas_q","true","true","true","true","true","hold_until_runtime_validation_and_archive_rebuild"
"prt_castle","true","true","true","true","true","hold_until_runtime_validation_and_archive_rebuild"
"prt_church","true","true","true","true","true","hold_until_runtime_validation_and_archive_rebuild"
"prt_elib","true","true","true","true","true","hold_until_runtime_validation_and_archive_rebuild"
"prt_evt_in","true","true","true","true","true","hold_until_runtime_validation_and_archive_rebuild"
"prt_fild00","true","true","true","true","true","hold_until_runtime_validation_and_archive_rebuild"
"prt_fild01","true","true","true","true","true","hold_until_runtime_validation_and_archive_rebuild"
"prt_fild02","true","true","true","true","true","hold_until_runtime_validation_and_archive_rebuild"
"prt_fild03","true","true","true","true","true","hold_until_runtime_validation_and_archive_rebuild"
"prt_fild04","true","true","true","true","true","hold_until_runtime_validation_and_archive_rebuild"
"prt_fild05","true","true","true","true","true","hold_until_runtime_validation_and_archive_rebuild"
"prt_fild06","true","true","true","true","true","hold_until_runtime_validation_and_archive_rebuild"
"prt_fild07","true","true","true","true","true","hold_until_runtime_validation_and_archive_rebuild"
"prt_fild08","true","true","true","true","true","hold_until_runtime_validation_and_archive_rebuild"
"prt_fild08a","true","true","true","true","true","hold_until_runtime_validation_and_archive_rebuild"
"prt_fild08b","true","true","true","true","true","hold_until_runtime_validation_and_archive_rebuild"
"prt_fild08c","true","true","true","true","true","hold_until_runtime_validation_and_archive_rebuild"
"prt_fild08d","true","true","true","true","true","hold_until_runtime_validation_and_archive_rebuild"
"prt_fild09","true","true","true","true","true","hold_until_runtime_validation_and_archive_rebuild"
"prt_fild10","true","true","true","true","true","hold_until_runtime_validation_and_archive_rebuild"
"prt_fild11","true","true","true","true","true","hold_until_runtime_validation_and_archive_rebuild"
"prt_gld","true","true","true","true","true","hold_until_runtime_validation_and_archive_rebuild"
"prt_in","true","true","true","true","true","hold_until_runtime_validation_and_archive_rebuild"
"prt_lib","true","true","true","true","true","hold_until_runtime_validation_and_archive_rebuild"
"prt_lib_q","true","true","true","true","true","hold_until_runtime_validation_and_archive_rebuild"
"prt_maze01","true","true","true","true","true","hold_until_runtime_validation_and_archive_rebuild"
"prt_maze02","true","true","true","true","true","hold_until_runtime_validation_and_archive_rebuild"
"prt_maze03","true","true","true","true","true","hold_until_runtime_validation_and_archive_rebuild"
"prt_mk","true","true","true","true","true","hold_until_runtime_validation_and_archive_rebuild"
"prt_monk","true","true","true","true","true","hold_until_runtime_validation_and_archive_rebuild"
"prt_mz03_i","true","true","true","true","true","hold_until_runtime_validation_and_archive_rebuild"
"prt_pri00","true","true","true","true","true","hold_until_runtime_validation_and_archive_rebuild"
"prt_prison","true","true","true","true","true","hold_until_runtime_validation_and_archive_rebuild"
"prt_q","true","true","true","true","true","hold_until_runtime_validation_and_archive_rebuild"
"prt_sewb1","true","true","true","true","true","hold_until_runtime_validation_and_archive_rebuild"
"prt_sewb2","true","true","true","true","true","hold_until_runtime_validation_and_archive_rebuild"
"prt_sewb3","true","true","true","true","true","hold_until_runtime_validation_and_archive_rebuild"
"prt_sewb4","true","true","true","true","true","hold_until_runtime_validation_and_archive_rebuild"
"prtg_cas01","true","true","true","true","true","hold_until_runtime_validation_and_archive_rebuild"
"prtg_cas02","true","true","true","true","true","hold_until_runtime_validation_and_archive_rebuild"
"prtg_cas03","true","true","true","true","true","hold_until_runtime_validation_and_archive_rebuild"
"prtg_cas04","true","true","true","true","true","hold_until_runtime_validation_and_archive_rebuild"
"prtg_cas05","true","true","true","true","true","hold_until_runtime_validation_and_archive_rebuild"
"pub_cat","true","true","true","true","true","hold_until_runtime_validation_and_archive_rebuild"
"pvp_2vs2","true","true","true","true","true","hold_until_runtime_validation_and_archive_rebuild"
"pvp_room","true","true","true","true","true","hold_until_runtime_validation_and_archive_rebuild"
"pvp_y_1-2","true","true","true","true","true","hold_until_runtime_validation_and_archive_rebuild"
"pvp_y_2-2","true","true","true","true","true","hold_until_runtime_validation_and_archive_rebuild"
"pvp_y_3-2","true","true","true","true","true","hold_until_runtime_validation_and_archive_rebuild"
"pvp_y_4-2","true","true","true","true","true","hold_until_runtime_validation_and_archive_rebuild"
"pvp_y_5-2","true","true","true","true","true","hold_until_runtime_validation_and_archive_rebuild"
"pvp_y_6-2","true","true","true","true","true","hold_until_runtime_validation_and_archive_rebuild"
"pvp_y_7-2","true","true","true","true","true","hold_until_runtime_validation_and_archive_rebuild"
"pvp_y_8-2","true","true","true","true","true","hold_until_runtime_validation_and_archive_rebuild"
"que_avan01","true","true","true","true","true","hold_until_runtime_validation_and_archive_rebuild"
"que_ba","true","true","true","true","true","hold_until_runtime_validation_and_archive_rebuild"
"que_bingo","true","true","true","true","true","hold_until_runtime_validation_and_archive_rebuild"
"que_dan01","true","true","true","true","true","hold_until_runtime_validation_and_archive_rebuild"
"que_dan02","true","true","true","true","true","hold_until_runtime_validation_and_archive_rebuild"
"que_god01","true","true","true","true","true","hold_until_runtime_validation_and_archive_rebuild"
"que_god02","true","true","true","true","true","hold_until_runtime_validation_and_archive_rebuild"
"que_house_s","true","true","true","true","true","hold_until_runtime_validation_and_archive_rebuild"
"que_hugel","true","true","true","true","true","hold_until_runtime_validation_and_archive_rebuild"
"que_job01","true","true","true","true","true","hold_until_runtime_validation_and_archive_rebuild"
"que_job02","true","true","true","true","true","hold_until_runtime_validation_and_archive_rebuild"
"que_lhz","true","true","true","true","true","hold_until_runtime_validation_and_archive_rebuild"
"que_ng","true","true","true","true","true","hold_until_runtime_validation_and_archive_rebuild"
"que_qsch01","true","true","true","true","true","hold_until_runtime_validation_and_archive_rebuild"
"que_rachel","true","true","true","true","true","hold_until_runtime_validation_and_archive_rebuild"
"que_sign01","true","true","true","true","true","hold_until_runtime_validation_and_archive_rebuild"
"que_swat","true","true","true","true","true","hold_until_runtime_validation_and_archive_rebuild"
"que_thor","true","true","true","true","true","hold_until_runtime_validation_and_archive_rebuild"
"que_thr","true","true","true","true","true","hold_until_runtime_validation_and_archive_rebuild"
"quiz_00","true","true","true","true","true","hold_until_runtime_validation_and_archive_rebuild"
"quiz_01","true","true","true","true","true","hold_until_runtime_validation_and_archive_rebuild"
"quiz_02","true","true","true","true","true","hold_until_runtime_validation_and_archive_rebuild"
"ra_fild01","true","true","true","true","true","hold_until_runtime_validation_and_archive_rebuild"
"ra_fild02","true","true","true","true","true","hold_until_runtime_validation_and_archive_rebuild"
"ra_fild03","true","true","true","true","true","hold_until_runtime_validation_and_archive_rebuild"
"ra_fild04","true","true","true","true","true","hold_until_runtime_validation_and_archive_rebuild"
"ra_fild05","true","true","true","true","true","hold_until_runtime_validation_and_archive_rebuild"
"ra_fild06","true","true","true","true","true","hold_until_runtime_validation_and_archive_rebuild"
"ra_fild07","true","true","true","true","true","hold_until_runtime_validation_and_archive_rebuild"
"ra_fild08","true","true","true","true","true","hold_until_runtime_validation_and_archive_rebuild"
"ra_fild09","true","true","true","true","true","hold_until_runtime_validation_and_archive_rebuild"
"ra_fild10","true","true","true","true","true","hold_until_runtime_validation_and_archive_rebuild"
"ra_fild11","true","true","true","true","true","hold_until_runtime_validation_and_archive_rebuild"
"ra_fild12","true","true","true","true","true","hold_until_runtime_validation_and_archive_rebuild"
"ra_fild13","true","true","true","true","true","hold_until_runtime_validation_and_archive_rebuild"
"ra_in01","true","true","true","true","true","hold_until_runtime_validation_and_archive_rebuild"
"ra_pol01","true","true","true","true","true","hold_until_runtime_validation_and_archive_rebuild"
"ra_san01","true","true","true","true","true","hold_until_runtime_validation_and_archive_rebuild"
"ra_san02","true","true","true","true","true","hold_until_runtime_validation_and_archive_rebuild"
"ra_san03","true","true","true","true","true","hold_until_runtime_validation_and_archive_rebuild"
"ra_san04","true","true","true","true","true","hold_until_runtime_validation_and_archive_rebuild"
"ra_san05","true","true","true","true","true","hold_until_runtime_validation_and_archive_rebuild"
"ra_temin","true","true","true","true","true","hold_until_runtime_validation_and_archive_rebuild"
"ra_temple","true","true","true","true","true","hold_until_runtime_validation_and_archive_rebuild"
"ra_temsky","true","true","true","true","true","hold_until_runtime_validation_and_archive_rebuild"
"rachel","true","true","true","true","true","hold_until_runtime_validation_and_archive_rebuild"
"rag_fes","true","true","true","true","true","hold_until_runtime_validation_and_archive_rebuild"
"rag_fes_a","true","true","true","true","true","hold_until_runtime_validation_and_archive_rebuild"
"ragsruth","false","true","true","true","false","hold_for_dependency_audit"
"rebel_in","true","true","true","true","true","hold_until_runtime_validation_and_archive_rebuild"
"rgs_dun1","false","true","true","true","false","hold_for_dependency_audit"
"rgsr_in","true","true","true","true","true","hold_until_runtime_validation_and_archive_rebuild"
"rockmi1","true","true","true","true","true","hold_until_runtime_validation_and_archive_rebuild"
"rockmi2","true","true","true","true","true","hold_until_runtime_validation_and_archive_rebuild"
"rockrdg1","true","true","true","true","true","hold_until_runtime_validation_and_archive_rebuild"
"rockrdg2","true","true","true","true","true","hold_until_runtime_validation_and_archive_rebuild"
"s_atelier","true","true","true","true","true","hold_until_runtime_validation_and_archive_rebuild"
"sch_gld","true","true","true","true","true","hold_until_runtime_validation_and_archive_rebuild"
"schg_cas01","true","true","true","true","true","hold_until_runtime_validation_and_archive_rebuild"
"schg_cas02","true","true","true","true","true","hold_until_runtime_validation_and_archive_rebuild"
"schg_cas03","true","true","true","true","true","hold_until_runtime_validation_and_archive_rebuild"
"schg_dun01","true","true","true","true","true","hold_until_runtime_validation_and_archive_rebuild"
"sec_in01","true","true","true","true","true","hold_until_runtime_validation_and_archive_rebuild"
"sec_in02","true","true","true","true","true","hold_until_runtime_validation_and_archive_rebuild"
"sec_pri","true","true","true","true","true","hold_until_runtime_validation_and_archive_rebuild"
"siege_test","false","true","true","true","false","hold_for_dependency_audit"
"silk_lair","true","true","true","true","true","hold_until_runtime_validation_and_archive_rebuild"
"slabw01","true","true","true","true","true","hold_until_runtime_validation_and_archive_rebuild"
"sp_cor","true","true","true","true","true","hold_until_runtime_validation_and_archive_rebuild"
"sp_os","true","true","true","true","true","hold_until_runtime_validation_and_archive_rebuild"
"sp_rudus","true","true","true","true","true","hold_until_runtime_validation_and_archive_rebuild"
"sp_rudus2","true","true","true","true","true","hold_until_runtime_validation_and_archive_rebuild"
"sp_rudus3","true","true","true","true","true","hold_until_runtime_validation_and_archive_rebuild"
"sp_rudus4","true","true","true","true","true","hold_until_runtime_validation_and_archive_rebuild"
"spl_fild01","true","true","true","true","true","hold_until_runtime_validation_and_archive_rebuild"
"spl_fild02","true","true","true","true","true","hold_until_runtime_validation_and_archive_rebuild"
"spl_fild03","true","true","true","true","true","hold_until_runtime_validation_and_archive_rebuild"
"spl_in01","true","true","true","true","true","hold_until_runtime_validation_and_archive_rebuild"
"spl_in02","true","true","true","true","true","hold_until_runtime_validation_and_archive_rebuild"
"splendide","true","true","true","true","true","hold_until_runtime_validation_and_archive_rebuild"
"star_frst","true","true","true","true","true","hold_until_runtime_validation_and_archive_rebuild"
"star_in","true","true","true","true","true","hold_until_runtime_validation_and_archive_rebuild"
"starhall","false","true","true","true","false","hold_for_dependency_audit"
"t_garden","true","true","true","true","true","hold_until_runtime_validation_and_archive_rebuild"
"te_alde_gld","true","true","true","true","true","hold_until_runtime_validation_and_archive_rebuild"
"te_aldecas1","true","true","true","true","true","hold_until_runtime_validation_and_archive_rebuild"
"te_aldecas2","true","true","true","true","true","hold_until_runtime_validation_and_archive_rebuild"
"te_aldecas3","true","true","true","true","true","hold_until_runtime_validation_and_archive_rebuild"
"te_aldecas4","true","true","true","true","true","hold_until_runtime_validation_and_archive_rebuild"
"te_aldecas5","true","true","true","true","true","hold_until_runtime_validation_and_archive_rebuild"
"te_prt_gld","true","true","true","true","true","hold_until_runtime_validation_and_archive_rebuild"
"te_prtcas01","true","true","true","true","true","hold_until_runtime_validation_and_archive_rebuild"
"te_prtcas02","true","true","true","true","true","hold_until_runtime_validation_and_archive_rebuild"
"te_prtcas03","true","true","true","true","true","hold_until_runtime_validation_and_archive_rebuild"
"te_prtcas04","true","true","true","true","true","hold_until_runtime_validation_and_archive_rebuild"
"te_prtcas05","true","true","true","true","true","hold_until_runtime_validation_and_archive_rebuild"
"teg_dun01","true","true","true","true","true","hold_until_runtime_validation_and_archive_rebuild"
"teg_dun02","true","true","true","true","true","hold_until_runtime_validation_and_archive_rebuild"
"tha_scene01","true","true","true","true","true","hold_until_runtime_validation_and_archive_rebuild"
"tha_t01","true","true","true","true","true","hold_until_runtime_validation_and_archive_rebuild"
"tha_t02","true","true","true","true","true","hold_until_runtime_validation_and_archive_rebuild"
"tha_t03","true","true","true","true","true","hold_until_runtime_validation_and_archive_rebuild"
"tha_t04","true","true","true","true","true","hold_until_runtime_validation_and_archive_rebuild"
"tha_t05","true","true","true","true","true","hold_until_runtime_validation_and_archive_rebuild"
"tha_t06","true","true","true","true","true","hold_until_runtime_validation_and_archive_rebuild"
"tha_t07","true","true","true","true","true","hold_until_runtime_validation_and_archive_rebuild"
"tha_t08","true","true","true","true","true","hold_until_runtime_validation_and_archive_rebuild"
"tha_t09","true","true","true","true","true","hold_until_runtime_validation_and_archive_rebuild"
"tha_t10","true","true","true","true","true","hold_until_runtime_validation_and_archive_rebuild"
"tha_t11","true","true","true","true","true","hold_until_runtime_validation_and_archive_rebuild"
"tha_t12","true","true","true","true","true","hold_until_runtime_validation_and_archive_rebuild"
"thana_boss","true","true","true","true","true","hold_until_runtime_validation_and_archive_rebuild"
"thana_step","true","true","true","true","true","hold_until_runtime_validation_and_archive_rebuild"
"thor_camp","true","true","true","true","true","hold_until_runtime_validation_and_archive_rebuild"
"thor_v01","true","true","true","true","true","hold_until_runtime_validation_and_archive_rebuild"
"thor_v02","true","true","true","true","true","hold_until_runtime_validation_and_archive_rebuild"
"thor_v03","true","true","true","true","true","hold_until_runtime_validation_and_archive_rebuild"
"tra_fild","true","true","true","true","true","hold_until_runtime_validation_and_archive_rebuild"
"tra_fild01","true","true","false","true","true","hold_until_runtime_validation_and_archive_rebuild"
"tra_fild02","true","true","true","true","true","hold_until_runtime_validation_and_archive_rebuild"
"tra_fild03","true","true","false","true","true","hold_until_runtime_validation_and_archive_rebuild"
"treasure_n1","true","true","true","true","true","hold_until_runtime_validation_and_archive_rebuild"
"treasure_n2","true","true","true","true","true","hold_until_runtime_validation_and_archive_rebuild"
"treasure01","true","true","true","true","true","hold_until_runtime_validation_and_archive_rebuild"
"treasure02","true","true","true","true","true","hold_until_runtime_validation_and_archive_rebuild"
"tur_d03_i","true","true","true","true","true","hold_until_runtime_validation_and_archive_rebuild"
"tur_d04_i","true","true","true","true","true","hold_until_runtime_validation_and_archive_rebuild"
"tur_d04ia","true","true","true","true","true","hold_until_runtime_validation_and_archive_rebuild"
"tur_d04ib","true","true","true","true","true","hold_until_runtime_validation_and_archive_rebuild"
"tur_dun01","true","true","true","true","true","hold_until_runtime_validation_and_archive_rebuild"
"tur_dun02","true","true","true","true","true","hold_until_runtime_validation_and_archive_rebuild"
"tur_dun03","true","true","true","true","true","hold_until_runtime_validation_and_archive_rebuild"
"tur_dun04","true","true","true","true","true","hold_until_runtime_validation_and_archive_rebuild"
"tur_dun05","true","true","true","true","true","hold_until_runtime_validation_and_archive_rebuild"
"tur_dun06","true","true","true","true","true","hold_until_runtime_validation_and_archive_rebuild"
"turbo_room","true","true","true","true","true","hold_until_runtime_validation_and_archive_rebuild"
"uknw_ruin","true","true","true","true","true","hold_until_runtime_validation_and_archive_rebuild"
"uknw_ruin2","true","true","true","true","true","hold_until_runtime_validation_and_archive_rebuild"
"um_dun01","true","true","true","true","true","hold_until_runtime_validation_and_archive_rebuild"
"um_dun02","true","true","true","true","true","hold_until_runtime_validation_and_archive_rebuild"
"um_fild01","true","true","true","true","true","hold_until_runtime_validation_and_archive_rebuild"
"um_fild02","true","true","true","true","true","hold_until_runtime_validation_and_archive_rebuild"
"um_fild03","true","true","true","true","true","hold_until_runtime_validation_and_archive_rebuild"
"um_fild04","true","true","true","true","true","hold_until_runtime_validation_and_archive_rebuild"
"um_in","true","true","true","true","true","hold_until_runtime_validation_and_archive_rebuild"
"umbala","true","true","true","true","true","hold_until_runtime_validation_and_archive_rebuild"
"un_bk_q","true","true","true","true","true","hold_until_runtime_validation_and_archive_rebuild"
"un_bunker","true","true","true","true","true","hold_until_runtime_validation_and_archive_rebuild"
"un_myst","true","true","true","true","true","hold_until_runtime_validation_and_archive_rebuild"
"valkyrie","true","true","true","true","true","hold_until_runtime_validation_and_archive_rebuild"
"ve_fild01","true","true","true","true","true","hold_until_runtime_validation_and_archive_rebuild"
"ve_fild02","true","true","true","true","true","hold_until_runtime_validation_and_archive_rebuild"
"ve_fild03","true","true","true","true","true","hold_until_runtime_validation_and_archive_rebuild"
"ve_fild04","true","true","true","true","true","hold_until_runtime_validation_and_archive_rebuild"
"ve_fild05","true","true","true","true","true","hold_until_runtime_validation_and_archive_rebuild"
"ve_fild06","true","true","true","true","true","hold_until_runtime_validation_and_archive_rebuild"
"ve_fild07","true","true","true","true","true","hold_until_runtime_validation_and_archive_rebuild"
"ve_in","true","true","true","true","true","hold_until_runtime_validation_and_archive_rebuild"
"ve_in02","true","true","true","true","true","hold_until_runtime_validation_and_archive_rebuild"
"veins","true","true","true","true","true","hold_until_runtime_validation_and_archive_rebuild"
"veledor","false","true","true","true","false","hold_for_dependency_audit"
"ver_eju","true","true","true","true","true","hold_until_runtime_validation_and_archive_rebuild"
"ver_tunn","true","true","true","true","true","hold_until_runtime_validation_and_archive_rebuild"
"verus01","true","true","true","true","true","hold_until_runtime_validation_and_archive_rebuild"
"verus02","true","true","true","true","true","hold_until_runtime_validation_and_archive_rebuild"
"verus02_a","true","true","true","true","true","hold_until_runtime_validation_and_archive_rebuild"
"verus02_b","true","true","true","true","true","hold_until_runtime_validation_and_archive_rebuild"
"verus03","true","true","true","true","true","hold_until_runtime_validation_and_archive_rebuild"
"verus04","true","true","true","true","true","hold_until_runtime_validation_and_archive_rebuild"
"vis_h01","true","true","true","true","true","hold_until_runtime_validation_and_archive_rebuild"
"vis_h02","true","true","true","true","true","hold_until_runtime_validation_and_archive_rebuild"
"vis_h03","true","true","true","true","true","hold_until_runtime_validation_and_archive_rebuild"
"vis_h04","true","true","true","true","true","hold_until_runtime_validation_and_archive_rebuild"
"vr_bob","true","true","true","true","true","hold_until_runtime_validation_and_archive_rebuild"
"vr_cas","true","true","false","true","true","hold_until_runtime_validation_and_archive_rebuild"
"vr_clo1","true","true","false","true","true","hold_until_runtime_validation_and_archive_rebuild"
"vr_clo2","true","true","false","true","true","hold_until_runtime_validation_and_archive_rebuild"
"vr_gen","true","true","false","true","true","hold_until_runtime_validation_and_archive_rebuild"
"vr_po","true","true","false","true","true","hold_until_runtime_validation_and_archive_rebuild"
"vr_pop1","true","true","false","true","true","hold_until_runtime_validation_and_archive_rebuild"
"vr_pop2","true","true","false","true","true","hold_until_runtime_validation_and_archive_rebuild"
"vr_pop3","true","true","false","true","true","hold_until_runtime_validation_and_archive_rebuild"
"wolfvill","true","true","true","true","true","hold_until_runtime_validation_and_archive_rebuild"
"x_lhz","true","true","true","true","true","hold_until_runtime_validation_and_archive_rebuild"
"x_prt","true","true","true","true","true","hold_until_runtime_validation_and_archive_rebuild"
"x_prt_evt","false","true","true","true","false","hold_for_dependency_audit"
"x_prt_in","false","true","true","true","false","hold_for_dependency_audit"
"x_ra","true","true","true","true","true","hold_until_runtime_validation_and_archive_rebuild"
"xmas","true","true","true","true","true","hold_until_runtime_validation_and_archive_rebuild"
"xmas_dun01","true","true","true","true","true","hold_until_runtime_validation_and_archive_rebuild"
"xmas_dun02","true","true","true","true","true","hold_until_runtime_validation_and_archive_rebuild"
"xmas_fild01","true","true","true","true","true","hold_until_runtime_validation_and_archive_rebuild"
"xmas_in","true","true","true","true","true","hold_until_runtime_validation_and_archive_rebuild"
"ygg_edge","true","true","true","true","true","hold_until_runtime_validation_and_archive_rebuild"
"ygg_fruit","true","true","true","true","true","hold_until_runtime_validation_and_archive_rebuild"
"ygg_roots","true","true","true","true","true","hold_until_runtime_validation_and_archive_rebuild"
"yggdrasil01","true","true","true","true","true","hold_until_runtime_validation_and_archive_rebuild"
"yuno","true","true","true","true","true","hold_until_runtime_validation_and_archive_rebuild"
"yuno_fild01","true","true","true","true","true","hold_until_runtime_validation_and_archive_rebuild"
"yuno_fild02","true","true","true","true","true","hold_until_runtime_validation_and_archive_rebuild"
"yuno_fild03","true","true","true","true","true","hold_until_runtime_validation_and_archive_rebuild"
"yuno_fild04","true","true","true","true","true","hold_until_runtime_validation_and_archive_rebuild"
"yuno_fild05","true","true","true","true","true","hold_until_runtime_validation_and_archive_rebuild"
"yuno_fild06","true","true","true","true","true","hold_until_runtime_validation_and_archive_rebuild"
"yuno_fild07","true","true","true","true","true","hold_until_runtime_validation_and_archive_rebuild"
"yuno_fild08","true","true","true","true","true","hold_until_runtime_validation_and_archive_rebuild"
"yuno_fild09","true","true","true","true","true","hold_until_runtime_validation_and_archive_rebuild"
"yuno_fild10","true","true","true","true","true","hold_until_runtime_validation_and_archive_rebuild"
"yuno_fild11","true","true","true","true","true","hold_until_runtime_validation_and_archive_rebuild"
"yuno_fild12","true","true","true","true","true","hold_until_runtime_validation_and_archive_rebuild"
"yuno_in01","true","true","true","true","true","hold_until_runtime_validation_and_archive_rebuild"
"yuno_in02","true","true","true","true","true","hold_until_runtime_validation_and_archive_rebuild"
"yuno_in03","true","true","true","true","true","hold_until_runtime_validation_and_archive_rebuild"
"yuno_in04","true","true","true","true","true","hold_until_runtime_validation_and_archive_rebuild"
"yuno_in05","true","true","true","true","true","hold_until_runtime_validation_and_archive_rebuild"
"yuno_pre","true","true","true","true","true","hold_until_runtime_validation_and_archive_rebuild"
