"map_id","rsw","gnd","gat","gnd_width","gnd_height","gat_width","gat_height","ground_texture_count","object_references","load_status","compatibility","source_bytes","classification"
"06guild_r","data/06guild_r.rsw","data/06guild_r.gnd","data/06guild_r.gat","100","100","200","200","4","not_yet_parsed","not_yet_tested","not_yet_tested","1324434","unclassified"
"1@20cn1","data/1@20cn1.rsw","data/1@20cn1.gnd","data/1@20cn1.gat","150","130","300","260","13","not_yet_parsed","not_yet_tested","not_yet_tested","4040614","unclassified"
"1@20cn2","data/1@20cn2.rsw","data/1@20cn2.gnd","data/1@20cn2.gat","150","150","300","300","20","not_yet_parsed","not_yet_tested","not_yet_tested","4896838","unclassified"
"1@4cdn","data/1@4cdn.rsw","data/1@4cdn.gnd","data/1@4cdn.gat","100","100","200","200","4","not_yet_parsed","not_yet_tested","not_yet_tested","2920991","unclassified"
"1@4drk","data/1@4drk.rsw","data/1@4drk.gnd","data/1@4drk.gat","150","150","300","300","10","not_yet_parsed","not_yet_tested","not_yet_tested","6570107","unclassified"
"1@4igd","data/1@4igd.rsw","data/1@4igd.gnd","data/1@4igd.gat","50","50","100","100","8","not_yet_parsed","not_yet_tested","not_yet_tested","727775","unclassified"
"1@4inq","data/1@4inq.rsw","data/1@4inq.gnd","data/1@4inq.gat","80","80","160","160","9","not_yet_parsed","not_yet_tested","not_yet_tested","1699123","unclassified"
"1@4mag","data/1@4mag.rsw","data/1@4mag.gnd","data/1@4mag.gat","120","120","240","240","1","not_yet_parsed","not_yet_tested","not_yet_tested","3654971","unclassified"
"1@4mst","data/1@4mst.rsw","data/1@4mst.gnd","data/1@4mst.gat","150","150","300","300","12","not_yet_parsed","not_yet_tested","not_yet_tested","9829235","unclassified"
"1@4sac","data/1@4sac.rsw","data/1@4sac.gnd","data/1@4sac.gat","80","50","160","100","24","not_yet_parsed","not_yet_tested","not_yet_tested","1316779","unclassified"
"1@4tro","data/1@4tro.rsw","data/1@4tro.gnd","data/1@4tro.gat","50","50","100","100","4","not_yet_parsed","not_yet_tested","not_yet_tested","873603","unclassified"
"1@4win","data/1@4win.rsw","data/1@4win.gnd","data/1@4win.gat","188","120","376","240","22","not_yet_parsed","not_yet_tested","not_yet_tested","6507835","unclassified"
"1@adv","data/1@adv.rsw","data/1@adv.gnd","data/1@adv.gat","120","190","240","380","17","not_yet_parsed","not_yet_tested","not_yet_tested","6234195","unclassified"
"1@advs","data/1@advs.rsw","data/1@advs.gnd","data/1@advs.gat","120","190","240","380","17","not_yet_parsed","not_yet_tested","not_yet_tested","6234195","unclassified"
"1@air1","data/1@air1.rsw","data/1@air1.gnd","data/1@air1.gat","150","150","300","300","7","not_yet_parsed","not_yet_tested","not_yet_tested","3506059","unclassified"
"1@air2","data/1@air2.rsw","data/1@air2.gnd","data/1@air2.gat","150","150","300","300","7","not_yet_parsed","not_yet_tested","not_yet_tested","3505819","unclassified"
"1@alta","data/1@alta.rsw","data/1@alta.gnd","data/1@alta.gat","120","120","240","240","4","not_yet_parsed","not_yet_tested","not_yet_tested","4790160","unclassified"
"1@ba_go","data/1@ba_go.rsw","data/1@ba_go.gnd","data/1@ba_go.gat","200","50","400","100","5","not_yet_parsed","not_yet_tested","not_yet_tested","2523543","unclassified"
"1@bamn","data/1@bamn.rsw","data/1@bamn.gnd","data/1@bamn.gat","200","200","400","400","18","not_yet_parsed","not_yet_tested","not_yet_tested","11290315","unclassified"
"1@bamq","data/1@bamq.rsw","data/1@bamq.gnd","data/1@bamq.gat","80","40","160","80","9","not_yet_parsed","not_yet_tested","not_yet_tested","673707","unclassified"
"1@begi","data/1@begi.rsw","data/1@begi.gnd","data/1@begi.gat","120","120","240","240","31","not_yet_parsed","not_yet_tested","not_yet_tested","3131746","unclassified"
"1@cash","data/1@cash.rsw","data/1@cash.gnd","data/1@cash.gat","200","120","400","240","7","not_yet_parsed","not_yet_tested","not_yet_tested","5565258","unclassified"
"1@cata","data/1@cata.rsw","data/1@cata.gnd","data/1@cata.gat","150","120","300","240","7","not_yet_parsed","not_yet_tested","not_yet_tested","7086214","unclassified"
"1@ch_t","data/1@ch_t.rsw","data/1@ch_t.gnd","data/1@ch_t.gat","200","200","400","400","9","not_yet_parsed","not_yet_tested","not_yet_tested","11985315","unclassified"
"1@ch_u","data/1@ch_u.rsw","data/1@ch_u.gnd","data/1@ch_u.gat","200","40","400","80","10","not_yet_parsed","not_yet_tested","not_yet_tested","2449659","unclassified"
"1@ch1a","data/1@ch1a.rsw","data/1@ch1a.gnd","data/1@ch1a.gat","200","200","400","400","6","not_yet_parsed","not_yet_tested","not_yet_tested","5658350","unclassified"
"1@ch1b","data/1@ch1b.rsw","data/1@ch1a.gnd","data/1@ch1a.gat","200","200","400","400","6","not_yet_parsed","not_yet_tested","not_yet_tested","5658350","unclassified"
"1@ch2a","data/1@ch2a.rsw","data/1@ch2a.gnd","data/1@ch2a.gat","140","100","280","200","5","not_yet_parsed","not_yet_tested","not_yet_tested","1984469","unclassified"
"1@ch2b","data/1@ch2b.rsw","data/1@alta.gnd","data/1@alta.gat","120","120","240","240","4","not_yet_parsed","not_yet_tested","not_yet_tested","4790160","unclassified"
"1@cor","data/1@cor.rsw","data/1@cor.gnd","data/1@cor.gat","150","160","300","320","15","not_yet_parsed","not_yet_tested","not_yet_tested","6479082","unclassified"
"1@crd","data/1@crd.rsw","data/1@crd.gnd","data/1@crd.gat","180","190","360","380","13","not_yet_parsed","not_yet_tested","not_yet_tested","7937946","unclassified"
"1@def01","data/1@def01.rsw","data/1@def01.gnd","data/1@def01.gat","50","50","100","100","8","not_yet_parsed","not_yet_tested","not_yet_tested","834170","unclassified"
"1@def02","data/1@def02.rsw","data/1@def02.gnd","data/1@def02.gat","40","48","80","96","3","not_yet_parsed","not_yet_tested","not_yet_tested","514282","unclassified"
"1@def03","data/1@def03.rsw","data/1@def03.gnd","data/1@def03.gat","80","80","160","160","8","not_yet_parsed","not_yet_tested","not_yet_tested","1334642","unclassified"
"1@dime","data/1@dime.rsw","data/1@dime.gnd","data/1@dime.gat","70","70","140","140","5","not_yet_parsed","not_yet_tested","not_yet_tested","803239","unclassified"
"1@drdo","data/1@drdo.rsw","data/1@drdo.gnd","data/1@drdo.gat","130","130","260","260","7","not_yet_parsed","not_yet_tested","not_yet_tested","5184374","unclassified"
"1@dth1","data/1@dth1.rsw","data/1@dth1.gnd","data/1@dth1.gat","170","110","340","220","5","not_yet_parsed","not_yet_tested","not_yet_tested","3784090","unclassified"
"1@dth2","data/1@dth2.rsw","data/1@dth2.gnd","data/1@dth2.gat","170","110","340","220","5","not_yet_parsed","not_yet_tested","not_yet_tested","3784090","unclassified"
"1@dth3","data/1@dth3.rsw","data/1@dth3.gnd","data/1@dth3.gat","74","70","148","140","6","not_yet_parsed","not_yet_tested","not_yet_tested","1111038","unclassified"
"1@ecl","data/1@ecl.rsw","data/1@ecl.gnd","data/1@ecl.gat","100","60","200","120","5","not_yet_parsed","not_yet_tested","not_yet_tested","1186238","unclassified"
"1@eom","data/1@eom.rsw","data/1@eom.gnd","data/1@eom.gat","100","120","200","240","2","not_yet_parsed","not_yet_tested","not_yet_tested","1868810","unclassified"
"1@ep21a","data/1@ep21a.rsw","data/1@ep21a.gnd","data/1@ep21a.gat","150","150","300","300","15","not_yet_parsed","not_yet_tested","not_yet_tested","4666536","unclassified"
"1@ep21b","data/1@ep21b.rsw","data/1@ep21b.gnd","data/1@ep21b.gat","100","100","200","200","5","not_yet_parsed","not_yet_tested","not_yet_tested","1535504","unclassified"
"1@ep21c","data/1@ep21c.rsw","data/1@ep21b.gnd","data/1@ep21b.gat","100","100","200","200","5","not_yet_parsed","not_yet_tested","not_yet_tested","1535504","unclassified"
"1@exds","data/1@exds.rsw","data/1@exds.gnd","data/1@exds.gat","100","120","200","240","8","not_yet_parsed","not_yet_tested","not_yet_tested","1647415","unclassified"
"1@exhn","data/1@exhn.rsw","data/1@exhn.gnd","data/1@exhn.gat","104","82","208","164","25","not_yet_parsed","not_yet_tested","not_yet_tested","3674615","unclassified"
"1@exnw","data/1@exnw.rsw","data/1@exnw.gnd","data/1@exnw.gat","70","70","140","140","20","not_yet_parsed","not_yet_tested","not_yet_tested","1344483","unclassified"
"1@exse","data/1@exse.rsw","data/1@exse.gnd","data/1@exse.gat","42","47","84","94","14","not_yet_parsed","not_yet_tested","not_yet_tested","677283","unclassified"
"1@exsh","data/1@exsh.rsw","data/1@exsh.gnd","data/1@exsh.gat","100","100","200","200","12","not_yet_parsed","not_yet_tested","not_yet_tested","2319455","unclassified"
"1@exsr","data/1@exsr.rsw","data/1@exsr.gnd","data/1@exsr.gat","38","38","76","76","2","not_yet_parsed","not_yet_tested","not_yet_tested","283691","unclassified"
"1@f_lake","data/1@f_lake.rsw","data/1@f_lake.gnd","data/1@f_lake.gat","102","102","204","204","16","not_yet_parsed","not_yet_tested","not_yet_tested","4177863","unclassified"
"1@face","data/1@face.rsw","data/1@face.gnd","data/1@face.gat","200","200","400","400","20","not_yet_parsed","not_yet_tested","not_yet_tested","10750158","unclassified"
"1@ffp","data/1@ffp.rsw","data/1@ffp.gnd","data/1@ffp.gat","150","150","300","300","5","not_yet_parsed","not_yet_tested","not_yet_tested","6681070","unclassified"
"1@gat","data/1@gat.rsw","data/in_sphinx4.gnd","data/in_sphinx4.gat","120","120","240","240","6","not_yet_parsed","not_yet_tested","not_yet_tested","7664394","unclassified"
"1@ge_sn","data/1@ge_sn.rsw","data/1@ge_sn.gnd","data/1@ge_sn.gat","100","120","200","240","18","not_yet_parsed","not_yet_tested","not_yet_tested","2929015","unclassified"
"1@ge_st","data/1@ge_st.rsw","data/1@ge_st.gnd","data/1@ge_st.gat","100","120","200","240","16","not_yet_parsed","not_yet_tested","not_yet_tested","2806038","unclassified"
"1@gef_in","data/1@gef_in.rsw","data/1@gef_in.gnd","data/1@gef_in.gat","100","100","200","200","13","not_yet_parsed","not_yet_tested","not_yet_tested","1943666","unclassified"
"1@gef","data/1@gef.rsw","data/1@gef.gnd","data/1@gef.gat","120","120","240","240","10","not_yet_parsed","not_yet_tested","not_yet_tested","3110626","unclassified"
"1@ghg","data/1@ghg.rsw","data/1@ghg.gnd","data/1@ghg.gat","200","180","400","360","23","not_yet_parsed","not_yet_tested","not_yet_tested","8362343","unclassified"
"1@gl_he","data/1@gl_he.rsw","data/1@gl_he.gnd","data/1@gl_he.gat","150","150","300","300","62","not_yet_parsed","not_yet_tested","not_yet_tested","9342394","unclassified"
"1@gl_he2","data/1@gl_he2.rsw","data/1@gl_he2.gnd","data/1@gl_he2.gat","150","150","300","300","62","not_yet_parsed","not_yet_tested","not_yet_tested","9342395","unclassified"
"1@gl_k","data/1@gl_k.rsw","data/1@gl_k.gnd","data/1@gl_k.gat","150","150","300","300","61","not_yet_parsed","not_yet_tested","not_yet_tested","10457270","unclassified"
"1@gl_k2","data/1@gl_k2.rsw","data/1@gl_k2.gnd","data/1@gl_k2.gat","150","150","300","300","61","not_yet_parsed","not_yet_tested","not_yet_tested","10457270","unclassified"
"1@gl_kh","data/1@gl_kh.rsw","data/1@gl_kh.gnd","data/1@gl_kh.gat","150","150","300","300","61","not_yet_parsed","not_yet_tested","not_yet_tested","10457270","unclassified"
"1@gl_prq","data/1@gl_prq.rsw","data/1@gl_prq.gnd","data/1@gl_prq.gat","160","160","320","320","28","not_yet_parsed","not_yet_tested","not_yet_tested","8082206","unclassified"
"1@glast","data/1@glast.rsw","data/1@glast.gnd","data/1@glast.gat","200","200","400","400","27","not_yet_parsed","not_yet_tested","not_yet_tested","9133146","unclassified"
"1@gol1","data/1@gol1.rsw","data/1@gol1.gnd","data/1@gol1.gat","110","180","220","360","49","not_yet_parsed","not_yet_tested","not_yet_tested","7379770","unclassified"
"1@gol2","data/1@gol2.rsw","data/1@gol2.gnd","data/1@gol2.gat","50","50","100","100","11","not_yet_parsed","not_yet_tested","not_yet_tested","705210","unclassified"
"1@halo","data/1@halo.rsw","data/1@halo.gnd","data/1@halo.gat","52","84","104","168","10","not_yet_parsed","not_yet_tested","not_yet_tested","1104606","unclassified"
"1@herbs","data/1@herbs.rsw","data/1@herbs.gnd","data/1@herbs.gat","180","170","360","340","34","not_yet_parsed","not_yet_tested","not_yet_tested","7563279","unclassified"
"1@hgd1","data/1@hgd1.rsw","data/1@hgd1.gnd","data/1@hgd1.gat","110","110","220","220","14","not_yet_parsed","not_yet_tested","not_yet_tested","4365866","unclassified"
"1@infi","data/1@infi.rsw","data/1@infi.gnd","data/1@infi.gat","200","200","400","400","2","not_yet_parsed","not_yet_tested","not_yet_tested","6441538","unclassified"
"1@iwp","data/1@iwp.rsw","data/1@iwp.gnd","data/1@iwp.gat","200","200","400","400","22","not_yet_parsed","not_yet_tested","not_yet_tested","8824942","unclassified"
"1@jorchs","data/1@jorchs.rsw","data/1@jorchs.gnd","data/1@jorchs.gat","150","150","300","300","27","not_yet_parsed","not_yet_tested","not_yet_tested","6996173","unclassified"
"1@jorlab","data/1@jorlab.rsw","data/1@jorlab.gnd","data/1@jorlab.gat","60","60","120","120","7","not_yet_parsed","not_yet_tested","not_yet_tested","710222","unclassified"
"1@jtb","data/1@jtb.rsw","data/1@jtb.gnd","data/1@jtb.gat","200","200","400","400","4","not_yet_parsed","not_yet_tested","not_yet_tested","10067802","unclassified"
"1@krns","data/1@krns.rsw","data/1@krns.gnd","data/1@krns.gat","70","70","140","140","2","not_yet_parsed","not_yet_tested","not_yet_tested","1337189","unclassified"
"1@lab","data/1@lab.rsw","data/1@lab.gnd","data/1@lab.gat","70","70","140","140","7","not_yet_parsed","not_yet_tested","not_yet_tested","1392594","unclassified"
"1@lhz","data/1@lhz.rsw","data/1@lhz.gnd","data/1@lhz.gat","100","100","200","200","9","not_yet_parsed","not_yet_tested","not_yet_tested","2740042","unclassified"
"1@lost","data/1@lost.rsw","data/1@lost.gnd","data/1@lost.gat","160","180","320","360","25","not_yet_parsed","not_yet_tested","not_yet_tested","7459751","unclassified"
"1@lvcb","data/1@lvcb.rsw","data/1@lvcb.gnd","data/1@lvcb.gat","140","140","280","280","5","not_yet_parsed","not_yet_tested","not_yet_tested","7939005","unclassified"
"1@ma_b","data/1@ma_b.rsw","data/1@ma_b.gnd","data/1@ma_b.gat","80","100","160","200","13","not_yet_parsed","not_yet_tested","not_yet_tested","2055030","unclassified"
"1@ma_c","data/1@ma_c.rsw","data/1@ma_c.gnd","data/1@ma_c.gat","76","74","152","148","7","not_yet_parsed","not_yet_tested","not_yet_tested","1118606","unclassified"
"1@ma_h","data/1@ma_h.rsw","data/1@ma_h.gnd","data/1@ma_h.gat","100","100","200","200","6","not_yet_parsed","not_yet_tested","not_yet_tested","2686094","unclassified"
"1@mcd","data/1@mcd.rsw","data/1@mcd.gnd","data/1@mcd.gat","150","150","300","300","17","not_yet_parsed","not_yet_tested","not_yet_tested","7697058","unclassified"
"1@md_gef","data/1@md_gef.rsw","data/1@md_gef.gnd","data/1@md_gef.gat","130","130","260","260","8","not_yet_parsed","not_yet_tested","not_yet_tested","4716242","unclassified"
"1@md_pay","data/1@md_pay.rsw","data/1@md_pay.gnd","data/1@md_pay.gat","150","150","300","300","4","not_yet_parsed","not_yet_tested","not_yet_tested","6735474","unclassified"
"1@mdtem","data/1@mdtem.rsw","data/1@mdtem.gnd","data/1@mdtem.gat","150","150","300","300","18","not_yet_parsed","not_yet_tested","not_yet_tested","5960923","unclassified"
"1@mir","data/1@mir.rsw","data/1@mir.gnd","data/1@mir.gat","100","100","200","200","15","not_yet_parsed","not_yet_tested","not_yet_tested","2337406","unclassified"
"1@mist","data/1@mist.rsw","data/1@mist.gnd","data/1@mist.gat","200","200","400","400","8","not_yet_parsed","not_yet_tested","not_yet_tested","7464334","unclassified"
"1@mjo1","data/1@mjo1.rsw","data/1@mjo1.gnd","data/1@mjo1.gat","200","200","400","400","22","not_yet_parsed","not_yet_tested","not_yet_tested","9902527","unclassified"
"1@mjo2","data/1@mjo2.rsw","data/1@mjo2.gnd","data/1@mjo2.gat","200","200","400","400","5","not_yet_parsed","not_yet_tested","not_yet_tested","9793619","unclassified"
"1@nyd","data/1@nyd.rsw","data/1@nyd.gnd","data/1@nyd.gat","200","200","400","400","8","not_yet_parsed","not_yet_tested","not_yet_tested","10395526","unclassified"
"1@nyr","data/1@nyr.rsw","data/1@nyr.gnd","data/1@nyr.gat","120","120","240","240","18","not_yet_parsed","not_yet_tested","not_yet_tested","3659251","unclassified"
"1@odin","data/1@odin.rsw","data/1@odin.gnd","data/1@odin.gat","200","200","400","400","21","not_yet_parsed","not_yet_tested","not_yet_tested","8071071","unclassified"
"1@orcs","data/1@orcs.rsw","data/1@orcs.gnd","data/1@orcs.gat","100","100","200","200","5","not_yet_parsed","not_yet_tested","not_yet_tested","3041710","unclassified"
"1@os_a","data/1@os_a.rsw","data/1@os_a.gnd","data/1@os_a.gat","200","200","400","400","19","not_yet_parsed","not_yet_tested","not_yet_tested","10120994","unclassified"
"1@os_b","data/1@os_b.rsw","data/1@os_b.gnd","data/1@os_b.gat","200","200","400","400","19","not_yet_parsed","not_yet_tested","not_yet_tested","9972126","unclassified"
"1@oz","data/1@oz.rsw","data/1@oz.gnd","data/1@oz.gat","150","150","300","300","13","not_yet_parsed","not_yet_tested","not_yet_tested","5402003","unclassified"
"1@pdb","data/1@pdb.rsw","data/1@pdb.gnd","data/1@pdb.gat","120","110","240","220","17","not_yet_parsed","not_yet_tested","not_yet_tested","3212283","unclassified"
"1@pop1","data/1@pop1.rsw","data/1@pop1.gnd","data/1@pop1.gat","80","80","160","160","9","not_yet_parsed","not_yet_tested","not_yet_tested","968134","unclassified"
"1@pop2","data/1@pop2.rsw","data/1@pop2.gnd","data/1@pop2.gat","80","150","160","300","41","not_yet_parsed","not_yet_tested","not_yet_tested","3121422","unclassified"
"1@pop3","data/1@pop3.rsw","data/1@pop3.gnd","data/1@pop3.gat","58","58","116","116","2","not_yet_parsed","not_yet_tested","not_yet_tested","736534","unclassified"
"1@pump","data/1@pump.rsw","data/1@pump.gnd","data/1@pump.gat","60","80","120","160","5","not_yet_parsed","not_yet_tested","not_yet_tested","1116586","unclassified"
"1@rev","data/1@rev.rsw","data/1@rev.gnd","data/1@rev.gat","100","100","200","200","11","not_yet_parsed","not_yet_tested","not_yet_tested","1741226","unclassified"
"1@rgsr","data/1@rgsr.rsw","data/1@rgsr.gnd","data/1@rgsr.gat","130","130","260","260","14","not_yet_parsed","not_yet_tested","not_yet_tested","4797130","unclassified"
"1@sara","data/1@sara.rsw","data/1@sara.gnd","data/1@sara.gat","150","180","300","360","26","not_yet_parsed","not_yet_tested","not_yet_tested","7624822","unclassified"
"1@slug","data/1@slug.rsw","data/1@slug.gnd","data/1@slug.gat","200","200","400","400","10","not_yet_parsed","not_yet_tested","not_yet_tested","8288316","unclassified"
"1@slw","data/1@slw.rsw","data/1@slw.gnd","data/1@slw.gat","120","120","240","240","13","not_yet_parsed","not_yet_tested","not_yet_tested","2959734","unclassified"
"1@soul","data/1@soul.rsw","data/1@soul.gnd","data/1@soul.gat","70","70","140","140","5","not_yet_parsed","not_yet_tested","not_yet_tested","802242","unclassified"
"1@spa","data/1@spa.rsw","data/1@spa.gnd","data/1@spa.gat","120","120","240","240","23","not_yet_parsed","not_yet_tested","not_yet_tested","3135966","unclassified"
"1@spa2","data/1@spa2.rsw","data/1@spa2.gnd","data/1@spa2.gat","140","140","280","280","16","not_yet_parsed","not_yet_tested","not_yet_tested","3381659","unclassified"
"1@sthb","data/1@sthb.rsw","data/1@sthb.gnd","data/1@sthb.gat","130","66","260","132","7","not_yet_parsed","not_yet_tested","not_yet_tested","1375866","unclassified"
"1@sthc","data/1@sthc.rsw","data/1@sthc.gnd","data/1@sthc.gat","70","80","140","160","5","not_yet_parsed","not_yet_tested","not_yet_tested","1450790","unclassified"
"1@sthd","data/1@sthd.rsw","data/1@sthd.gnd","data/1@sthd.gat","100","100","200","200","4","not_yet_parsed","not_yet_tested","not_yet_tested","1490506","unclassified"
"1@swat","data/1@swat.rsw","data/1@swat.gnd","data/1@swat.gat","180","180","360","360","19","not_yet_parsed","not_yet_tested","not_yet_tested","8476962","unclassified"
"1@tcamp","data/1@tcamp.rsw","data/1@tcamp.gnd","data/1@tcamp.gat","150","180","300","360","36","not_yet_parsed","not_yet_tested","not_yet_tested","8974763","unclassified"
"1@thts","data/1@thts.rsw","data/1@thts.gnd","data/1@thts.gat","120","200","240","400","7","not_yet_parsed","not_yet_tested","not_yet_tested","4200591","unclassified"
"1@tnm1","data/1@tnm1.rsw","data/1@tnm1.gnd","data/1@tnm1.gat","90","70","180","140","12","not_yet_parsed","not_yet_tested","not_yet_tested","1749634","unclassified"
"1@tnm2","data/1@tnm2.rsw","data/1@tnm2.gnd","data/1@tnm2.gat","140","140","280","280","8","not_yet_parsed","not_yet_tested","not_yet_tested","2324874","unclassified"
"1@tnm3","data/1@tnm3.rsw","data/1@tnm3.gnd","data/1@tnm3.gat","100","100","200","200","14","not_yet_parsed","not_yet_tested","not_yet_tested","2488122","unclassified"
"1@tower","data/1@tower.rsw","data/1@tower.gnd","data/1@tower.gat","200","200","400","400","9","not_yet_parsed","not_yet_tested","not_yet_tested","11869158","unclassified"
"1@tre","data/1@tre.rsw","data/1@tre.gnd","data/1@tre.gat","100","100","200","200","11","not_yet_parsed","not_yet_tested","not_yet_tested","2152438","unclassified"
"1@twas","data/1@twas.rsw","data/1@twas.gnd","data/1@twas.gat","80","80","160","160","7","not_yet_parsed","not_yet_tested","not_yet_tested","1128797","unclassified"
"1@twbs","data/1@twbs.rsw","data/1@twbs.gnd","data/1@twbs.gat","80","80","160","160","7","not_yet_parsed","not_yet_tested","not_yet_tested","1217085","unclassified"
"1@twbs2","data/1@twbs2.rsw","data/1@twbs2.gnd","data/1@twbs2.gat","80","80","160","160","7","not_yet_parsed","not_yet_tested","not_yet_tested","1217497","unclassified"
"1@twig","data/1@twig.rsw","data/1@twig.gnd","data/1@twig.gat","140","140","280","280","11","not_yet_parsed","not_yet_tested","not_yet_tested","4017087","unclassified"
"1@twsd","data/1@twsd.rsw","data/1@twsd.gnd","data/1@twsd.gat","200","200","400","400","10","not_yet_parsed","not_yet_tested","not_yet_tested","8005039","unclassified"
"1@uns","data/1@uns.rsw","data/1@uns.gnd","data/1@uns.gat","150","150","300","300","7","not_yet_parsed","not_yet_tested","not_yet_tested","6890190","unclassified"
"1@vrac1","data/1@vrac1.rsw","data/1@vrac1.gnd","data/1@vrac1.gat","110","100","220","200","35","not_yet_parsed","not_yet_tested","not_yet_tested","2479540","unclassified"
"1@vrac2","data/1@vrac2.rsw","data/1@vrac2.gnd","data/1@vrac2.gat","120","120","240","240","49","not_yet_parsed","not_yet_tested","not_yet_tested","3386626","unclassified"
"1@vrcas","data/1@vrcas.rsw","data/1@vrcas.gnd","data/1@vrcas.gat","200","178","400","356","21","not_yet_parsed","not_yet_tested","not_yet_tested","6984983","unclassified"
"1@vrclo","data/1@vrclo.rsw","data/1@vrclo.gnd","data/1@vrclo.gat","200","150","400","300","29","not_yet_parsed","not_yet_tested","not_yet_tested","6076582","unclassified"
"1@vrev","data/1@vrev.rsw","data/1@vrev.gnd","data/1@vrev.gat","150","150","300","300","28","not_yet_parsed","not_yet_tested","not_yet_tested","6088422","unclassified"
"1@vrgen","data/1@vrgen.rsw","data/1@vrgen.gnd","data/1@vrgen.gat","50","50","100","100","8","not_yet_parsed","not_yet_tested","not_yet_tested","741400","unclassified"
"1@vrhha","data/1@vrhha.rsw","data/1@vrhha.gnd","data/1@vrhha.gat","130","120","260","240","21","not_yet_parsed","not_yet_tested","not_yet_tested","3419859","unclassified"
"1@vrpo","data/1@vrpo.rsw","data/1@vrpo.gnd","data/1@vrpo.gat","120","170","240","340","32","not_yet_parsed","not_yet_tested","not_yet_tested","4132331","unclassified"
"1@vrpop","data/1@vrpop.rsw","data/1@vrpop.gnd","data/1@vrpop.gat","200","200","400","400","31","not_yet_parsed","not_yet_tested","not_yet_tested","7103115","unclassified"
"1@vrsn","data/1@vrsn.rsw","data/1@vrsn.gnd","data/1@vrsn.gat","130","130","260","260","17","not_yet_parsed","not_yet_tested","not_yet_tested","3205887","unclassified"
"1@whl","data/1@whl.rsw","data/1@whl.gnd","data/1@whl.gat","100","100","200","200","26","not_yet_parsed","not_yet_tested","not_yet_tested","3121027","unclassified"
"1@wtgs","data/1@wtgs.rsw","data/1@wtgs.gnd","data/1@wtgs.gat","200","200","400","400","5","not_yet_parsed","not_yet_tested","not_yet_tested","7312199","unclassified"
"1@xm_d","data/1@xm_d.rsw","data/1@xm_d.gnd","data/1@xm_d.gat","130","130","260","260","14","not_yet_parsed","not_yet_tested","not_yet_tested","8437490","unclassified"
"1@xm_d2","data/1@xm_d2.rsw","data/1@xm_d2.gnd","data/1@xm_d2.gat","130","130","260","260","14","not_yet_parsed","not_yet_tested","not_yet_tested","8437490","unclassified"
"2@cata","data/2@cata.rsw","data/2@cata.gnd","data/2@cata.gat","80","80","160","160","9","not_yet_parsed","not_yet_tested","not_yet_tested","1651386","unclassified"
"2@ch_t","data/2@ch_t.rsw","data/2@ch_t.gnd","data/2@ch_t.gat","80","80","160","160","19","not_yet_parsed","not_yet_tested","not_yet_tested","946439","unclassified"
"2@exds","data/2@exds.rsw","data/2@exds.gnd","data/2@exds.gat","100","100","200","200","2","not_yet_parsed","not_yet_tested","not_yet_tested","1352259","unclassified"
"2@gl_k","data/2@gl_k.rsw","data/2@gl_k.gnd","data/2@gl_k.gat","150","150","300","300","62","not_yet_parsed","not_yet_tested","not_yet_tested","9342394","unclassified"
"2@gl_k2","data/2@gl_k2.rsw","data/2@gl_k2.gnd","data/2@gl_k2.gat","150","150","300","300","62","not_yet_parsed","not_yet_tested","not_yet_tested","9341638","unclassified"
"2@gl_kh","data/2@gl_kh.rsw","data/2@gl_kh.gnd","data/2@gl_kh.gat","150","150","300","300","62","not_yet_parsed","not_yet_tested","not_yet_tested","9341638","unclassified"
"2@mdtem","data/2@mdtem.rsw","data/2@mdtem.gnd","data/2@mdtem.gat","100","100","200","200","6","not_yet_parsed","not_yet_tested","not_yet_tested","1486720","unclassified"
"2@mir","data/2@mir.rsw","data/2@mir.gnd","data/2@mir.gat","100","100","200","200","15","not_yet_parsed","not_yet_tested","not_yet_tested","2337406","unclassified"
"2@nyd","data/2@nyd.rsw","data/2@nyd.gnd","data/2@nyd.gat","200","200","400","400","13","not_yet_parsed","not_yet_tested","not_yet_tested","10447738","unclassified"
"2@nyr","data/2@nyr.rsw","data/2@nyr.gnd","data/2@nyr.gat","120","120","240","240","17","not_yet_parsed","not_yet_tested","not_yet_tested","5780199","unclassified"
"2@orcs","data/2@orcs.rsw","data/2@orcs.gnd","data/2@orcs.gat","100","100","200","200","5","not_yet_parsed","not_yet_tested","not_yet_tested","3027750","unclassified"
"2@pump","data/2@pump.rsw","data/2@pump.gnd","data/2@pump.gat","80","80","160","160","5","not_yet_parsed","not_yet_tested","not_yet_tested","1864026","unclassified"
"2@thts","data/2@thts.rsw","data/2@thts.gnd","data/2@thts.gat","70","100","140","200","10","not_yet_parsed","not_yet_tested","not_yet_tested","2400563","unclassified"
"2@tower","data/2@tower.rsw","data/2@tower.gnd","data/2@tower.gat","200","200","400","400","9","not_yet_parsed","not_yet_tested","not_yet_tested","11869158","unclassified"
"2@vrclo","data/2@vrclo.rsw","data/2@vrclo.gnd","data/2@vrclo.gat","150","100","300","200","29","not_yet_parsed","not_yet_tested","not_yet_tested","3044767","unclassified"
"2@vrpop","data/2@vrpop.rsw","data/2@vrpop.gnd","data/2@vrpop.gat","126","116","252","232","8","not_yet_parsed","not_yet_tested","not_yet_tested","4574514","unclassified"
"2025arena1","data/2025arena1.rsw","data/2025arena1.gnd","data/2025arena1.gat","180","160","360","320","12","not_yet_parsed","not_yet_tested","not_yet_tested","4965094","unclassified"
"2025arena2","data/2025arena2.rsw","data/2025arena2.gnd","data/2025arena2.gat","100","80","200","160","20","not_yet_parsed","not_yet_tested","not_yet_tested","2422592","unclassified"
"2025arena3","data/2025arena3.rsw","data/2025arena3.gnd","data/2025arena3.gat","100","100","200","200","10","not_yet_parsed","not_yet_tested","not_yet_tested","2556136","unclassified"
"2025arena4","data/2025arena4.rsw","data/2025arena4.gnd","data/2025arena4.gat","180","160","360","320","20","not_yet_parsed","not_yet_tested","not_yet_tested","6113430","unclassified"
"2025arena5","data/2025arena5.rsw","data/2025arena5.gnd","data/2025arena5.gat","100","80","200","160","27","not_yet_parsed","not_yet_tested","not_yet_tested","3110573","unclassified"
"25ros03_01","data/25ros03_01.rsw","data/25ros03_01.gnd","data/25ros03_01.gat","100","80","200","160","8","not_yet_parsed","not_yet_tested","not_yet_tested","2519167","unclassified"
"3@ch_t","data/3@ch_t.rsw","data/3@ch_t.gnd","data/3@ch_t.gat","100","100","200","200","22","not_yet_parsed","not_yet_tested","not_yet_tested","2306483","unclassified"
"3@thts","data/3@thts.rsw","data/3@thts.gnd","data/3@thts.gat","70","100","140","200","6","not_yet_parsed","not_yet_tested","not_yet_tested","2153855","unclassified"
"3@tower","data/3@tower.rsw","data/3@tower.gnd","data/3@tower.gat","200","200","400","400","9","not_yet_parsed","not_yet_tested","not_yet_tested","11869158","unclassified"
"3@vrpop","data/3@vrpop.rsw","data/3@vrpop.gnd","data/3@vrpop.gat","126","123","252","246","5","not_yet_parsed","not_yet_tested","not_yet_tested","4831879","unclassified"
"4@thts","data/4@thts.rsw","data/4@thts.gnd","data/4@thts.gat","90","90","180","180","7","not_yet_parsed","not_yet_tested","not_yet_tested","1792491","unclassified"
"4@tower","data/4@tower.rsw","data/4@tower.gnd","data/4@tower.gat","200","200","400","400","9","not_yet_parsed","not_yet_tested","not_yet_tested","11593990","unclassified"
"5@thts","data/5@thts.rsw","data/5@thts.gnd","data/5@thts.gat","90","90","180","180","5","not_yet_parsed","not_yet_tested","not_yet_tested","1740967","unclassified"
"5@tower","data/5@tower.rsw","data/5@tower.gnd","data/5@tower.gat","80","80","160","160","19","not_yet_parsed","not_yet_tested","not_yet_tested","952558","unclassified"
"6@thts","data/6@thts.rsw","data/6@thts.gnd","data/6@thts.gat","90","90","180","180","7","not_yet_parsed","not_yet_tested","not_yet_tested","1586815","unclassified"
"6@tower","data/6@tower.rsw","data/6@tower.gnd","data/6@tower.gat","100","100","200","200","22","not_yet_parsed","not_yet_tested","not_yet_tested","2328794","unclassified"
"7@thts","data/7@thts.rsw","data/7@thts.gnd","data/7@thts.gat","90","90","180","180","4","not_yet_parsed","not_yet_tested","not_yet_tested","1710159","unclassified"
"8@thts","data/8@thts.rsw","data/8@thts.gnd","data/8@thts.gat","140","140","280","280","8","not_yet_parsed","not_yet_tested","not_yet_tested","2324875","unclassified"
"ab_ground1","data/ab_ground1.rsw","data/ab_ground1.gnd","data/ab_ground1.gat","150","150","300","300","14","not_yet_parsed","not_yet_tested","not_yet_tested","4676229","unclassified"
"ab_ice1","data/ab_ice1.rsw","data/ab_ice1.gnd","data/ab_ice1.gat","150","150","300","300","17","not_yet_parsed","not_yet_tested","not_yet_tested","6308745","unclassified"
"ab_lava1","data/ab_lava1.rsw","data/ab_lava1.gnd","data/ab_lava1.gat","150","150","300","300","32","not_yet_parsed","not_yet_tested","not_yet_tested","7298356","unclassified"
"ab_venom1","data/ab_venom1.rsw","data/ab_venom1.gnd","data/ab_venom1.gat","150","150","300","300","6","not_yet_parsed","not_yet_tested","not_yet_tested","10153417","unclassified"
"abbey01","data/abbey01.rsw","data/abbey01.gnd","data/abbey01.gat","200","200","400","400","32","not_yet_parsed","not_yet_tested","not_yet_tested","9789474","unclassified"
"abbey02","data/abbey02.rsw","data/abbey02.gnd","data/abbey02.gat","150","150","300","300","20","not_yet_parsed","not_yet_tested","not_yet_tested","8383414","unclassified"
"abbey03","data/abbey03.rsw","data/abbey03.gnd","data/abbey03.gat","120","120","240","240","19","not_yet_parsed","not_yet_tested","not_yet_tested","4898186","unclassified"
"abyss_01","data/abyss_01.rsw","data/abyss_01.gnd","data/abyss_01.gat","150","150","300","300","14","not_yet_parsed","not_yet_tested","not_yet_tested","6300530","unclassified"
"abyss_02","data/abyss_02.rsw","data/abyss_02.gnd","data/abyss_02.gat","150","150","300","300","10","not_yet_parsed","not_yet_tested","not_yet_tested","6517462","unclassified"
"abyss_03","data/abyss_03.rsw","data/abyss_03.gnd","data/abyss_03.gat","100","100","200","200","15","not_yet_parsed","not_yet_tested","not_yet_tested","3230438","unclassified"
"abyss_04","data/abyss_04.rsw","data/abyss_04.gnd","data/abyss_04.gat","170","170","340","340","11","not_yet_parsed","not_yet_tested","not_yet_tested","8672146","unclassified"
"air_evt","data/air_evt.rsw","","data/air_evt.gat","","","300","300","","not_yet_parsed","not_yet_tested","not_yet_tested","2221801","unclassified"
"air_if","data/air_if.rsw","data/air_if.gnd","data/air_if.gat","100","100","200","200","26","not_yet_parsed","not_yet_tested","not_yet_tested","3122849","unclassified"
"airplane","data/airplane.rsw","data/airplane.gnd","data/airplane.gat","150","150","300","300","9","not_yet_parsed","not_yet_tested","not_yet_tested","3417335","unclassified"
"airplane2","data/airplane2.rsw","data/airplane2.gnd","data/airplane2.gat","150","150","300","300","9","not_yet_parsed","not_yet_tested","not_yet_tested","3417335","unclassified"
"airport","data/airport.rsw","data/airport.gnd","data/airport.gat","150","60","300","120","10","not_yet_parsed","not_yet_tested","not_yet_tested","1724126","unclassified"
"alb_ship","data/alb_ship.rsw","data/alb_ship.gnd","data/alb_ship.gat","100","100","200","200","7","not_yet_parsed","not_yet_tested","not_yet_tested","1465910","unclassified"
"alb2trea","data/alb2trea.rsw","data/alb2trea.gnd","data/alb2trea.gat","70","70","140","140","13","not_yet_parsed","not_yet_tested","not_yet_tested","809506","unclassified"
"alberta_in","data/alberta_in.rsw","data/alberta_in.gnd","data/alberta_in.gat","100","100","200","200","13","not_yet_parsed","not_yet_tested","not_yet_tested","1963106","unclassified"
"alberta","data/alberta.rsw","data/alberta.gnd","data/alberta.gat","140","140","280","280","16","not_yet_parsed","not_yet_tested","not_yet_tested","4409150","unclassified"
"alde_alche","data/alde_alche.rsw","data/alde_alche.gnd","data/alde_alche.gat","100","100","200","200","9","not_yet_parsed","not_yet_tested","not_yet_tested","1884838","unclassified"
"alde_dun01","data/alde_dun01.rsw","data/alde_dun01.gnd","data/alde_dun01.gat","160","160","320","320","12","not_yet_parsed","not_yet_tested","not_yet_tested","8159114","unclassified"
"alde_dun02","data/alde_dun02.rsw","data/alde_dun02.gnd","data/alde_dun02.gat","150","150","300","300","13","not_yet_parsed","not_yet_tested","not_yet_tested","6654158","unclassified"
"alde_dun03","data/alde_dun03.rsw","data/alde_dun03.gnd","data/alde_dun03.gat","150","150","300","300","13","not_yet_parsed","not_yet_tested","not_yet_tested","7760998","unclassified"
"alde_dun04","data/alde_dun04.rsw","data/alde_dun04.gnd","data/alde_dun04.gat","150","150","300","300","17","not_yet_parsed","not_yet_tested","not_yet_tested","7272202","unclassified"
"alde_gld","data/alde_gld.rsw","data/alde_gld.gnd","data/alde_gld.gat","160","160","320","320","17","not_yet_parsed","not_yet_tested","not_yet_tested","6385362","unclassified"
"alde_tt02","data/alde_tt02.rsw","data/alde_tt02.gnd","data/alde_tt02.gat","200","200","400","400","35","not_yet_parsed","not_yet_tested","not_yet_tested","8190826","unclassified"
"alde_tt03","data/alde_tt03.rsw","data/alde_tt03.gnd","data/alde_tt03.gat","200","200","400","400","21","not_yet_parsed","not_yet_tested","not_yet_tested","8004006","unclassified"
"aldeba_in","data/aldeba_in.rsw","data/aldeba_in.gnd","data/aldeba_in.gat","130","130","260","260","8","not_yet_parsed","not_yet_tested","not_yet_tested","2996514","unclassified"
"aldebaran","data/aldebaran.rsw","data/aldebaran.gnd","data/aldebaran.gat","140","140","280","280","20","not_yet_parsed","not_yet_tested","not_yet_tested","5212742","unclassified"
"aldeg_cas01","data/aldeg_cas01.rsw","data/aldeg_cas01.gnd","data/aldeg_cas01.gat","120","132","240","264","18","not_yet_parsed","not_yet_tested","not_yet_tested","3919323","unclassified"
"aldeg_cas02","data/aldeg_cas02.rsw","data/aldeg_cas02.gnd","data/aldeg_cas02.gat","120","120","240","240","19","not_yet_parsed","not_yet_tested","not_yet_tested","3742462","unclassified"
"aldeg_cas03","data/aldeg_cas03.rsw","data/aldeg_cas03.gnd","data/aldeg_cas03.gat","120","150","240","300","19","not_yet_parsed","not_yet_tested","not_yet_tested","3872230","unclassified"
"aldeg_cas04","data/aldeg_cas04.rsw","data/aldeg_cas04.gnd","data/aldeg_cas04.gat","120","120","240","240","18","not_yet_parsed","not_yet_tested","not_yet_tested","3476414","unclassified"
"aldeg_cas05","data/aldeg_cas05.rsw","data/aldeg_cas05.gnd","data/aldeg_cas05.gat","120","120","240","240","15","not_yet_parsed","not_yet_tested","not_yet_tested","3412530","unclassified"
"ama_dun01","data/ama_dun01.rsw","data/ama_dun01.gnd","data/ama_dun01.gat","120","120","240","240","7","not_yet_parsed","not_yet_tested","not_yet_tested","2657174","unclassified"
"ama_dun02","data/ama_dun02.rsw","data/ama_dun02.gnd","data/ama_dun02.gat","120","120","240","240","9","not_yet_parsed","not_yet_tested","not_yet_tested","3911966","unclassified"
"ama_dun03","data/ama_dun03.rsw","data/ama_dun03.gnd","data/ama_dun03.gat","120","120","240","240","5","not_yet_parsed","not_yet_tested","not_yet_tested","5369566","unclassified"
"ama_fild01","data/ama_fild01.rsw","data/ama_fild01.gnd","data/ama_fild01.gat","200","200","400","400","16","not_yet_parsed","not_yet_tested","not_yet_tested","9779446","unclassified"
"ama_in01","data/ama_in01.rsw","data/ama_in01.gnd","data/ama_in01.gat","100","100","200","200","7","not_yet_parsed","not_yet_tested","not_yet_tested","1769494","unclassified"
"ama_in02","data/ama_in02.rsw","data/ama_in02.gnd","data/ama_in02.gat","120","100","240","200","13","not_yet_parsed","not_yet_tested","not_yet_tested","3057402","unclassified"
"ama_test","data/ama_test.rsw","data/ama_test.gnd","data/ama_test.gat","50","66","100","132","5","not_yet_parsed","not_yet_tested","not_yet_tested","754198","unclassified"
"amatsu","data/amatsu.rsw","data/amatsu.gnd","data/amatsu.gat","158","158","316","316","24","not_yet_parsed","not_yet_tested","not_yet_tested","6293918","unclassified"
"amicit01","data/amicit01.rsw","data/amicit01.gnd","data/amicit01.gat","150","150","300","300","28","not_yet_parsed","not_yet_tested","not_yet_tested","6834203","unclassified"
"amicit02","data/amicit02.rsw","data/amicit02.gnd","data/amicit02.gat","150","150","300","300","28","not_yet_parsed","not_yet_tested","not_yet_tested","6080495","unclassified"
"amicitia1","data/amicitia1.rsw","data/amicitia1.gnd","data/amicitia1.gat","150","150","300","300","29","not_yet_parsed","not_yet_tested","not_yet_tested","6828035","unclassified"
"amicitia2","data/amicitia2.rsw","data/amicitia2.gnd","data/amicitia2.gat","150","150","300","300","28","not_yet_parsed","not_yet_tested","not_yet_tested","6079159","unclassified"
"ant_d02_i","data/ant_d02_i.rsw","data/ant_d02_i.gnd","data/ant_d02_i.gat","150","150","300","300","5","not_yet_parsed","not_yet_tested","not_yet_tested","7412942","unclassified"
"anthell01","data/anthell01.rsw","data/anthell01.gnd","data/anthell01.gat","150","150","300","300","5","not_yet_parsed","not_yet_tested","not_yet_tested","6706362","unclassified"
"anthell02","data/anthell02.rsw","data/anthell02.gnd","data/anthell02.gat","150","150","300","300","5","not_yet_parsed","not_yet_tested","not_yet_tested","7190766","unclassified"
"arena_room","data/arena_room.rsw","data/arena_room.gnd","data/arena_room.gat","100","100","200","200","11","not_yet_parsed","not_yet_tested","not_yet_tested","1682382","unclassified"
"aru_gld","data/aru_gld.rsw","data/aru_gld.gnd","data/aru_gld.gat","200","200","400","400","56","not_yet_parsed","not_yet_tested","not_yet_tested","8931306","unclassified"
"arug_cas01","data/arug_cas01.rsw","data/arug_cas01.gnd","data/arug_cas01.gat","200","200","400","400","34","not_yet_parsed","not_yet_tested","not_yet_tested","7401946","unclassified"
"arug_cas02","data/arug_cas02.rsw","data/arug_cas02.gnd","data/arug_cas02.gat","200","200","400","400","15","not_yet_parsed","not_yet_tested","not_yet_tested","10066154","unclassified"
"arug_cas03","data/arug_cas03.rsw","data/arug_cas03.gnd","data/arug_cas03.gat","200","200","400","400","28","not_yet_parsed","not_yet_tested","not_yet_tested","8067034","unclassified"
"arug_dun01","data/arug_dun01.rsw","data/arug_dun01.gnd","data/arug_dun01.gat","200","200","400","400","16","not_yet_parsed","not_yet_tested","not_yet_tested","16033814","unclassified"
"arug_que01","data/arug_que01.rsw","data/arug_que01.gnd","data/arug_que01.gat","100","100","200","200","8","not_yet_parsed","not_yet_tested","not_yet_tested","1905282","unclassified"
"auction_01","data/auction_01.rsw","data/auction_01.gnd","data/auction_01.gat","100","50","200","100","18","not_yet_parsed","not_yet_tested","not_yet_tested","982526","unclassified"
"auction_02","data/auction_02.rsw","data/auction_02.gnd","data/auction_02.gat","100","50","200","100","16","not_yet_parsed","not_yet_tested","not_yet_tested","1016602","unclassified"
"ayo_dun01","data/ayo_dun01.rsw","data/ayo_dun01.gnd","data/ayo_dun01.gat","150","150","300","300","13","not_yet_parsed","not_yet_tested","not_yet_tested","10570526","unclassified"
"ayo_dun02","data/ayo_dun02.rsw","data/ayo_dun02.gnd","data/ayo_dun02.gat","150","150","300","300","23","not_yet_parsed","not_yet_tested","not_yet_tested","9073830","unclassified"
"ayo_fild01","data/ayo_fild01.rsw","data/ayo_fild01.gnd","data/ayo_fild01.gat","180","180","360","360","25","not_yet_parsed","not_yet_tested","not_yet_tested","8448290","unclassified"
"ayo_fild02","data/ayo_fild02.rsw","data/ayo_fild02.gnd","data/ayo_fild02.gat","180","150","360","300","30","not_yet_parsed","not_yet_tested","not_yet_tested","8649682","unclassified"
"ayo_in01","data/ayo_in01.rsw","data/ayo_in01.gnd","data/ayo_in01.gat","100","100","200","200","27","not_yet_parsed","not_yet_tested","not_yet_tested","2074742","unclassified"
"ayo_in02","data/ayo_in02.rsw","data/ayo_in02.gnd","data/ayo_in02.gat","100","100","200","200","12","not_yet_parsed","not_yet_tested","not_yet_tested","1974830","unclassified"
"ayothaya","data/ayothaya.rsw","data/ayothaya.gnd","data/ayothaya.gat","160","160","320","320","29","not_yet_parsed","not_yet_tested","not_yet_tested","6413418","unclassified"
"ba_2whs01","data/ba_2whs01.rsw","data/ba_2whs01.gnd","data/ba_2whs01.gat","160","160","320","320","24","not_yet_parsed","not_yet_tested","not_yet_tested","9792739","unclassified"
"ba_2whs02","data/ba_2whs02.rsw","data/ba_2whs02.gnd","data/ba_2whs02.gat","180","180","360","360","24","not_yet_parsed","not_yet_tested","not_yet_tested","12181599","unclassified"
"ba_bath","data/ba_bath.rsw","data/ba_bath.gnd","data/ba_bath.gat","160","160","320","320","15","not_yet_parsed","not_yet_tested","not_yet_tested","8644575","unclassified"
"ba_chess","data/ba_chess.rsw","data/ba_chess.gnd","data/ba_chess.gat","24","24","48","48","6","not_yet_parsed","not_yet_tested","not_yet_tested","233071","unclassified"
"ba_go","data/ba_go.rsw","data/ba_go.gnd","data/ba_go.gat","52","50","104","100","4","not_yet_parsed","not_yet_tested","not_yet_tested","956271","unclassified"
"ba_in01","data/ba_in01.rsw","data/ba_in01.gnd","data/ba_in01.gat","200","200","400","400","33","not_yet_parsed","not_yet_tested","not_yet_tested","8235607","unclassified"
"ba_lib","data/ba_lib.rsw","data/ba_lib.gnd","data/ba_lib.gat","160","160","320","320","9","not_yet_parsed","not_yet_tested","not_yet_tested","8141707","unclassified"
"ba_lost","data/ba_lost.rsw","data/ba_lost.gnd","data/ba_lost.gat","160","180","320","360","25","not_yet_parsed","not_yet_tested","not_yet_tested","7465127","unclassified"
"ba_maison","data/ba_maison.rsw","data/ba_maison.gnd","data/ba_maison.gat","200","200","400","400","18","not_yet_parsed","not_yet_tested","not_yet_tested","10309959","unclassified"
"ba_pw01","data/ba_pw01.rsw","data/ba_pw01.gnd","data/ba_pw01.gat","150","150","300","300","8","not_yet_parsed","not_yet_tested","not_yet_tested","5788323","unclassified"
"ba_pw02","data/ba_pw02.rsw","data/ba_pw02.gnd","data/ba_pw02.gat","150","150","300","300","9","not_yet_parsed","not_yet_tested","not_yet_tested","8003003","unclassified"
"ba_pw03","data/ba_pw03.rsw","data/ba_pw03.gnd","data/ba_pw03.gat","150","150","300","300","8","not_yet_parsed","not_yet_tested","not_yet_tested","5787963","unclassified"
"ba_void","data/ba_void.rsw","data/ba_void.gnd","data/ba_void.gat","130","130","260","260","10","not_yet_parsed","not_yet_tested","not_yet_tested","2648383","unclassified"
"bat_a01","data/bat_a01.rsw","data/bat_a01.gnd","data/bat_a01.gat","200","200","400","400","29","not_yet_parsed","not_yet_tested","not_yet_tested","8756306","unclassified"
"bat_b01","data/bat_b01.rsw","data/bat_b01.gnd","data/bat_b01.gat","200","150","400","300","18","not_yet_parsed","not_yet_tested","not_yet_tested","6038746","unclassified"
"bat_c01","data/bat_c01.rsw","data/bat_c01.gnd","data/bat_c01.gat","100","90","200","180","8","not_yet_parsed","not_yet_tested","not_yet_tested","1565218","unclassified"
"bat_room","data/bat_room.rsw","data/bat_room.gnd","data/bat_room.gat","150","150","300","300","19","not_yet_parsed","not_yet_tested","not_yet_tested","3467438","unclassified"
"beach_dun","data/beach_dun.rsw","data/beach_dun.gnd","data/beach_dun.gat","150","150","300","300","14","not_yet_parsed","not_yet_tested","not_yet_tested","6598938","unclassified"
"beach_dun2","data/beach_dun2.rsw","data/beach_dun2.gnd","data/beach_dun2.gat","150","150","300","300","11","not_yet_parsed","not_yet_tested","not_yet_tested","7084390","unclassified"
"beach_dun3","data/beach_dun3.rsw","data/beach_dun3.gnd","data/beach_dun3.gat","150","150","300","300","11","not_yet_parsed","not_yet_tested","not_yet_tested","6886090","unclassified"
"bif_fild01","data/bif_fild01.rsw","data/bif_fild01.gnd","data/bif_fild01.gat","200","200","400","400","9","not_yet_parsed","not_yet_tested","not_yet_tested","8890574","unclassified"
"bif_fild02","data/bif_fild02.rsw","data/bif_fild02.gnd","data/bif_fild02.gat","200","200","400","400","10","not_yet_parsed","not_yet_tested","not_yet_tested","9336638","unclassified"
"bl_death","data/bl_death.rsw","data/bl_death.gnd","data/bl_death.gat","200","200","400","400","8","not_yet_parsed","not_yet_tested","not_yet_tested","11382535","unclassified"
"bl_depth1","data/bl_depth1.rsw","data/bl_depth1.gnd","data/bl_depth1.gat","180","180","360","360","35","not_yet_parsed","not_yet_tested","not_yet_tested","14982731","unclassified"
"bl_depth2","data/bl_depth2.rsw","data/bl_depth2.gnd","data/bl_depth2.gat","140","140","280","280","36","not_yet_parsed","not_yet_tested","not_yet_tested","12259796","unclassified"
"bl_grass","data/bl_grass.rsw","data/bl_grass.gnd","data/bl_grass.gat","200","200","400","400","29","not_yet_parsed","not_yet_tested","not_yet_tested","9103611","unclassified"
"bl_ice","data/bl_ice.rsw","data/bl_ice.gnd","data/bl_ice.gat","150","150","300","300","17","not_yet_parsed","not_yet_tested","not_yet_tested","5544983","unclassified"
"bl_lava","data/bl_lava.rsw","data/bl_lava.gnd","data/bl_lava.gat","150","150","300","300","9","not_yet_parsed","not_yet_tested","not_yet_tested","7870703","unclassified"
"bl_soul","data/bl_soul.rsw","data/bl_soul.gnd","data/bl_soul.gat","156","156","312","312","12","not_yet_parsed","not_yet_tested","not_yet_tested","10857010","unclassified"
"bl_temple","data/bl_temple.rsw","data/bl_temple.gnd","data/bl_temple.gat","200","200","400","400","12","not_yet_parsed","not_yet_tested","not_yet_tested","9815194","unclassified"
"bl_venom","data/bl_venom.rsw","data/bl_venom.gnd","data/bl_venom.gat","150","150","300","300","6","not_yet_parsed","not_yet_tested","not_yet_tested","7391952","unclassified"
"bra_dun01","data/bra_dun01.rsw","data/bra_dun01.gnd","data/bra_dun01.gat","120","120","240","240","9","not_yet_parsed","not_yet_tested","not_yet_tested","4940762","unclassified"
"bra_dun02","data/bra_dun02.rsw","data/bra_dun02.gnd","data/bra_dun02.gat","150","150","300","300","9","not_yet_parsed","not_yet_tested","not_yet_tested","7737562","unclassified"
"bra_fild01","data/bra_fild01.rsw","data/bra_fild01.gnd","data/bra_fild01.gat","200","200","400","400","27","not_yet_parsed","not_yet_tested","not_yet_tested","9125118","unclassified"
"bra_in01","data/bra_in01.rsw","data/bra_in01.gnd","data/bra_in01.gat","110","100","220","200","34","not_yet_parsed","not_yet_tested","not_yet_tested","2244830","unclassified"
"brasilis","data/brasilis.rsw","data/brasilis.gnd","data/brasilis.gat","200","200","400","400","23","not_yet_parsed","not_yet_tested","not_yet_tested","9705158","unclassified"
"c_tower1","data/c_tower1.rsw","data/c_tower1.gnd","data/c_tower1.gat","200","200","400","400","18","not_yet_parsed","not_yet_tested","not_yet_tested","15050026","unclassified"
"c_tower2_","data/c_tower2_.rsw","data/c_tower2_.gnd","data/c_tower2_.gat","150","150","300","300","12","not_yet_parsed","not_yet_tested","not_yet_tested","8890986","unclassified"
"c_tower2","data/c_tower2.rsw","data/c_tower2.gnd","data/c_tower2.gat","150","150","300","300","12","not_yet_parsed","not_yet_tested","not_yet_tested","8890986","unclassified"
"c_tower3_","data/c_tower3_.rsw","data/c_tower3_.gnd","data/c_tower3_.gat","130","130","260","260","13","not_yet_parsed","not_yet_tested","not_yet_tested","8586670","unclassified"
"c_tower3","data/c_tower3.rsw","data/c_tower3.gnd","data/c_tower3.gat","130","130","260","260","13","not_yet_parsed","not_yet_tested","not_yet_tested","8586670","unclassified"
"c_tower4","data/c_tower4.rsw","data/c_tower4.gnd","data/c_tower4.gat","108","108","216","216","10","not_yet_parsed","not_yet_tested","not_yet_tested","5894446","unclassified"
"cave","data/cave.rsw","data/cave.gnd","data/cave.gat","100","100","200","200","13","not_yet_parsed","not_yet_tested","not_yet_tested","2650234","unclassified"
"ch1_dw","data/ch1_dw.rsw","data/1@ch1a.gnd","data/1@ch1a.gat","200","200","400","400","6","not_yet_parsed","not_yet_tested","not_yet_tested","5658350","unclassified"
"ch1_gef_in","data/ch1_gef_in.rsw","data/ch1_gef_in.gnd","data/ch1_gef_in.gat","100","100","200","200","13","not_yet_parsed","not_yet_tested","not_yet_tested","2013940","unclassified"
"ch1_geffen","data/ch1_geffen.rsw","data/ch1_geffen.gnd","data/ch1_geffen.gat","120","120","240","240","11","not_yet_parsed","not_yet_tested","not_yet_tested","3223606","unclassified"
"ch1_gfn01","data/ch1_gfn01.rsw","data/ch1_gfn01.gnd","data/ch1_gfn01.gat","150","150","300","300","9","not_yet_parsed","not_yet_tested","not_yet_tested","8161428","unclassified"
"ch1_gfn03","data/ch1_gfn03.rsw","data/ch1_gfn03.gnd","data/ch1_gfn03.gat","150","150","300","300","9","not_yet_parsed","not_yet_tested","not_yet_tested","7410913","unclassified"
"ch1_que01","data/ch1_que01.rsw","data/gef_dun03.gnd","data/gef_dun03.gat","120","120","240","240","7","not_yet_parsed","not_yet_tested","not_yet_tested","4255734","unclassified"
"ch1_sf01","data/ch1_sf01.rsw","data/ch1_sf01.gnd","data/ch1_sf01.gat","150","150","300","300","26","not_yet_parsed","not_yet_tested","not_yet_tested","3699706","unclassified"
"ch1_sf02","data/ch1_sf02.rsw","data/ch1_sf02.gnd","data/ch1_sf02.gat","150","150","300","300","17","not_yet_parsed","not_yet_tested","not_yet_tested","3338901","unclassified"
"ch1_sf03","data/ch1_sf03.rsw","data/ch1_sf03.gnd","data/ch1_sf03.gat","150","150","300","300","58","not_yet_parsed","not_yet_tested","not_yet_tested","5242530","unclassified"
"ch1_vrgef1","data/ch1_vrgef1.rsw","data/ch1_gef_in.gnd","data/ch1_gef_in.gat","100","100","200","200","13","not_yet_parsed","not_yet_tested","not_yet_tested","2013940","unclassified"
"ch1_vrgef2","data/ch1_vrgef2.rsw","data/ch1_geffen.gnd","data/ch1_geffen.gat","120","120","240","240","11","not_yet_parsed","not_yet_tested","not_yet_tested","3223606","unclassified"
"ch1fild1","data/ch1fild1.rsw","data/ch1fild1.gnd","data/ch1fild1.gat","100","100","200","200","36","not_yet_parsed","not_yet_tested","not_yet_tested","2080537","unclassified"
"ch1zero1","data/ch1zero1.rsw","data/ch1zero1.gnd","data/ch1zero1.gat","140","140","280","280","23","not_yet_parsed","not_yet_tested","not_yet_tested","6614568","unclassified"
"ch1zero2","data/ch1zero2.rsw","data/ch1zero2.gnd","data/ch1zero2.gat","150","150","300","300","32","not_yet_parsed","not_yet_tested","not_yet_tested","9601977","unclassified"
"ch1zero3","data/ch1zero3.rsw","data/ch1zero3.gnd","data/ch1zero3.gat","150","150","300","300","38","not_yet_parsed","not_yet_tested","not_yet_tested","7354661","unclassified"
"ch1zero4","data/ch1zero4.rsw","data/ch1zero4.gnd","data/ch1zero4.gat","150","150","300","300","38","not_yet_parsed","not_yet_tested","not_yet_tested","7354661","unclassified"
"ch2gms","data/ch2gms.rsw","data/ch2gms.gnd","data/ch2gms.gat","50","50","100","100","8","not_yet_parsed","not_yet_tested","not_yet_tested","567064","unclassified"
"ch2safe1","data/ch2safe1.rsw","data/ch2safe1.gnd","data/ch2safe1.gat","150","150","300","300","70","not_yet_parsed","not_yet_tested","not_yet_tested","4094500","unclassified"
"ch2safe2","data/ch2safe2.rsw","data/ch2safe2.gnd","data/ch2safe2.gat","122","118","244","236","9","not_yet_parsed","not_yet_tested","not_yet_tested","3003314","unclassified"
"ch2safe3","data/ch2safe3.rsw","data/ch2safe3.gnd","data/ch2safe3.gat","100","100","200","200","22","not_yet_parsed","not_yet_tested","not_yet_tested","2353761","unclassified"
"ch2safe4","data/ch2safe4.rsw","data/ch2safe4.gnd","data/ch2safe4.gat","130","130","260","260","4","not_yet_parsed","not_yet_tested","not_yet_tested","2005433","unclassified"
"clb_kuma","data/clb_kuma.rsw","data/clb_kuma.gnd","data/clb_kuma.gat","138","140","276","280","29","not_yet_parsed","not_yet_tested","not_yet_tested","6276499","unclassified"
"clock_01","data/clock_01.rsw","data/clock_01.gnd","data/clock_01.gat","150","150","300","300","17","not_yet_parsed","not_yet_tested","not_yet_tested","7191547","unclassified"
"cmd_bhole","data/cmd_bhole.rsw","data/cmd_bhole.gnd","data/cmd_bhole.gat","200","200","400","400","9","not_yet_parsed","not_yet_tested","not_yet_tested","11542141","unclassified"
"cmd_fild01","data/cmd_fild01.rsw","data/cmd_fild01.gnd","data/cmd_fild01.gat","200","200","400","400","12","not_yet_parsed","not_yet_tested","not_yet_tested","10164090","unclassified"
"cmd_fild02","data/cmd_fild02.rsw","data/cmd_fild02.gnd","data/cmd_fild02.gat","200","200","400","400","35","not_yet_parsed","not_yet_tested","not_yet_tested","8360398","unclassified"
"cmd_fild03","data/cmd_fild03.rsw","data/cmd_fild03.gnd","data/cmd_fild03.gat","200","200","400","400","12","not_yet_parsed","not_yet_tested","not_yet_tested","10472554","unclassified"
"cmd_fild04","data/cmd_fild04.rsw","data/cmd_fild04.gnd","data/cmd_fild04.gat","200","200","400","400","33","not_yet_parsed","not_yet_tested","not_yet_tested","8252398","unclassified"
"cmd_fild05","data/cmd_fild05.rsw","data/cmd_fild05.gnd","data/cmd_fild05.gat","200","200","400","400","25","not_yet_parsed","not_yet_tested","not_yet_tested","9793958","unclassified"
"cmd_fild06","data/cmd_fild06.rsw","data/cmd_fild06.gnd","data/cmd_fild06.gat","200","200","400","400","36","not_yet_parsed","not_yet_tested","not_yet_tested","8146626","unclassified"
"cmd_fild07","data/cmd_fild07.rsw","data/cmd_fild07.gnd","data/cmd_fild07.gat","200","200","400","400","36","not_yet_parsed","not_yet_tested","not_yet_tested","8073238","unclassified"
"cmd_fild08","data/cmd_fild08.rsw","data/cmd_fild08.gnd","data/cmd_fild08.gat","200","200","400","400","45","not_yet_parsed","not_yet_tested","not_yet_tested","8663366","unclassified"
"cmd_fild09","data/cmd_fild09.rsw","data/cmd_fild09.gnd","data/cmd_fild09.gat","200","200","400","400","38","not_yet_parsed","not_yet_tested","not_yet_tested","8416454","unclassified"
"cmd_in01","data/cmd_in01.rsw","data/cmd_in01.gnd","data/cmd_in01.gat","100","100","200","200","10","not_yet_parsed","not_yet_tested","not_yet_tested","1737366","unclassified"
"cmd_in02","data/cmd_in02.rsw","data/cmd_in02.gnd","data/cmd_in02.gat","120","120","240","240","8","not_yet_parsed","not_yet_tested","not_yet_tested","2705926","unclassified"
"com_d02_i","data/com_d02_i.rsw","data/com_d02_i.gnd","data/com_d02_i.gat","150","150","300","300","11","not_yet_parsed","not_yet_tested","not_yet_tested","7095122","unclassified"
"comodo","data/comodo.rsw","data/comodo.gnd","data/comodo.gat","180","190","360","380","13","not_yet_parsed","not_yet_tested","not_yet_tested","10703226","unclassified"
"conch_in","data/conch_in.rsw","data/conch_in.gnd","data/conch_in.gat","100","60","200","120","11","not_yet_parsed","not_yet_tested","not_yet_tested","1230702","unclassified"
"dali","data/dali.rsw","data/dali.gnd","data/dali.gat","100","100","200","200","0","not_yet_parsed","not_yet_tested","not_yet_tested","1150950","unclassified"
"dali02","data/dali02.rsw","data/dali02.gnd","data/dali02.gat","100","100","200","200","0","not_yet_parsed","not_yet_tested","not_yet_tested","1150950","unclassified"
"deadroot","data/deadroot.rsw","data/deadroot.gnd","data/deadroot.gat","200","200","400","400","24","not_yet_parsed","not_yet_tested","not_yet_tested","11158075","unclassified"
"dew_dun01","data/dew_dun01.rsw","data/dew_dun01.gnd","data/dew_dun01.gat","180","180","360","360","16","not_yet_parsed","not_yet_tested","not_yet_tested","6036930","unclassified"
"dew_dun02","data/dew_dun02.rsw","data/dew_dun02.gnd","data/dew_dun02.gat","160","160","320","320","5","not_yet_parsed","not_yet_tested","not_yet_tested","7092510","unclassified"
"dew_fild01","data/dew_fild01.rsw","data/dew_fild01.gnd","data/dew_fild01.gat","200","200","400","400","13","not_yet_parsed","not_yet_tested","not_yet_tested","9278514","unclassified"
"dew_in01","data/dew_in01.rsw","data/dew_in01.gnd","data/dew_in01.gat","30","30","60","60","5","not_yet_parsed","not_yet_tested","not_yet_tested","265286","unclassified"
"dewata","data/dewata.rsw","data/dewata.gnd","data/dewata.gat","170","170","340","340","29","not_yet_parsed","not_yet_tested","not_yet_tested","7468170","unclassified"
"dic_dun01","data/dic_dun01.rsw","data/dic_dun01.gnd","data/dic_dun01.gat","200","128","400","256","10","not_yet_parsed","not_yet_tested","not_yet_tested","6459146","unclassified"
"dic_dun02","data/dic_dun02.rsw","data/dic_dun02.gnd","data/dic_dun02.gat","120","120","240","240","5","not_yet_parsed","not_yet_tested","not_yet_tested","4178698","unclassified"
"dic_fild01","data/dic_fild01.rsw","data/dic_fild01.gnd","data/dic_fild01.gat","150","150","300","300","17","not_yet_parsed","not_yet_tested","not_yet_tested","5764478","unclassified"
"dic_fild02","data/dic_fild02.rsw","data/dic_fild02.gnd","data/dic_fild02.gat","150","200","300","400","10","not_yet_parsed","not_yet_tested","not_yet_tested","6679562","unclassified"
"dic_in01","data/dic_in01.rsw","data/dic_in01.gnd","data/dic_in01.gat","200","150","400","300","21","not_yet_parsed","not_yet_tested","not_yet_tested","5758098","unclassified"
"dicastes01","data/dicastes01.rsw","data/dicastes01.gnd","data/dicastes01.gat","200","200","400","400","31","not_yet_parsed","not_yet_tested","not_yet_tested","9885914","unclassified"
"dicastes02","data/dicastes02.rsw","data/dicastes02.gnd","data/dicastes02.gat","120","180","240","360","16","not_yet_parsed","not_yet_tested","not_yet_tested","5933806","unclassified"
"e_hugel","data/e_hugel.rsw","data/e_hugel.gnd","data/e_hugel.gat","134","140","268","280","38","not_yet_parsed","not_yet_tested","not_yet_tested","4130598","unclassified"
"e_tower","data/e_tower.rsw","data/e_tower.gnd","data/e_tower.gat","150","150","300","300","10","not_yet_parsed","not_yet_tested","not_yet_tested","3397374","unclassified"
"ecl_fild01","data/ecl_fild01.rsw","data/ecl_fild01.gnd","data/ecl_fild01.gat","160","180","320","360","1","not_yet_parsed","not_yet_tested","not_yet_tested","9034706","unclassified"
"ecl_hub01","data/ecl_hub01.rsw","data/ecl_hub01.gnd","data/ecl_hub01.gat","100","90","200","180","2","not_yet_parsed","not_yet_tested","not_yet_tested","2152762","unclassified"
"ecl_in01","data/ecl_in01.rsw","data/ecl_in01.gnd","data/ecl_in01.gat","50","60","100","120","6","not_yet_parsed","not_yet_tested","not_yet_tested","1037758","unclassified"
"ecl_in02","data/ecl_in02.rsw","data/ecl_in02.gnd","data/ecl_in02.gat","100","70","200","140","5","not_yet_parsed","not_yet_tested","not_yet_tested","1148614","unclassified"
"ecl_in03","data/ecl_in03.rsw","data/ecl_in03.gnd","data/ecl_in03.gat","140","58","280","116","7","not_yet_parsed","not_yet_tested","not_yet_tested","2043170","unclassified"
"ecl_in04","data/ecl_in04.rsw","data/ecl_in04.gnd","data/ecl_in04.gat","150","150","300","300","1","not_yet_parsed","not_yet_tested","not_yet_tested","5374950","unclassified"
"ecl_tdun01","data/ecl_tdun01.rsw","data/ecl_tdun01.gnd","data/ecl_tdun01.gat","60","60","120","120","7","not_yet_parsed","not_yet_tested","not_yet_tested","1304482","unclassified"
"ecl_tdun02","data/ecl_tdun02.rsw","data/ecl_tdun02.gnd","data/ecl_tdun02.gat","60","50","120","100","5","not_yet_parsed","not_yet_tested","not_yet_tested","1047682","unclassified"
"ecl_tdun03","data/ecl_tdun03.rsw","data/ecl_tdun03.gnd","data/ecl_tdun03.gat","50","50","100","100","5","not_yet_parsed","not_yet_tested","not_yet_tested","884458","unclassified"
"ecl_tdun04","data/ecl_tdun04.rsw","data/ecl_tdun04.gnd","data/ecl_tdun04.gat","30","30","60","60","4","not_yet_parsed","not_yet_tested","not_yet_tested","256670","unclassified"
"eclage","data/eclage.rsw","data/eclage.gnd","data/eclage.gat","200","200","400","400","13","not_yet_parsed","not_yet_tested","not_yet_tested","7896698","unclassified"
"ein_d02_i","data/ein_d02_i.rsw","data/ein_d02_i.gnd","data/ein_d02_i.gat","150","150","300","300","6","not_yet_parsed","not_yet_tested","not_yet_tested","7112086","unclassified"
"ein_dun01","data/ein_dun01.rsw","data/ein_dun01.gnd","data/ein_dun01.gat","150","150","300","300","6","not_yet_parsed","not_yet_tested","not_yet_tested","6924290","unclassified"
"ein_dun02","data/ein_dun02.rsw","data/ein_dun02.gnd","data/ein_dun02.gat","150","150","300","300","6","not_yet_parsed","not_yet_tested","not_yet_tested","6930114","unclassified"
"ein_dun03","data/ein_dun03.rsw","data/ein_dun03.gnd","data/ein_dun03.gat","150","150","300","300","5","not_yet_parsed","not_yet_tested","not_yet_tested","8366190","unclassified"
"ein_fild01","data/ein_fild01.rsw","data/ein_fild01.gnd","data/ein_fild01.gat","200","200","400","400","12","not_yet_parsed","not_yet_tested","not_yet_tested","9137002","unclassified"
"ein_fild02","data/ein_fild02.rsw","data/ein_fild02.gnd","data/ein_fild02.gat","200","200","400","400","13","not_yet_parsed","not_yet_tested","not_yet_tested","8257282","unclassified"
"ein_fild03","data/ein_fild03.rsw","data/ein_fild03.gnd","data/ein_fild03.gat","200","200","400","400","20","not_yet_parsed","not_yet_tested","not_yet_tested","10033350","unclassified"
"ein_fild04","data/ein_fild04.rsw","data/ein_fild04.gnd","data/ein_fild04.gat","200","200","400","400","19","not_yet_parsed","not_yet_tested","not_yet_tested","9947130","unclassified"
"ein_fild05","data/ein_fild05.rsw","data/ein_fild05.gnd","data/ein_fild05.gat","200","200","400","400","24","not_yet_parsed","not_yet_tested","not_yet_tested","9202526","unclassified"
"ein_fild06","data/ein_fild06.rsw","data/ein_fild06.gnd","data/ein_fild06.gat","200","200","400","400","26","not_yet_parsed","not_yet_tested","not_yet_tested","8878230","unclassified"
"ein_fild07","data/ein_fild07.rsw","data/ein_fild07.gnd","data/ein_fild07.gat","200","200","400","400","26","not_yet_parsed","not_yet_tested","not_yet_tested","9254578","unclassified"
"ein_fild08","data/ein_fild08.rsw","data/ein_fild08.gnd","data/ein_fild08.gat","200","200","400","400","17","not_yet_parsed","not_yet_tested","not_yet_tested","8840338","unclassified"
"ein_fild09","data/ein_fild09.rsw","data/ein_fild09.gnd","data/ein_fild09.gat","200","200","400","400","49","not_yet_parsed","not_yet_tested","not_yet_tested","8109998","unclassified"
"ein_fild10","data/ein_fild10.rsw","data/ein_fild10.gnd","data/ein_fild10.gat","200","200","400","400","20","not_yet_parsed","not_yet_tested","not_yet_tested","7501930","unclassified"
"ein_in01","data/ein_in01.rsw","data/ein_in01.gnd","data/ein_in01.gat","150","150","300","300","24","not_yet_parsed","not_yet_tested","not_yet_tested","4586150","unclassified"
"einbech","data/einbech.rsw","data/einbech.gnd","data/einbech.gat","150","150","300","300","33","not_yet_parsed","not_yet_tested","not_yet_tested","6766238","unclassified"
"einbroch","data/einbroch.rsw","data/einbroch.gnd","data/einbroch.gat","170","190","340","380","29","not_yet_parsed","not_yet_tested","not_yet_tested","8695742","unclassified"
"evt_bomb","data/evt_bomb.rsw","data/evt_bomb.gnd","data/evt_bomb.gat","200","200","400","400","25","not_yet_parsed","not_yet_tested","not_yet_tested","18530874","unclassified"
"evt_mobroom","data/evt_mobroom.rsw","data/evt_mobroom.gnd","data/evt_mobroom.gat","150","80","300","160","13","not_yet_parsed","not_yet_tested","not_yet_tested","2880510","unclassified"
"for_dun01","data/for_dun01.rsw","data/for_dun01.gnd","data/for_dun01.gat","150","150","300","300","9","not_yet_parsed","not_yet_tested","not_yet_tested","7048488","unclassified"
"for_dun02","data/for_dun02.rsw","data/for_dun02.gnd","data/for_dun02.gat","150","150","300","300","11","not_yet_parsed","not_yet_tested","not_yet_tested","7768977","unclassified"
"force_map1","data/force_map1.rsw","data/force_map1.gnd","data/force_map1.gat","100","100","200","200","11","not_yet_parsed","not_yet_tested","not_yet_tested","2878350","unclassified"
"force_map2","data/force_map2.rsw","data/force_map2.gnd","data/force_map2.gat","100","100","200","200","7","not_yet_parsed","not_yet_tested","not_yet_tested","2695926","unclassified"
"force_map3","data/force_map3.rsw","data/force_map3.gnd","data/force_map3.gat","100","100","200","200","8","not_yet_parsed","not_yet_tested","not_yet_tested","2936478","unclassified"
"gef_d01_i","data/gef_d01_i.rsw","data/gef_d01_i.gnd","data/gef_d01_i.gat","150","150","300","300","9","not_yet_parsed","not_yet_tested","not_yet_tested","6187054","unclassified"
"gef_dun00","data/gef_dun00.rsw","data/gef_dun00.gnd","data/gef_dun00.gat","100","100","200","200","9","not_yet_parsed","not_yet_tested","not_yet_tested","3267682","unclassified"
"gef_dun01","data/gef_dun01.rsw","data/gef_dun01.gnd","data/gef_dun01.gat","150","150","300","300","9","not_yet_parsed","not_yet_tested","not_yet_tested","6137718","unclassified"
"gef_dun02","data/gef_dun02.rsw","data/gef_dun02.gnd","data/gef_dun02.gat","130","130","260","260","8","not_yet_parsed","not_yet_tested","not_yet_tested","4716242","unclassified"
"gef_dun03","data/gef_dun03.rsw","data/gef_dun03.gnd","data/gef_dun03.gat","120","120","240","240","7","not_yet_parsed","not_yet_tested","not_yet_tested","4255734","unclassified"
"gef_fild00","data/gef_fild00.rsw","data/gef_fild00.gnd","data/gef_fild00.gat","200","200","400","400","20","not_yet_parsed","not_yet_tested","not_yet_tested","7736670","unclassified"
"gef_fild01","data/gef_fild01.rsw","data/gef_fild01.gnd","data/gef_fild01.gat","200","200","400","400","12","not_yet_parsed","not_yet_tested","not_yet_tested","7585190","unclassified"
"gef_fild02","data/gef_fild02.rsw","data/gef_fild02.gnd","data/gef_fild02.gat","200","200","400","400","12","not_yet_parsed","not_yet_tested","not_yet_tested","10855894","unclassified"
"gef_fild03","data/gef_fild03.rsw","data/gef_fild03.gnd","data/gef_fild03.gat","200","200","400","400","14","not_yet_parsed","not_yet_tested","not_yet_tested","9506982","unclassified"
"gef_fild04","data/gef_fild04.rsw","data/gef_fild04.gnd","data/gef_fild04.gat","190","190","380","380","22","not_yet_parsed","not_yet_tested","not_yet_tested","7415166","unclassified"
"gef_fild05","data/gef_fild05.rsw","data/gef_fild05.gnd","data/gef_fild05.gat","190","190","380","380","13","not_yet_parsed","not_yet_tested","not_yet_tested","7535862","unclassified"
"gef_fild06","data/gef_fild06.rsw","data/gef_fild06.gnd","data/gef_fild06.gat","200","200","400","400","21","not_yet_parsed","not_yet_tested","not_yet_tested","9170882","unclassified"
"gef_fild07","data/gef_fild07.rsw","data/gef_fild07.gnd","data/gef_fild07.gat","190","190","380","380","19","not_yet_parsed","not_yet_tested","not_yet_tested","7550178","unclassified"
"gef_fild08","data/gef_fild08.rsw","data/gef_fild08.gnd","data/gef_fild08.gat","190","190","380","380","12","not_yet_parsed","not_yet_tested","not_yet_tested","7279302","unclassified"
"gef_fild09","data/gef_fild09.rsw","data/gef_fild09.gnd","data/gef_fild09.gat","200","200","400","400","14","not_yet_parsed","not_yet_tested","not_yet_tested","7026402","unclassified"
"gef_fild10","data/gef_fild10.rsw","data/gef_fild10.gnd","data/gef_fild10.gat","200","200","400","400","14","not_yet_parsed","not_yet_tested","not_yet_tested","9527834","unclassified"
"gef_fild11","data/gef_fild11.rsw","data/gef_fild11.gnd","data/gef_fild11.gat","200","200","400","400","32","not_yet_parsed","not_yet_tested","not_yet_tested","10019570","unclassified"
"gef_fild12","data/gef_fild12.rsw","data/gef_fild12.gnd","data/gef_fild12.gat","200","200","400","400","13","not_yet_parsed","not_yet_tested","not_yet_tested","9559714","unclassified"
"gef_fild13","data/gef_fild13.rsw","data/gef_fild13.gnd","data/gef_fild13.gat","200","200","400","400","14","not_yet_parsed","not_yet_tested","not_yet_tested","8829690","unclassified"
"gef_fild14","data/gef_fild14.rsw","data/gef_fild14.gnd","data/gef_fild14.gat","200","200","400","400","15","not_yet_parsed","not_yet_tested","not_yet_tested","9254010","unclassified"
"gef_tower","data/gef_tower.rsw","data/gef_tower.gnd","data/gef_tower.gat","100","100","200","200","8","not_yet_parsed","not_yet_tested","not_yet_tested","2215474","unclassified"
"gefenia01","data/gefenia01.rsw","data/gefenia01.gnd","data/gefenia01.gat","150","150","300","300","8","not_yet_parsed","not_yet_tested","not_yet_tested","7154195","unclassified"
"gefenia02","data/gefenia02.rsw","data/gefenia02.gnd","data/gefenia02.gat","150","150","300","300","8","not_yet_parsed","not_yet_tested","not_yet_tested","6420454","unclassified"
"gefenia03","data/gefenia03.rsw","data/gefenia03.gnd","data/gefenia03.gat","150","150","300","300","8","not_yet_parsed","not_yet_tested","not_yet_tested","7070618","unclassified"
"gefenia04","data/gefenia04.rsw","data/gefenia04.gnd","data/gefenia04.gat","150","150","300","300","7","not_yet_parsed","not_yet_tested","not_yet_tested","5071135","unclassified"
"geffen_in","data/geffen_in.rsw","data/geffen_in.gnd","data/geffen_in.gat","100","100","200","200","13","not_yet_parsed","not_yet_tested","not_yet_tested","1943666","unclassified"
"geffen","data/geffen.rsw","data/geffen.gnd","data/geffen.gat","120","120","240","240","10","not_yet_parsed","not_yet_tested","not_yet_tested","3110626","unclassified"
"gefg_cas01","data/gefg_cas01.rsw","data/gefg_cas01.gnd","data/gefg_cas01.gat","110","110","220","220","24","not_yet_parsed","not_yet_tested","not_yet_tested","2463538","unclassified"
"gefg_cas02","data/gefg_cas02.rsw","data/gefg_cas02.gnd","data/gefg_cas02.gat","100","110","200","220","21","not_yet_parsed","not_yet_tested","not_yet_tested","2467918","unclassified"
"gefg_cas03","data/gefg_cas03.rsw","data/gefg_cas03.gnd","data/gefg_cas03.gat","140","150","280","300","23","not_yet_parsed","not_yet_tested","not_yet_tested","5012710","unclassified"
"gefg_cas04","data/gefg_cas04.rsw","data/gefg_cas04.gnd","data/gefg_cas04.gat","100","124","200","248","21","not_yet_parsed","not_yet_tested","not_yet_tested","2648050","unclassified"
"gefg_cas05","data/gefg_cas05.rsw","data/gefg_cas05.gnd","data/gefg_cas05.gat","110","110","220","220","21","not_yet_parsed","not_yet_tested","not_yet_tested","2683490","unclassified"
"gl_cas01_","data/gl_cas01_.rsw","data/gl_cas01_.gnd","data/gl_cas01_.gat","200","200","400","400","27","not_yet_parsed","not_yet_tested","not_yet_tested","16800443","unclassified"
"gl_cas01","data/gl_cas01.rsw","data/gl_cas01.gnd","data/gl_cas01.gat","200","200","400","400","27","not_yet_parsed","not_yet_tested","not_yet_tested","16713154","unclassified"
"gl_cas02_","data/gl_cas02_.rsw","data/gl_cas02_.gnd","data/gl_cas02_.gat","100","100","200","200","30","not_yet_parsed","not_yet_tested","not_yet_tested","5172070","unclassified"
"gl_cas02","data/gl_cas02.rsw","data/gl_cas02.gnd","data/gl_cas02.gat","100","100","200","200","30","not_yet_parsed","not_yet_tested","not_yet_tested","5172070","unclassified"
"gl_church","data/gl_church.rsw","data/gl_church.gnd","data/gl_church.gat","156","156","312","312","12","not_yet_parsed","not_yet_tested","not_yet_tested","10756122","unclassified"
"gl_chyard_","data/gl_chyard_.rsw","data/gl_chyard_.gnd","data/gl_chyard_.gat","150","150","300","300","10","not_yet_parsed","not_yet_tested","not_yet_tested","10674446","unclassified"
"gl_chyard","data/gl_chyard.rsw","data/gl_chyard.gnd","data/gl_chyard.gat","150","150","300","300","10","not_yet_parsed","not_yet_tested","not_yet_tested","10674446","unclassified"
"gl_dun01","data/gl_dun01.rsw","data/gl_dun01.gnd","data/gl_dun01.gat","150","150","300","300","12","not_yet_parsed","not_yet_tested","not_yet_tested","6693630","unclassified"
"gl_dun02","data/gl_dun02.rsw","data/gl_dun02.gnd","data/gl_dun02.gat","150","150","300","300","6","not_yet_parsed","not_yet_tested","not_yet_tested","6847206","unclassified"
"gl_in01","data/gl_in01.rsw","data/gl_in01.gnd","data/gl_in01.gat","100","100","200","200","21","not_yet_parsed","not_yet_tested","not_yet_tested","3704578","unclassified"
"gl_knt01","data/gl_knt01.rsw","data/gl_knt01.gnd","data/gl_knt01.gat","150","150","300","300","41","not_yet_parsed","not_yet_tested","not_yet_tested","10276618","unclassified"
"gl_knt02","data/gl_knt02.rsw","data/gl_knt02.gnd","data/gl_knt02.gat","150","150","300","300","34","not_yet_parsed","not_yet_tested","not_yet_tested","9464622","unclassified"
"gl_prison","data/gl_prison.rsw","data/gl_prison.gnd","data/gl_prison.gat","100","100","200","200","3","not_yet_parsed","not_yet_tested","not_yet_tested","4799446","unclassified"
"gl_prison1","data/gl_prison1.rsw","data/gl_prison1.gnd","data/gl_prison1.gat","100","100","200","200","3","not_yet_parsed","not_yet_tested","not_yet_tested","4511306","unclassified"
"gl_sew01","data/gl_sew01.rsw","data/gl_sew01.gnd","data/gl_sew01.gat","140","140","280","280","5","not_yet_parsed","not_yet_tested","not_yet_tested","8732222","unclassified"
"gl_sew02","data/gl_sew02.rsw","data/gl_sew02.gnd","data/gl_sew02.gat","158","158","316","316","7","not_yet_parsed","not_yet_tested","not_yet_tested","9518046","unclassified"
"gl_sew03","data/gl_sew03.rsw","data/gl_sew03.gnd","data/gl_sew03.gat","170","150","340","300","3","not_yet_parsed","not_yet_tested","not_yet_tested","9311898","unclassified"
"gl_sew04","data/gl_sew04.rsw","data/gl_sew04.gnd","data/gl_sew04.gat","150","150","300","300","3","not_yet_parsed","not_yet_tested","not_yet_tested","7839602","unclassified"
"gl_step","data/gl_step.rsw","data/gl_step.gnd","data/gl_step.gat","120","120","240","240","2","not_yet_parsed","not_yet_tested","not_yet_tested","7488386","unclassified"
"glast_01","data/glast_01.rsw","data/glast_01.gnd","data/glast_01.gat","200","200","400","400","27","not_yet_parsed","not_yet_tested","not_yet_tested","9120366","unclassified"
"gld_dun01","data/gld_dun01.rsw","data/gld_dun01.gnd","data/gld_dun01.gat","120","120","240","240","5","not_yet_parsed","not_yet_tested","not_yet_tested","4802350","unclassified"
"gld_dun02","data/gld_dun02.rsw","data/gld_dun02.gnd","data/gld_dun02.gat","100","100","200","200","7","not_yet_parsed","not_yet_tested","not_yet_tested","2764774","unclassified"
"gld_dun03","data/gld_dun03.rsw","data/gld_dun03.gnd","data/gld_dun03.gat","150","150","300","300","8","not_yet_parsed","not_yet_tested","not_yet_tested","7135718","unclassified"
"gld_dun04","data/gld_dun04.rsw","data/gld_dun04.gnd","data/gld_dun04.gat","150","150","300","300","10","not_yet_parsed","not_yet_tested","not_yet_tested","6215830","unclassified"
"gld2_ald","data/gld2_ald.rsw","data/gld2_ald.gnd","data/gld2_ald.gat","150","150","300","300","16","not_yet_parsed","not_yet_tested","not_yet_tested","4418786","unclassified"
"gld2_gef","data/gld2_gef.rsw","data/gld2_gef.gnd","data/gld2_gef.gat","130","120","260","240","7","not_yet_parsed","not_yet_tested","not_yet_tested","5017562","unclassified"
"gld2_pay","data/gld2_pay.rsw","data/gld2_pay.gnd","data/gld2_pay.gat","120","120","240","240","33","not_yet_parsed","not_yet_tested","not_yet_tested","7091954","unclassified"
"gld2_prt","data/gld2_prt.rsw","data/gld2_prt.gnd","data/gld2_prt.gat","140","140","280","280","10","not_yet_parsed","not_yet_tested","not_yet_tested","4990570","unclassified"
"gon_dun01","data/gon_dun01.rsw","data/gon_dun01.gnd","data/gon_dun01.gat","150","150","300","300","12","not_yet_parsed","not_yet_tested","not_yet_tested","6734858","unclassified"
"gon_dun02","data/gon_dun02.rsw","data/gon_dun02.gnd","data/gon_dun02.gat","150","150","300","300","5","not_yet_parsed","not_yet_tested","not_yet_tested","3255042","unclassified"
"gon_dun03","data/gon_dun03.rsw","data/gon_dun03.gnd","data/gon_dun03.gat","120","150","240","300","10","not_yet_parsed","not_yet_tested","not_yet_tested","6493606","unclassified"
"gon_fild01","data/gon_fild01.rsw","data/gon_fild01.gnd","data/gon_fild01.gat","200","200","400","400","20","not_yet_parsed","not_yet_tested","not_yet_tested","9067614","unclassified"
"gon_in","data/gon_in.rsw","data/gon_in.gnd","data/gon_in.gat","100","60","200","120","6","not_yet_parsed","not_yet_tested","not_yet_tested","1352870","unclassified"
"gon_test","data/gon_test.rsw","data/gon_test.gnd","data/gon_test.gat","50","60","100","120","17","not_yet_parsed","not_yet_tested","not_yet_tested","592334","unclassified"
"gonryun","data/gonryun.rsw","data/gonryun.gnd","data/gonryun.gat","150","150","300","300","19","not_yet_parsed","not_yet_tested","not_yet_tested","4075198","unclassified"
"grademk","data/grademk.rsw","data/grademk.gnd","data/grademk.gat","100","100","200","200","36","not_yet_parsed","not_yet_tested","not_yet_tested","2602771","unclassified"
"guild_vs1","data/guild_vs1.rsw","data/guild_vs1.gnd","data/guild_vs1.gat","50","50","100","100","4","not_yet_parsed","not_yet_tested","not_yet_tested","654834","unclassified"
"guild_vs2","data/guild_vs2.rsw","data/guild_vs2.gnd","data/guild_vs2.gat","50","50","100","100","4","not_yet_parsed","not_yet_tested","not_yet_tested","571426","unclassified"
"guild_vs3","data/guild_vs3.rsw","data/guild_vs3.gnd","data/guild_vs3.gat","50","50","100","100","7","not_yet_parsed","not_yet_tested","not_yet_tested","1173986","unclassified"
"guild_vs4","data/guild_vs4.rsw","data/guild_vs4.gnd","data/guild_vs4.gat","50","50","100","100","8","not_yet_parsed","not_yet_tested","not_yet_tested","715810","unclassified"
"guild_vs5","data/guild_vs5.rsw","data/guild_vs5.gnd","data/guild_vs5.gat","50","50","100","100","14","not_yet_parsed","not_yet_tested","not_yet_tested","994298","unclassified"
"gw_fild01","data/gw_fild01.rsw","data/gw_fild01.gnd","data/gw_fild01.gat","200","200","400","400","27","not_yet_parsed","not_yet_tested","not_yet_tested","9389703","unclassified"
"gw_fild02","data/gw_fild02.rsw","data/gw_fild02.gnd","data/gw_fild02.gat","200","200","400","400","35","not_yet_parsed","not_yet_tested","not_yet_tested","8797319","unclassified"
"har_in01","data/har_in01.rsw","data/har_in01.gnd","data/har_in01.gat","60","60","120","120","6","not_yet_parsed","not_yet_tested","not_yet_tested","717662","unclassified"
"harboro1","data/harboro1.rsw","data/harboro1.gnd","data/harboro1.gat","200","180","400","360","14","not_yet_parsed","not_yet_tested","not_yet_tested","8191982","unclassified"
"harboro2","data/harboro2.rsw","data/harboro2.gnd","data/harboro2.gat","180","170","360","340","14","not_yet_parsed","not_yet_tested","not_yet_tested","6127806","unclassified"
"hem_dun01","data/hem_dun01.rsw","data/hem_dun01.gnd","data/hem_dun01.gat","140","140","280","280","15","not_yet_parsed","not_yet_tested","not_yet_tested","6648824","unclassified"
"hem_dun02","data/hem_dun02.rsw","data/hem_dun02.gnd","data/hem_dun02.gat","160","160","320","320","36","not_yet_parsed","not_yet_tested","not_yet_tested","9063816","unclassified"
"hem_fild","data/hem_fild.rsw","data/hem_fild.gnd","data/hem_fild.gat","190","190","380","380","50","not_yet_parsed","not_yet_tested","not_yet_tested","13514385","unclassified"
"hero_dun1","data/hero_dun1.rsw","data/hero_dun1.gnd","data/hero_dun1.gat","110","110","220","220","14","not_yet_parsed","not_yet_tested","not_yet_tested","4368426","unclassified"
"hero_ent1","data/hero_ent1.rsw","data/hero_ent1.gnd","data/hero_ent1.gat","140","140","280","280","3","not_yet_parsed","not_yet_tested","not_yet_tested","3635290","unclassified"
"hero_ent2","data/hero_ent2.rsw","data/hero_ent2.gnd","data/hero_ent2.gat","90","90","180","180","7","not_yet_parsed","not_yet_tested","not_yet_tested","2707459","unclassified"
"hero_ent3","data/hero_ent3.rsw","data/hero_ent3.gnd","data/hero_ent3.gat","70","90","140","180","4","not_yet_parsed","not_yet_tested","not_yet_tested","2080130","unclassified"
"hero_in1","data/hero_in1.rsw","data/hero_in1.gnd","data/hero_in1.gat","110","110","220","220","14","not_yet_parsed","not_yet_tested","not_yet_tested","4365866","unclassified"
"hero_in2","data/hero_in2.rsw","data/hero_in2.gnd","data/hero_in2.gat","110","110","220","220","9","not_yet_parsed","not_yet_tested","not_yet_tested","3180400","unclassified"
"hero_in3","data/hero_in3.rsw","data/hero_in3.gnd","data/hero_in3.gat","110","110","220","220","12","not_yet_parsed","not_yet_tested","not_yet_tested","4246048","unclassified"
"hero_in4","data/hero_in4.rsw","data/hero_in4.gnd","data/hero_in4.gat","110","110","220","220","7","not_yet_parsed","not_yet_tested","not_yet_tested","4006951","unclassified"
"hero_lb","data/hero_lb.rsw","data/hero_lb.gnd","data/hero_lb.gat","140","140","280","280","8","not_yet_parsed","not_yet_tested","not_yet_tested","5385677","unclassified"
"hero_out1","data/hero_out1.rsw","data/hero_out1.gnd","data/hero_out1.gat","140","170","280","340","15","not_yet_parsed","not_yet_tested","not_yet_tested","5761681","unclassified"
"hero_out2","data/hero_out2.rsw","data/hero_out2.gnd","data/hero_out2.gat","140","140","280","280","11","not_yet_parsed","not_yet_tested","not_yet_tested","4812896","unclassified"
"hero_out3","data/hero_out3.rsw","data/hero_out3.gnd","data/hero_out3.gat","140","140","280","280","8","not_yet_parsed","not_yet_tested","not_yet_tested","6694351","unclassified"
"hero_out4","data/hero_out4.rsw","data/hero_out4.gnd","data/hero_out4.gat","140","140","280","280","18","not_yet_parsed","not_yet_tested","not_yet_tested","4690850","unclassified"
"hero_tra","data/hero_tra.rsw","data/hero_tra.gnd","data/hero_tra.gat","70","90","140","180","4","not_yet_parsed","not_yet_tested","not_yet_tested","2074490","unclassified"
"herosria","data/herosria.rsw","data/herosria.gnd","data/herosria.gat","150","150","300","300","7","not_yet_parsed","not_yet_tested","not_yet_tested","5430775","unclassified"
"httyd_01","data/httyd_01.rsw","data/hu_fild05.gnd","data/hu_fild05.gat","200","200","400","400","20","not_yet_parsed","not_yet_tested","not_yet_tested","8837602","unclassified"
"httyd_02","data/httyd_02.rsw","data/abyss_01.gnd","data/abyss_01.gat","150","150","300","300","14","not_yet_parsed","not_yet_tested","not_yet_tested","6300530","unclassified"
"hu_fild01","data/hu_fild01.rsw","data/hu_fild01.gnd","data/hu_fild01.gat","200","200","400","400","27","not_yet_parsed","not_yet_tested","not_yet_tested","9148846","unclassified"
"hu_fild02","data/hu_fild02.rsw","data/hu_fild02.gnd","data/hu_fild02.gat","200","200","400","400","51","not_yet_parsed","not_yet_tested","not_yet_tested","9720406","unclassified"
"hu_fild03","data/hu_fild03.rsw","data/hu_fild03.gnd","data/hu_fild03.gat","200","200","400","400","34","not_yet_parsed","not_yet_tested","not_yet_tested","10216666","unclassified"
"hu_fild04","data/hu_fild04.rsw","data/hu_fild04.gnd","data/hu_fild04.gat","200","200","400","400","26","not_yet_parsed","not_yet_tested","not_yet_tested","10471410","unclassified"
"hu_fild05","data/hu_fild05.rsw","data/hu_fild05.gnd","data/hu_fild05.gat","200","200","400","400","20","not_yet_parsed","not_yet_tested","not_yet_tested","8837602","unclassified"
"hu_fild06","data/hu_fild06.rsw","data/hu_fild06.gnd","data/hu_fild06.gat","200","200","400","400","23","not_yet_parsed","not_yet_tested","not_yet_tested","7653962","unclassified"
"hu_fild07","data/hu_fild07.rsw","data/hu_fild07.gnd","data/hu_fild07.gat","200","200","400","400","21","not_yet_parsed","not_yet_tested","not_yet_tested","9948966","unclassified"
"hu_in01","data/hu_in01.rsw","data/hu_in01.gnd","data/hu_in01.gat","200","200","400","400","37","not_yet_parsed","not_yet_tested","not_yet_tested","7100642","unclassified"
"hugel","data/hugel.rsw","data/hugel.gnd","data/hugel.gat","134","140","268","280","38","not_yet_parsed","not_yet_tested","not_yet_tested","4130598","unclassified"
"icas_in","data/icas_in.rsw","data/icas_in.gnd","data/icas_in.gat","140","160","280","320","7","not_yet_parsed","not_yet_tested","not_yet_tested","5092078","unclassified"
"icas_in2","data/icas_in2.rsw","data/icas_in2.gnd","data/icas_in2.gat","140","80","280","160","2","not_yet_parsed","not_yet_tested","not_yet_tested","2291679","unclassified"
"ice_d03_i","data/ice_d03_i.rsw","data/ice_d03_i.gnd","data/ice_d03_i.gat","150","150","300","300","9","not_yet_parsed","not_yet_tested","not_yet_tested","7223926","unclassified"
"ice_dun01","data/ice_dun01.rsw","data/ice_dun01.gnd","data/ice_dun01.gat","150","150","300","300","18","not_yet_parsed","not_yet_tested","not_yet_tested","7495026","unclassified"
"ice_dun02","data/ice_dun02.rsw","data/ice_dun02.gnd","data/ice_dun02.gat","150","150","300","300","9","not_yet_parsed","not_yet_tested","not_yet_tested","7944778","unclassified"
"ice_dun03","data/ice_dun03.rsw","data/ice_dun03.gnd","data/ice_dun03.gat","150","150","300","300","9","not_yet_parsed","not_yet_tested","not_yet_tested","7127330","unclassified"
"ice_dun04","data/ice_dun04.rsw","data/ice_dun04.gnd","data/ice_dun04.gat","100","100","200","200","5","not_yet_parsed","not_yet_tested","not_yet_tested","1428706","unclassified"
"icecastle","data/icecastle.rsw","data/icecastle.gnd","data/icecastle.gat","150","150","300","300","19","not_yet_parsed","not_yet_tested","not_yet_tested","5078700","unclassified"
"in_hunter","data/in_hunter.rsw","data/in_hunter.gnd","data/in_hunter.gat","100","100","200","200","1","not_yet_parsed","not_yet_tested","not_yet_tested","1525306","unclassified"
"in_moc_16","data/in_moc_16.rsw","data/in_moc_16.gnd","data/in_moc_16.gat","100","100","200","200","8","not_yet_parsed","not_yet_tested","not_yet_tested","1902726","unclassified"
"in_orcs01","data/in_orcs01.rsw","data/in_orcs01.gnd","data/in_orcs01.gat","100","100","200","200","6","not_yet_parsed","not_yet_tested","not_yet_tested","1661950","unclassified"
"in_rogue","data/in_rogue.rsw","data/in_rogue.gnd","data/in_rogue.gat","200","200","400","400","17","not_yet_parsed","not_yet_tested","not_yet_tested","7038570","unclassified"
"in_sphinx1","data/in_sphinx1.rsw","data/in_sphinx1.gnd","data/in_sphinx1.gat","150","150","300","300","6","not_yet_parsed","not_yet_tested","not_yet_tested","10360946","unclassified"
"in_sphinx2","data/in_sphinx2.rsw","data/in_sphinx2.gnd","data/in_sphinx2.gat","150","150","300","300","6","not_yet_parsed","not_yet_tested","not_yet_tested","10309490","unclassified"
"in_sphinx3","data/in_sphinx3.rsw","data/in_sphinx3.gnd","data/in_sphinx3.gat","120","120","240","240","6","not_yet_parsed","not_yet_tested","not_yet_tested","5010518","unclassified"
"in_sphinx4","data/in_sphinx4.rsw","data/in_sphinx4.gnd","data/in_sphinx4.gat","120","120","240","240","6","not_yet_parsed","not_yet_tested","not_yet_tested","7664394","unclassified"
"in_sphinx5","data/in_sphinx5.rsw","data/in_sphinx5.gnd","data/in_sphinx5.gat","100","100","200","200","6","not_yet_parsed","not_yet_tested","not_yet_tested","5322578","unclassified"
"int_land","data/int_land.rsw","data/int_land.gnd","data/int_land.gat","70","70","140","140","13","not_yet_parsed","not_yet_tested","not_yet_tested","1111958","unclassified"
"int_land01","data/int_land01.rsw","data/int_land01.gnd","data/int_land01.gat","70","70","140","140","13","not_yet_parsed","not_yet_tested","not_yet_tested","1111958","unclassified"
"int_land02","data/int_land02.rsw","data/int_land02.gnd","data/int_land02.gat","70","70","140","140","13","not_yet_parsed","not_yet_tested","not_yet_tested","1111958","unclassified"
"int_land03","data/int_land03.rsw","data/int_land03.gnd","data/int_land03.gat","70","70","140","140","13","not_yet_parsed","not_yet_tested","not_yet_tested","1111958","unclassified"
"int_land04","data/int_land04.rsw","data/int_land04.gnd","data/int_land04.gat","70","70","140","140","13","not_yet_parsed","not_yet_tested","not_yet_tested","1111958","unclassified"
"iz_ac01_a","data/iz_ac01_a.rsw","data/iz_ac01_a.gnd","data/iz_ac01_a.gat","110","100","220","200","35","not_yet_parsed","not_yet_tested","not_yet_tested","2479958","unclassified"
"iz_ac01_b","data/iz_ac01_b.rsw","data/iz_ac01_b.gnd","data/iz_ac01_b.gat","110","100","220","200","35","not_yet_parsed","not_yet_tested","not_yet_tested","2479958","unclassified"
"iz_ac01_c","data/iz_ac01_c.rsw","data/iz_ac01_c.gnd","data/iz_ac01_c.gat","110","100","220","200","35","not_yet_parsed","not_yet_tested","not_yet_tested","2479958","unclassified"
"iz_ac01_d","data/iz_ac01_d.rsw","data/iz_ac01_d.gnd","data/iz_ac01_d.gat","110","100","220","200","35","not_yet_parsed","not_yet_tested","not_yet_tested","2479958","unclassified"
"iz_ac01","data/iz_ac01.rsw","data/iz_ac01.gnd","data/iz_ac01.gat","110","100","220","200","35","not_yet_parsed","not_yet_tested","not_yet_tested","2479454","unclassified"
"iz_ac02_a","data/iz_ac02_a.rsw","data/iz_ac02_a.gnd","data/iz_ac02_a.gat","120","120","240","240","49","not_yet_parsed","not_yet_tested","not_yet_tested","3385430","unclassified"
"iz_ac02_b","data/iz_ac02_b.rsw","data/iz_ac02_b.gnd","data/iz_ac02_b.gat","120","120","240","240","49","not_yet_parsed","not_yet_tested","not_yet_tested","3385430","unclassified"
"iz_ac02_c","data/iz_ac02_c.rsw","data/iz_ac02_c.gnd","data/iz_ac02_c.gat","120","120","240","240","49","not_yet_parsed","not_yet_tested","not_yet_tested","3385430","unclassified"
"iz_ac02_d","data/iz_ac02_d.rsw","data/iz_ac02_d.gnd","data/iz_ac02_d.gat","120","120","240","240","49","not_yet_parsed","not_yet_tested","not_yet_tested","3385430","unclassified"
"iz_ac02","data/iz_ac02.rsw","data/iz_ac02.gnd","data/iz_ac02.gat","120","120","240","240","49","not_yet_parsed","not_yet_tested","not_yet_tested","3385430","unclassified"
"iz_d04_i","data/iz_d04_i.rsw","data/iz_d04_i.gnd","data/iz_d04_i.gat","140","150","280","300","12","not_yet_parsed","not_yet_tested","not_yet_tested","7972483","unclassified"
"iz_d05_i","data/iz_d05_i.rsw","data/iz_d05_i.gnd","data/iz_d05_i.gat","140","140","280","280","13","not_yet_parsed","not_yet_tested","not_yet_tested","6440360","unclassified"
"iz_dun00","data/iz_dun00.rsw","data/iz_dun00.gnd","data/iz_dun00.gat","200","200","400","400","6","not_yet_parsed","not_yet_tested","not_yet_tested","12815686","unclassified"
"iz_dun01","data/iz_dun01.rsw","data/iz_dun01.gnd","data/iz_dun01.gat","150","150","300","300","6","not_yet_parsed","not_yet_tested","not_yet_tested","7109314","unclassified"
"iz_dun02","data/iz_dun02.rsw","data/iz_dun02.gnd","data/iz_dun02.gat","200","200","400","400","5","not_yet_parsed","not_yet_tested","not_yet_tested","11556542","unclassified"
"iz_dun03","data/iz_dun03.rsw","data/iz_dun03.gnd","data/iz_dun03.gat","150","150","300","300","5","not_yet_parsed","not_yet_tested","not_yet_tested","6681070","unclassified"
"iz_dun04","data/iz_dun04.rsw","data/iz_dun04.gnd","data/iz_dun04.gat","140","150","280","300","12","not_yet_parsed","not_yet_tested","not_yet_tested","7806998","unclassified"
"iz_dun05","data/iz_dun05.rsw","data/iz_dun05.gnd","data/iz_dun05.gat","140","140","280","280","13","not_yet_parsed","not_yet_tested","not_yet_tested","6396974","unclassified"
"iz_in_a","data/iz_in_a.rsw","data/izlude_in.gnd","data/izlude_in.gat","100","100","200","200","8","not_yet_parsed","not_yet_tested","not_yet_tested","1635950","unclassified"
"iz_in_b","data/iz_in_b.rsw","data/izlude_in.gnd","data/izlude_in.gat","100","100","200","200","8","not_yet_parsed","not_yet_tested","not_yet_tested","1635950","unclassified"
"iz_in_c","data/iz_in_c.rsw","data/izlude_in.gnd","data/izlude_in.gat","100","100","200","200","8","not_yet_parsed","not_yet_tested","not_yet_tested","1635950","unclassified"
"iz_in_d","data/iz_in_d.rsw","data/izlude_in.gnd","data/izlude_in.gat","100","100","200","200","8","not_yet_parsed","not_yet_tested","not_yet_tested","1635950","unclassified"
"iz_int","data/iz_int.rsw","data/iz_int.gnd","data/iz_int.gat","40","40","80","80","9","not_yet_parsed","not_yet_tested","not_yet_tested","383746","unclassified"
"iz_int01","data/iz_int01.rsw","data/iz_int01.gnd","data/iz_int01.gat","40","40","80","80","9","not_yet_parsed","not_yet_tested","not_yet_tested","383746","unclassified"
"iz_int02","data/iz_int02.rsw","data/iz_int02.gnd","data/iz_int02.gat","40","40","80","80","9","not_yet_parsed","not_yet_tested","not_yet_tested","383746","unclassified"
"iz_int03","data/iz_int03.rsw","data/iz_int03.gnd","data/iz_int03.gat","40","40","80","80","9","not_yet_parsed","not_yet_tested","not_yet_tested","383746","unclassified"
"iz_int04","data/iz_int04.rsw","data/iz_int04.gnd","data/iz_int04.gat","40","40","80","80","9","not_yet_parsed","not_yet_tested","not_yet_tested","383746","unclassified"
"iz_ng01","data/iz_ng01.rsw","data/iz_ng01.gnd","data/iz_ng01.gat","80","50","160","100","8","not_yet_parsed","not_yet_tested","not_yet_tested","784902","unclassified"
"izlu2dun","data/izlu2dun.rsw","data/izlu2dun.gnd","data/izlu2dun.gat","108","116","216","232","19","not_yet_parsed","not_yet_tested","not_yet_tested","2800962","unclassified"
"izlude_a","data/izlude_a.rsw","data/izlude_a.gnd","data/izlude_a.gat","134","150","268","300","21","not_yet_parsed","not_yet_tested","not_yet_tested","4164282","unclassified"
"izlude_b","data/izlude_b.rsw","data/izlude_b.gnd","data/izlude_b.gat","134","150","268","300","21","not_yet_parsed","not_yet_tested","not_yet_tested","4164282","unclassified"
"izlude_c","data/izlude_c.rsw","data/izlude_c.gnd","data/izlude_c.gat","134","150","268","300","21","not_yet_parsed","not_yet_tested","not_yet_tested","4164282","unclassified"
"izlude_d","data/izlude_d.rsw","data/izlude_d.gnd","data/izlude_d.gat","134","150","268","300","21","not_yet_parsed","not_yet_tested","not_yet_tested","4164282","unclassified"
"izlude_in","data/izlude_in.rsw","data/izlude_in.gnd","data/izlude_in.gat","100","100","200","200","8","not_yet_parsed","not_yet_tested","not_yet_tested","1635950","unclassified"
"izlude","data/izlude.rsw","data/izlude.gnd","data/izlude.gat","134","150","268","300","21","not_yet_parsed","not_yet_tested","not_yet_tested","4164282","unclassified"
"jalbe_in","data/jalbe_in.rsw","data/jalbe_in.gnd","data/jalbe_in.gat","100","100","200","200","17","not_yet_parsed","not_yet_tested","not_yet_tested","1682690","unclassified"
"jawaii_in","data/jawaii_in.rsw","data/jawaii_in.gnd","data/jawaii_in.gat","100","70","200","140","27","not_yet_parsed","not_yet_tested","not_yet_tested","1304154","unclassified"
"jawaii","data/jawaii.rsw","data/jawaii.gnd","data/jawaii.gat","170","180","340","360","8","not_yet_parsed","not_yet_tested","not_yet_tested","8130018","unclassified"
"job_cru","data/job_cru.rsw","data/job_prist.gnd","data/job_prist.gat","100","100","200","200","9","not_yet_parsed","not_yet_tested","not_yet_tested","1957618","unclassified"
"job_duncer","data/job_duncer.rsw","data/job_duncer.gnd","data/job_duncer.gat","70","86","140","172","5","not_yet_parsed","not_yet_tested","not_yet_tested","1507114","unclassified"
"job_gun","data/job_gun.rsw","data/job_gun.gnd","data/job_gun.gat","150","100","300","200","17","not_yet_parsed","not_yet_tested","not_yet_tested","3022598","unclassified"
"job_hunte","data/job_hunte.rsw","data/job_hunte.gnd","data/job_hunte.gat","100","100","200","200","6","not_yet_parsed","not_yet_tested","not_yet_tested","2381714","unclassified"
"job_hunter","data/job_hunter.rsw","data/job_hunter.gnd","data/job_hunter.gat","100","100","200","200","6","not_yet_parsed","not_yet_tested","not_yet_tested","2296782","unclassified"
"job_knight","data/job_knight.rsw","data/job_knight.gnd","data/job_knight.gat","100","100","200","200","9","not_yet_parsed","not_yet_tested","not_yet_tested","1477902","unclassified"
"job_knt","data/job_knt.rsw","data/job_knt.gnd","data/job_knt.gat","100","100","200","200","11","not_yet_parsed","not_yet_tested","not_yet_tested","2210778","unclassified"
"job_ko","data/job_ko.rsw","data/job_ko.gnd","data/job_ko.gat","100","70","200","140","14","not_yet_parsed","not_yet_tested","not_yet_tested","1749902","unclassified"
"job_monk","data/job_monk.rsw","data/prt_monk.gnd","data/prt_monk.gat","200","150","400","300","29","not_yet_parsed","not_yet_tested","not_yet_tested","6061966","unclassified"
"job_priest","data/job_priest.rsw","data/job_priest.gnd","data/job_priest.gat","100","100","200","200","8","not_yet_parsed","not_yet_tested","not_yet_tested","2199034","unclassified"
"job_prist","data/job_prist.rsw","data/job_prist.gnd","data/job_prist.gat","100","100","200","200","9","not_yet_parsed","not_yet_tested","not_yet_tested","1957618","unclassified"
"job_sage","data/job_sage.rsw","data/job_wiz.gnd","data/job_wiz.gat","100","100","200","200","13","not_yet_parsed","not_yet_tested","not_yet_tested","1613362","unclassified"
"job_soul","data/job_soul.rsw","data/job_soul.gnd","data/job_soul.gat","30","30","60","60","1","not_yet_parsed","not_yet_tested","not_yet_tested","199362","unclassified"
"job_star","data/job_star.rsw","data/job_star.gnd","data/job_star.gat","100","92","200","184","9","not_yet_parsed","not_yet_tested","not_yet_tested","1717978","unclassified"
"job_sword1","data/job_sword1.rsw","data/job_sword1.gnd","data/job_sword1.gat","130","130","260","260","12","not_yet_parsed","not_yet_tested","not_yet_tested","4795146","unclassified"
"job_thief1","data/job_thief1.rsw","data/job_thief1.gnd","data/job_thief1.gat","180","180","360","360","5","not_yet_parsed","not_yet_tested","not_yet_tested","10650966","unclassified"
"job_wiz","data/job_wiz.rsw","data/job_wiz.gnd","data/job_wiz.gat","100","100","200","200","13","not_yet_parsed","not_yet_tested","not_yet_tested","1613362","unclassified"
"job_wizard","data/job_wizard.rsw","data/job_wizard.gnd","data/job_wizard.gat","100","100","200","200","4","not_yet_parsed","not_yet_tested","not_yet_tested","1677986","unclassified"
"job3_arch01","data/job3_arch01.rsw","data/job3_arch01.gnd","data/job3_arch01.gat","30","30","60","60","7","not_yet_parsed","not_yet_tested","not_yet_tested","238270","unclassified"
"job3_arch02","data/job3_arch02.rsw","data/job3_arch02.gnd","data/job3_arch02.gat","200","200","400","400","15","not_yet_parsed","not_yet_tested","not_yet_tested","9178566","unclassified"
"job3_gen01","data/job3_gen01.rsw","data/job3_gen01.gnd","data/job3_gen01.gat","50","50","100","100","7","not_yet_parsed","not_yet_tested","not_yet_tested","736886","unclassified"
"job3_guil01","data/job3_guil01.rsw","data/job3_guil01.gnd","data/job3_guil01.gat","80","50","160","100","12","not_yet_parsed","not_yet_tested","not_yet_tested","814866","unclassified"
"job3_guil02","data/job3_guil02.rsw","data/job3_guil02.gnd","data/job3_guil02.gat","40","40","80","80","6","not_yet_parsed","not_yet_tested","not_yet_tested","358842","unclassified"
"job3_guil03","data/job3_guil03.rsw","data/job3_guil03.gnd","data/job3_guil03.gat","80","50","160","100","24","not_yet_parsed","not_yet_tested","not_yet_tested","1316778","unclassified"
"job3_rang01","data/job3_rang01.rsw","data/job3_rang01.gnd","data/job3_rang01.gat","60","40","120","80","10","not_yet_parsed","not_yet_tested","not_yet_tested","509374","unclassified"
"job3_rang02","data/job3_rang02.rsw","data/job3_rang02.gnd","data/job3_rang02.gat","150","50","300","100","14","not_yet_parsed","not_yet_tested","not_yet_tested","1702358","unclassified"
"job3_rune01","data/job3_rune01.rsw","data/job3_rune01.gnd","data/job3_rune01.gat","80","50","160","100","13","not_yet_parsed","not_yet_tested","not_yet_tested","1175350","unclassified"
"job3_rune02","data/job3_rune02.rsw","data/job3_rune02.gnd","data/job3_rune02.gat","40","40","80","80","4","not_yet_parsed","not_yet_tested","not_yet_tested","413242","unclassified"
"job3_sha01","data/job3_sha01.rsw","data/job3_sha01.gnd","data/job3_sha01.gat","50","50","100","100","20","not_yet_parsed","not_yet_tested","not_yet_tested","674986","unclassified"
"job3_war01","data/job3_war01.rsw","data/job3_war01.gnd","data/job3_war01.gat","26","26","52","52","4","not_yet_parsed","not_yet_tested","not_yet_tested","252382","unclassified"
"job4_bio","data/job4_bio.rsw","data/job4_bio.gnd","data/job4_bio.gat","32","30","64","60","10","not_yet_parsed","not_yet_tested","not_yet_tested","485795","unclassified"
"job4_mag","data/job4_mag.rsw","data/job4_mag.gnd","data/job4_mag.gat","120","120","240","240","1","not_yet_parsed","not_yet_tested","not_yet_tested","3654971","unclassified"
"job4_tro","data/job4_tro.rsw","data/job4_tro.gnd","data/job4_tro.gat","50","50","100","100","4","not_yet_parsed","not_yet_tested","not_yet_tested","857547","unclassified"
"jor_ab01","data/jor_ab01.rsw","data/jor_ab01.gnd","data/jor_ab01.gat","150","150","300","300","16","not_yet_parsed","not_yet_tested","not_yet_tested","4943049","unclassified"
"jor_ab02","data/jor_ab02.rsw","data/jor_ab02.gnd","data/jor_ab02.gat","150","150","300","300","9","not_yet_parsed","not_yet_tested","not_yet_tested","4708704","unclassified"
"jor_albe","data/jor_albe.rsw","data/jor_albe.gnd","data/jor_albe.gat","140","140","280","280","48","not_yet_parsed","not_yet_tested","not_yet_tested","4740663","unclassified"
"jor_back1","data/jor_back1.rsw","data/jor_back1.gnd","data/jor_back1.gat","200","200","400","400","22","not_yet_parsed","not_yet_tested","not_yet_tested","8824942","unclassified"
"jor_back2","data/jor_back2.rsw","data/jor_back2.gnd","data/jor_back2.gat","200","200","400","400","20","not_yet_parsed","not_yet_tested","not_yet_tested","9186925","unclassified"
"jor_back3","data/jor_back3.rsw","data/jor_back3.gnd","data/jor_back3.gat","200","200","400","400","16","not_yet_parsed","not_yet_tested","not_yet_tested","8774998","unclassified"
"jor_back4","data/jor_back4.rsw","data/jor_back4.gnd","data/jor_back4.gat","200","200","400","400","22","not_yet_parsed","not_yet_tested","not_yet_tested","8253109","unclassified"
"jor_back5","data/jor_back5.rsw","data/jor_back5.gnd","data/jor_back5.gat","200","200","400","400","14","not_yet_parsed","not_yet_tested","not_yet_tested","8108354","unclassified"
"jor_back6","data/jor_back6.rsw","data/jor_back6.gnd","data/jor_back6.gat","200","200","400","400","18","not_yet_parsed","not_yet_tested","not_yet_tested","8381960","unclassified"
"jor_base","data/jor_base.rsw","data/jor_base.gnd","data/jor_base.gat","200","200","400","400","20","not_yet_parsed","not_yet_tested","not_yet_tested","9284340","unclassified"
"jor_crk_p","data/jor_crk_p.rsw","data/jor_crk_p.gnd","data/jor_crk_p.gat","100","100","200","200","3","not_yet_parsed","not_yet_tested","not_yet_tested","2091204","unclassified"
"jor_crk","data/jor_crk.rsw","data/jor_crk.gnd","data/jor_crk.gat","100","100","200","200","16","not_yet_parsed","not_yet_tested","not_yet_tested","1735575","unclassified"
"jor_dun01","data/jor_dun01.rsw","data/jor_dun01.gnd","data/jor_dun01.gat","150","150","300","300","16","not_yet_parsed","not_yet_tested","not_yet_tested","4908120","unclassified"
"jor_dun02","data/jor_dun02.rsw","data/jor_dun02.gnd","data/jor_dun02.gat","150","150","300","300","15","not_yet_parsed","not_yet_tested","not_yet_tested","4711238","unclassified"
"jor_dun03","data/jor_dun03.rsw","data/jor_dun03.gnd","data/jor_dun03.gat","60","60","120","120","7","not_yet_parsed","not_yet_tested","not_yet_tested","713498","unclassified"
"jor_maze","data/jor_maze.rsw","data/jor_maze.gnd","data/jor_maze.gat","150","150","300","300","15","not_yet_parsed","not_yet_tested","not_yet_tested","3840024","unclassified"
"jor_mbase","data/jor_mbase.rsw","data/jor_mbase.gnd","data/jor_mbase.gat","200","200","400","400","30","not_yet_parsed","not_yet_tested","not_yet_tested","8375644","unclassified"
"jor_nest","data/jor_nest.rsw","data/jor_nest.gnd","data/jor_nest.gat","150","150","300","300","27","not_yet_parsed","not_yet_tested","not_yet_tested","6989580","unclassified"
"jor_que","data/jor_que.rsw","data/jor_que.gnd","data/jor_que.gat","150","150","300","300","15","not_yet_parsed","not_yet_tested","not_yet_tested","4698929","unclassified"
"jor_raise1","data/jor_raise1.rsw","data/jor_raise1.gnd","data/jor_raise1.gat","200","200","400","400","23","not_yet_parsed","not_yet_tested","not_yet_tested","8390100","unclassified"
"jor_raise2","data/jor_raise2.rsw","data/jor_raise2.gnd","data/jor_raise2.gat","220","220","440","440","40","not_yet_parsed","not_yet_tested","not_yet_tested","9948470","unclassified"
"jor_root1","data/jor_root1.rsw","data/jor_root1.gnd","data/jor_root1.gat","150","150","300","300","20","not_yet_parsed","not_yet_tested","not_yet_tested","5758049","unclassified"
"jor_root2","data/jor_root2.rsw","data/jor_root2.gnd","data/jor_root2.gat","150","150","300","300","19","not_yet_parsed","not_yet_tested","not_yet_tested","6323979","unclassified"
"jor_root3","data/jor_root3.rsw","data/jor_root3.gnd","data/jor_root3.gat","200","200","400","400","15","not_yet_parsed","not_yet_tested","not_yet_tested","7586158","unclassified"
"jor_safty1","data/jor_safty1.rsw","data/jor_safty1.gnd","data/jor_safty1.gat","200","200","400","400","18","not_yet_parsed","not_yet_tested","not_yet_tested","6543167","unclassified"
"jor_safty2","data/jor_safty2.rsw","data/jor_safty2.gnd","data/jor_safty2.gat","200","200","400","400","19","not_yet_parsed","not_yet_tested","not_yet_tested","5261698","unclassified"
"jor_sanct","data/jor_sanct.rsw","data/jor_sanct.gnd","data/jor_sanct.gat","150","150","300","300","21","not_yet_parsed","not_yet_tested","not_yet_tested","6633996","unclassified"
"jor_sklf1","data/jor_sklf1.rsw","data/jor_sklf1.gnd","data/jor_sklf1.gat","170","170","340","340","21","not_yet_parsed","not_yet_tested","not_yet_tested","8655673","unclassified"
"jor_sklf2","data/jor_sklf2.rsw","data/jor_sklf2.gnd","data/jor_sklf2.gat","150","150","300","300","18","not_yet_parsed","not_yet_tested","not_yet_tested","5960923","unclassified"
"jor_tail","data/jor_tail.rsw","data/jor_tail.gnd","data/jor_tail.gat","160","150","320","300","20","not_yet_parsed","not_yet_tested","not_yet_tested","5246994","unclassified"
"jor_tmple1","data/jor_tmple1.rsw","data/jor_tmple1.gnd","data/jor_tmple1.gat","170","170","340","340","21","not_yet_parsed","not_yet_tested","not_yet_tested","8625682","unclassified"
"jor_tmple2","data/jor_tmple2.rsw","data/jor_tmple2.gnd","data/jor_tmple2.gat","150","150","300","300","18","not_yet_parsed","not_yet_tested","not_yet_tested","5960923","unclassified"
"jor_twice","data/jor_twice.rsw","data/jor_twice.gnd","data/jor_twice.gat","200","200","400","400","10","not_yet_parsed","not_yet_tested","not_yet_tested","8277408","unclassified"
"jor_twig","data/jor_twig.rsw","data/jor_twig.gnd","data/jor_twig.gat","140","140","280","280","11","not_yet_parsed","not_yet_tested","not_yet_tested","4017087","unclassified"
"jupe_area1","data/jupe_area1.rsw","data/jupe_area1.gnd","data/jupe_area1.gat","82","150","164","300","7","not_yet_parsed","not_yet_tested","not_yet_tested","4271970","unclassified"
"jupe_area2","data/jupe_area2.rsw","data/jupe_area2.gnd","data/jupe_area2.gat","82","150","164","300","7","not_yet_parsed","not_yet_tested","not_yet_tested","4326570","unclassified"
"jupe_cave","data/jupe_cave.rsw","data/jupe_cave.gnd","data/jupe_cave.gat","116","50","232","100","13","not_yet_parsed","not_yet_tested","not_yet_tested","1184302","unclassified"
"jupe_core","data/jupe_core.rsw","data/jupe_core.gnd","data/jupe_core.gat","150","150","300","300","12","not_yet_parsed","not_yet_tested","not_yet_tested","9758858","unclassified"
"jupe_ele_r","data/jupe_ele_r.rsw","data/jupe_ele_r.gnd","data/jupe_ele_r.gat","50","80","100","160","9","not_yet_parsed","not_yet_tested","not_yet_tested","1316814","unclassified"
"jupe_ele","data/jupe_ele.rsw","data/jupe_ele.gnd","data/jupe_ele.gat","50","62","100","124","6","not_yet_parsed","not_yet_tested","not_yet_tested","453138","unclassified"
"jupe_gate","data/jupe_gate.rsw","data/jupe_gate.gnd","data/jupe_gate.gat","50","100","100","200","3","not_yet_parsed","not_yet_tested","not_yet_tested","1376866","unclassified"
"juperos_01","data/juperos_01.rsw","data/juperos_01.gnd","data/juperos_01.gat","150","150","300","300","29","not_yet_parsed","not_yet_tested","not_yet_tested","7750238","unclassified"
"juperos_02","data/juperos_02.rsw","data/juperos_02.gnd","data/juperos_02.gat","150","150","300","300","19","not_yet_parsed","not_yet_tested","not_yet_tested","7994990","unclassified"
"kh_dun01","data/kh_dun01.rsw","data/kh_dun01.gnd","data/kh_dun01.gat","120","120","240","240","25","not_yet_parsed","not_yet_tested","not_yet_tested","5918790","unclassified"
"kh_dun02","data/kh_dun02.rsw","data/kh_dun02.gnd","data/kh_dun02.gat","120","120","240","240","43","not_yet_parsed","not_yet_tested","not_yet_tested","6705390","unclassified"
"kh_kiehl01","data/kh_kiehl01.rsw","data/kh_kiehl01.gnd","data/kh_kiehl01.gat","100","100","200","200","31","not_yet_parsed","not_yet_tested","not_yet_tested","2833926","unclassified"
"kh_kiehl02","data/kh_kiehl02.rsw","data/kh_kiehl02.gnd","data/kh_kiehl02.gat","50","50","100","100","10","not_yet_parsed","not_yet_tested","not_yet_tested","910666","unclassified"
"kh_mansion","data/kh_mansion.rsw","data/kh_mansion.gnd","data/kh_mansion.gat","50","50","100","100","11","not_yet_parsed","not_yet_tested","not_yet_tested","462742","unclassified"
"kh_rossi","data/kh_rossi.rsw","data/kh_rossi.gnd","data/kh_rossi.gat","150","150","300","300","21","not_yet_parsed","not_yet_tested","not_yet_tested","2943858","unclassified"
"kh_school","data/kh_school.rsw","data/kh_school.gnd","data/kh_school.gat","100","100","200","200","22","not_yet_parsed","not_yet_tested","not_yet_tested","1827482","unclassified"
"kh_vila","data/kh_vila.rsw","data/kh_vila.gnd","data/kh_vila.gat","100","100","200","200","29","not_yet_parsed","not_yet_tested","not_yet_tested","2261714","unclassified"
"kin_in01","data/kin_in01.rsw","data/kin_in01.gnd","data/kin_in01.gat","120","140","240","280","7","not_yet_parsed","not_yet_tested","not_yet_tested","2667893","unclassified"
"kindlbrk","data/kindlbrk.rsw","data/kindlbrk.gnd","data/kindlbrk.gat","150","150","300","300","35","not_yet_parsed","not_yet_tested","not_yet_tested","7208771","unclassified"
"lasa_dun_q","data/lasa_dun_q.rsw","data/lasa_dun_q.gnd","data/lasa_dun_q.gat","160","160","320","320","14","not_yet_parsed","not_yet_tested","not_yet_tested","7227230","unclassified"
"lasa_dun01","data/lasa_dun01.rsw","data/lasa_dun01.gnd","data/lasa_dun01.gat","110","110","220","220","14","not_yet_parsed","not_yet_tested","not_yet_tested","3030138","unclassified"
"lasa_dun02","data/lasa_dun02.rsw","data/lasa_dun02.gnd","data/lasa_dun02.gat","110","110","220","220","14","not_yet_parsed","not_yet_tested","not_yet_tested","3196282","unclassified"
"lasa_dun03","data/lasa_dun03.rsw","data/lasa_dun03.gnd","data/lasa_dun03.gat","160","160","320","320","14","not_yet_parsed","not_yet_tested","not_yet_tested","7227230","unclassified"
"lasa_fild01","data/lasa_fild01.rsw","data/lasa_fild01.gnd","data/lasa_fild01.gat","200","200","400","400","32","not_yet_parsed","not_yet_tested","not_yet_tested","9400490","unclassified"
"lasa_fild02","data/lasa_fild02.rsw","data/lasa_fild02.gnd","data/lasa_fild02.gat","200","200","400","400","32","not_yet_parsed","not_yet_tested","not_yet_tested","10072658","unclassified"
"lasa_in01","data/lasa_in01.rsw","data/lasa_in01.gnd","data/lasa_in01.gat","100","60","200","120","11","not_yet_parsed","not_yet_tested","not_yet_tested","1230702","unclassified"
"lasa_sea","data/lasa_sea.rsw","data/lasa_sea.gnd","data/lasa_sea.gat","110","110","220","220","14","not_yet_parsed","not_yet_tested","not_yet_tested","3230970","unclassified"
"lasagna","data/lasagna.rsw","data/lasagna.gnd","data/lasagna.gat","200","200","400","400","32","not_yet_parsed","not_yet_tested","not_yet_tested","9310106","unclassified"
"lhz_cube","data/lhz_cube.rsw","data/lhz_cube.gnd","data/lhz_cube.gat","130","106","260","212","14","not_yet_parsed","not_yet_tested","not_yet_tested","1958670","unclassified"
"lhz_d_n2","data/lhz_d_n2.rsw","data/lhz_d_n2.gnd","data/lhz_d_n2.gat","48","32","96","64","17","not_yet_parsed","not_yet_tested","not_yet_tested","795574","unclassified"
"lhz_dun_n","data/lhz_dun_n.rsw","data/lhz_dun_n.gnd","data/lhz_dun_n.gat","140","140","280","280","20","not_yet_parsed","not_yet_tested","not_yet_tested","6559906","unclassified"
"lhz_dun01","data/lhz_dun01.rsw","data/lhz_dun01.gnd","data/lhz_dun01.gat","150","150","300","300","51","not_yet_parsed","not_yet_tested","not_yet_tested","10794518","unclassified"
"lhz_dun02","data/lhz_dun02.rsw","data/lhz_dun02.gnd","data/lhz_dun02.gat","150","150","300","300","24","not_yet_parsed","not_yet_tested","not_yet_tested","9173854","unclassified"
"lhz_dun03","data/lhz_dun03.rsw","data/lhz_dun03.gnd","data/lhz_dun03.gat","140","140","280","280","20","not_yet_parsed","not_yet_tested","not_yet_tested","6559906","unclassified"
"lhz_dun04","data/lhz_dun04.rsw","data/lhz_dun04.gnd","data/lhz_dun04.gat","150","150","300","300","26","not_yet_parsed","not_yet_tested","not_yet_tested","9088334","unclassified"
"lhz_fild01","data/lhz_fild01.rsw","data/lhz_fild01.gnd","data/lhz_fild01.gat","200","200","400","400","13","not_yet_parsed","not_yet_tested","not_yet_tested","9056322","unclassified"
"lhz_fild02","data/lhz_fild02.rsw","data/lhz_fild02.gnd","data/lhz_fild02.gat","200","200","400","400","29","not_yet_parsed","not_yet_tested","not_yet_tested","9460646","unclassified"
"lhz_fild03","data/lhz_fild03.rsw","data/lhz_fild03.gnd","data/lhz_fild03.gat","200","200","400","400","23","not_yet_parsed","not_yet_tested","not_yet_tested","8605914","unclassified"
"lhz_in01","data/lhz_in01.rsw","data/lhz_in01.gnd","data/lhz_in01.gat","150","140","300","280","27","not_yet_parsed","not_yet_tested","not_yet_tested","5329738","unclassified"
"lhz_in02","data/lhz_in02.rsw","data/lhz_in02.gnd","data/lhz_in02.gat","150","150","300","300","27","not_yet_parsed","not_yet_tested","not_yet_tested","4147210","unclassified"
"lhz_in03","data/lhz_in03.rsw","data/lhz_in03.gnd","data/lhz_in03.gat","140","140","280","280","17","not_yet_parsed","not_yet_tested","not_yet_tested","3097494","unclassified"
"lhz_que01","data/lhz_que01.rsw","data/lhz_que01.gnd","data/lhz_que01.gat","60","90","120","180","14","not_yet_parsed","not_yet_tested","not_yet_tested","996134","unclassified"
"lighthalzen","data/lighthalzen.rsw","data/lighthalzen.gnd","data/lighthalzen.gat","200","180","400","360","53","not_yet_parsed","not_yet_tested","not_yet_tested","9470054","unclassified"
"lou_dun01","data/lou_dun01.rsw","data/lou_dun01.gnd","data/lou_dun01.gat","150","150","300","300","18","not_yet_parsed","not_yet_tested","not_yet_tested","7354578","unclassified"
"lou_dun02","data/lou_dun02.rsw","data/lou_dun02.gnd","data/lou_dun02.gat","150","150","300","300","7","not_yet_parsed","not_yet_tested","not_yet_tested","8407090","unclassified"
"lou_dun03","data/lou_dun03.rsw","data/lou_dun03.gnd","data/lou_dun03.gat","150","150","300","300","19","not_yet_parsed","not_yet_tested","not_yet_tested","8275530","unclassified"
"lou_fild01","data/lou_fild01.rsw","data/lou_fild01.gnd","data/lou_fild01.gat","200","200","400","400","6","not_yet_parsed","not_yet_tested","not_yet_tested","7955514","unclassified"
"lou_in01","data/lou_in01.rsw","data/lou_in01.gnd","data/lou_in01.gat","100","100","200","200","9","not_yet_parsed","not_yet_tested","not_yet_tested","1714250","unclassified"
"lou_in02","data/lou_in02.rsw","data/lou_in02.gnd","data/lou_in02.gat","150","100","300","200","18","not_yet_parsed","not_yet_tested","not_yet_tested","2793010","unclassified"
"louyang","data/louyang.rsw","data/louyang.gnd","data/louyang.gat","180","180","360","360","17","not_yet_parsed","not_yet_tested","not_yet_tested","7740054","unclassified"
"luna_sf1","data/luna_sf1.rsw","data/luna_sf1.gnd","data/luna_sf1.gat","150","150","300","300","45","not_yet_parsed","not_yet_tested","not_yet_tested","3833883","unclassified"
"luna_sf2","data/luna_sf2.rsw","data/luna_sf2.gnd","data/luna_sf2.gat","150","150","300","300","18","not_yet_parsed","not_yet_tested","not_yet_tested","3519691","unclassified"
"ma_dun01","data/ma_dun01.rsw","data/ma_dun01.gnd","data/ma_dun01.gat","100","100","200","200","8","not_yet_parsed","not_yet_tested","not_yet_tested","3224874","unclassified"
"ma_fild01","data/ma_fild01.rsw","data/ma_fild01.gnd","data/ma_fild01.gat","200","200","400","400","16","not_yet_parsed","not_yet_tested","not_yet_tested","9537038","unclassified"
"ma_fild02","data/ma_fild02.rsw","data/ma_fild02.gnd","data/ma_fild02.gat","200","200","400","400","23","not_yet_parsed","not_yet_tested","not_yet_tested","9649422","unclassified"
"ma_in01","data/ma_in01.rsw","data/ma_in01.gnd","data/ma_in01.gat","100","100","200","200","14","not_yet_parsed","not_yet_tested","not_yet_tested","1642918","unclassified"
"ma_scene01","data/ma_scene01.rsw","data/ma_scene01.gnd","data/ma_scene01.gat","170","180","340","360","8","not_yet_parsed","not_yet_tested","not_yet_tested","5249894","unclassified"
"ma_zif01","data/ma_zif01.rsw","data/ma_zif01.gnd","data/ma_zif01.gat","30","30","60","60","0","not_yet_parsed","not_yet_tested","not_yet_tested","163278","unclassified"
"ma_zif02","data/ma_zif02.rsw","data/ma_zif02.gnd","data/ma_zif02.gat","30","30","60","60","0","not_yet_parsed","not_yet_tested","not_yet_tested","163278","unclassified"
"ma_zif03","data/ma_zif03.rsw","data/ma_zif03.gnd","data/ma_zif03.gat","30","30","60","60","0","not_yet_parsed","not_yet_tested","not_yet_tested","163278","unclassified"
"ma_zif04","data/ma_zif04.rsw","data/ma_zif04.gnd","data/ma_zif04.gat","30","30","60","60","0","not_yet_parsed","not_yet_tested","not_yet_tested","163278","unclassified"
"ma_zif05","data/ma_zif05.rsw","data/ma_zif05.gnd","data/ma_zif05.gat","30","30","60","60","0","not_yet_parsed","not_yet_tested","not_yet_tested","163278","unclassified"
"ma_zif06","data/ma_zif06.rsw","data/ma_zif06.gnd","data/ma_zif06.gat","30","30","60","60","0","not_yet_parsed","not_yet_tested","not_yet_tested","163278","unclassified"
"ma_zif07","data/ma_zif07.rsw","data/ma_zif07.gnd","data/ma_zif07.gat","30","30","60","60","0","not_yet_parsed","not_yet_tested","not_yet_tested","163278","unclassified"
"ma_zif08","data/ma_zif08.rsw","data/ma_zif08.gnd","data/ma_zif08.gat","30","30","60","60","0","not_yet_parsed","not_yet_tested","not_yet_tested","163278","unclassified"
"ma_zif09","data/ma_zif09.rsw","data/ma_zif09.gnd","data/ma_zif09.gat","30","30","60","60","0","not_yet_parsed","not_yet_tested","not_yet_tested","163278","unclassified"
"mag_dun01","data/mag_dun01.rsw","data/mag_dun01.gnd","data/mag_dun01.gat","130","130","260","260","2","not_yet_parsed","not_yet_tested","not_yet_tested","4437886","unclassified"
"mag_dun02","data/mag_dun02.rsw","data/mag_dun02.gnd","data/mag_dun02.gat","130","130","260","260","13","not_yet_parsed","not_yet_tested","not_yet_tested","4933990","unclassified"
"mag_dun03","data/mag_dun03.rsw","data/mag_dun03.gnd","data/mag_dun03.gat","130","130","260","260","13","not_yet_parsed","not_yet_tested","not_yet_tested","4831286","unclassified"
"mal_dun01","data/mal_dun01.rsw","data/mal_dun01.gnd","data/mal_dun01.gat","130","130","260","260","8","not_yet_parsed","not_yet_tested","not_yet_tested","5265594","unclassified"
"mal_in01","data/mal_in01.rsw","data/mal_in01.gnd","data/mal_in01.gat","100","120","200","240","14","not_yet_parsed","not_yet_tested","not_yet_tested","2334046","unclassified"
"mal_in02","data/mal_in02.rsw","data/mal_in02.gnd","data/mal_in02.gat","100","60","200","120","11","not_yet_parsed","not_yet_tested","not_yet_tested","1230702","unclassified"
"malangdo","data/malangdo.rsw","data/malangdo.gnd","data/malangdo.gat","180","190","360","380","19","not_yet_parsed","not_yet_tested","not_yet_tested","6584750","unclassified"
"malaya","data/malaya.rsw","data/malaya.gnd","data/malaya.gat","200","200","400","400","24","not_yet_parsed","not_yet_tested","not_yet_tested","10313894","unclassified"
"man_fild01","data/man_fild01.rsw","data/man_fild01.gnd","data/man_fild01.gat","200","200","400","400","16","not_yet_parsed","not_yet_tested","not_yet_tested","8573466","unclassified"
"man_fild02","data/man_fild02.rsw","data/man_fild02.gnd","data/man_fild02.gat","200","200","400","400","12","not_yet_parsed","not_yet_tested","not_yet_tested","9619438","unclassified"
"man_fild03","data/man_fild03.rsw","data/man_fild03.gnd","data/man_fild03.gat","200","200","400","400","10","not_yet_parsed","not_yet_tested","not_yet_tested","7747342","unclassified"
"man_in01","data/man_in01.rsw","data/man_in01.gnd","data/man_in01.gat","200","150","400","300","14","not_yet_parsed","not_yet_tested","not_yet_tested","5650366","unclassified"
"manuk","data/manuk.rsw","data/manuk.gnd","data/manuk.gat","200","200","400","400","10","not_yet_parsed","not_yet_tested","not_yet_tested","9351794","unclassified"
"mbase_in","data/mbase_in.rsw","data/mbase_in.gnd","data/mbase_in.gat","200","100","400","200","5","not_yet_parsed","not_yet_tested","not_yet_tested","2799229","unclassified"
"memohall","data/memohall.rsw","data/memohall.gnd","data/memohall.gat","140","100","280","200","7","not_yet_parsed","not_yet_tested","not_yet_tested","2894410","unclassified"
"mid_camp","data/mid_camp.rsw","data/mid_camp.gnd","data/mid_camp.gat","200","200","400","400","41","not_yet_parsed","not_yet_tested","not_yet_tested","7730202","unclassified"
"mid_campin","data/mid_campin.rsw","data/mid_campin.gnd","data/mid_campin.gat","200","100","400","200","5","not_yet_parsed","not_yet_tested","not_yet_tested","2773006","unclassified"
"mjo_dun01","data/mjo_dun01.rsw","data/mjo_dun01.gnd","data/mjo_dun01.gat","140","170","280","340","10","not_yet_parsed","not_yet_tested","not_yet_tested","7467658","unclassified"
"mjo_dun02","data/mjo_dun02.rsw","data/mjo_dun02.gnd","data/mjo_dun02.gat","200","200","400","400","12","not_yet_parsed","not_yet_tested","not_yet_tested","8455014","unclassified"
"mjo_dun03","data/mjo_dun03.rsw","data/mjo_dun03.gnd","data/mjo_dun03.gat","170","140","340","280","10","not_yet_parsed","not_yet_tested","not_yet_tested","8070950","unclassified"
"mjo_wst01","data/mjo_wst01.rsw","data/mjo_wst01.gnd","data/mjo_wst01.gat","200","200","400","400","5","not_yet_parsed","not_yet_tested","not_yet_tested","13825452","unclassified"
"mjolnir_01","data/mjolnir_01.rsw","data/mjolnir_01.gnd","data/mjolnir_01.gat","200","200","400","400","24","not_yet_parsed","not_yet_tested","not_yet_tested","9527074","unclassified"
"mjolnir_02","data/mjolnir_02.rsw","data/mjolnir_02.gnd","data/mjolnir_02.gat","200","200","400","400","24","not_yet_parsed","not_yet_tested","not_yet_tested","9960466","unclassified"
"mjolnir_03","data/mjolnir_03.rsw","data/mjolnir_03.gnd","data/mjolnir_03.gat","200","200","400","400","25","not_yet_parsed","not_yet_tested","not_yet_tested","10116210","unclassified"
"mjolnir_04_1","data/mjolnir_04_1.rsw","data/mjolnir_04_1.gnd","data/mjolnir_04_1.gat","200","200","400","400","20","not_yet_parsed","not_yet_tested","not_yet_tested","10829258","unclassified"
"mjolnir_04","data/mjolnir_04.rsw","data/mjolnir_04.gnd","data/mjolnir_04.gat","200","200","400","400","19","not_yet_parsed","not_yet_tested","not_yet_tested","10094870","unclassified"
"mjolnir_05","data/mjolnir_05.rsw","data/mjolnir_05.gnd","data/mjolnir_05.gat","200","200","400","400","22","not_yet_parsed","not_yet_tested","not_yet_tested","10945946","unclassified"
"mjolnir_06","data/mjolnir_06.rsw","data/mjolnir_06.gnd","data/mjolnir_06.gat","200","200","400","400","25","not_yet_parsed","not_yet_tested","not_yet_tested","8566434","unclassified"
"mjolnir_07","data/mjolnir_07.rsw","data/mjolnir_07.gnd","data/mjolnir_07.gat","200","200","400","400","29","not_yet_parsed","not_yet_tested","not_yet_tested","9099414","unclassified"
"mjolnir_08","data/mjolnir_08.rsw","data/mjolnir_08.gnd","data/mjolnir_08.gat","200","200","400","400","31","not_yet_parsed","not_yet_tested","not_yet_tested","9646134","unclassified"
"mjolnir_09","data/mjolnir_09.rsw","data/mjolnir_09.gnd","data/mjolnir_09.gat","200","200","400","400","44","not_yet_parsed","not_yet_tested","not_yet_tested","9775962","unclassified"
"mjolnir_10","data/mjolnir_10.rsw","data/mjolnir_10.gnd","data/mjolnir_10.gat","200","200","400","400","26","not_yet_parsed","not_yet_tested","not_yet_tested","8841026","unclassified"
"mjolnir_11","data/mjolnir_11.rsw","data/mjolnir_11.gnd","data/mjolnir_11.gat","200","200","400","400","9","not_yet_parsed","not_yet_tested","not_yet_tested","9621738","unclassified"
"mjolnir_12","data/mjolnir_12.rsw","data/mjolnir_12.gnd","data/mjolnir_12.gat","200","200","400","400","40","not_yet_parsed","not_yet_tested","not_yet_tested","10075046","unclassified"
"moc_akhet","data/moc_akhet.rsw","data/moc_akhet.gnd","data/moc_akhet.gat","190","190","380","380","10","not_yet_parsed","not_yet_tested","not_yet_tested","10898278","unclassified"
"moc_castle","data/moc_castle.rsw","data/moc_castle.gnd","data/moc_castle.gat","100","100","200","200","10","not_yet_parsed","not_yet_tested","not_yet_tested","1881626","unclassified"
"moc_fild01","data/moc_fild01.rsw","data/moc_fild01.gnd","data/moc_fild01.gat","200","200","400","400","29","not_yet_parsed","not_yet_tested","not_yet_tested","7471466","unclassified"
"moc_fild02","data/moc_fild02.rsw","data/moc_fild02.gnd","data/moc_fild02.gat","200","180","400","360","42","not_yet_parsed","not_yet_tested","not_yet_tested","8811566","unclassified"
"moc_fild03","data/moc_fild03.rsw","data/moc_fild03.gnd","data/moc_fild03.gat","160","180","320","360","12","not_yet_parsed","not_yet_tested","not_yet_tested","7911874","unclassified"
"moc_fild04","data/moc_fild04.rsw","data/moc_fild04.gnd","data/moc_fild04.gat","200","200","400","400","17","not_yet_parsed","not_yet_tested","not_yet_tested","7976722","unclassified"
"moc_fild05","data/moc_fild05.rsw","data/moc_fild05.gnd","data/moc_fild05.gat","200","200","400","400","13","not_yet_parsed","not_yet_tested","not_yet_tested","8053106","unclassified"
"moc_fild06","data/moc_fild06.rsw","data/moc_fild06.gnd","data/moc_fild06.gat","200","200","400","400","13","not_yet_parsed","not_yet_tested","not_yet_tested","7935662","unclassified"
"moc_fild07","data/moc_fild07.rsw","data/moc_fild07.gnd","data/moc_fild07.gat","200","200","400","400","16","not_yet_parsed","not_yet_tested","not_yet_tested","7976130","unclassified"
"moc_fild08","data/moc_fild08.rsw","data/moc_fild08.gnd","data/moc_fild08.gat","200","200","400","400","26","not_yet_parsed","not_yet_tested","not_yet_tested","8558694","unclassified"
"moc_fild09","data/moc_fild09.rsw","data/moc_fild09.gnd","data/moc_fild09.gat","200","200","400","400","19","not_yet_parsed","not_yet_tested","not_yet_tested","8888910","unclassified"
"moc_fild10","data/moc_fild10.rsw","data/moc_fild10.gnd","data/moc_fild10.gat","200","160","400","320","16","not_yet_parsed","not_yet_tested","not_yet_tested","7755494","unclassified"
"moc_fild11","data/moc_fild11.rsw","data/moc_fild11.gnd","data/moc_fild11.gat","200","200","400","400","16","not_yet_parsed","not_yet_tested","not_yet_tested","8080214","unclassified"
"moc_fild12","data/moc_fild12.rsw","data/moc_fild12.gnd","data/moc_fild12.gat","160","200","320","400","24","not_yet_parsed","not_yet_tested","not_yet_tested","6477570","unclassified"
"moc_fild13","data/moc_fild13.rsw","data/moc_fild13.gnd","data/moc_fild13.gat","170","200","340","400","46","not_yet_parsed","not_yet_tested","not_yet_tested","7357762","unclassified"
"moc_fild14","data/moc_fild14.rsw","data/moc_fild14.gnd","data/moc_fild14.gat","200","200","400","400","24","not_yet_parsed","not_yet_tested","not_yet_tested","8077970","unclassified"
"moc_fild15","data/moc_fild15.rsw","data/moc_fild15.gnd","data/moc_fild15.gat","200","200","400","400","32","not_yet_parsed","not_yet_tested","not_yet_tested","7742562","unclassified"
"moc_fild16","data/moc_fild16.rsw","data/moc_fild16.gnd","data/moc_fild16.gat","200","200","400","400","35","not_yet_parsed","not_yet_tested","not_yet_tested","7587550","unclassified"
"moc_fild17","data/moc_fild17.rsw","data/moc_fild17.gnd","data/moc_fild17.gat","200","200","400","400","30","not_yet_parsed","not_yet_tested","not_yet_tested","7081610","unclassified"
"moc_fild18","data/moc_fild18.rsw","data/moc_fild18.gnd","data/moc_fild18.gat","200","200","400","400","22","not_yet_parsed","not_yet_tested","not_yet_tested","7646642","unclassified"
"moc_fild19","data/moc_fild19.rsw","data/moc_fild19.gnd","data/moc_fild19.gat","100","100","200","200","15","not_yet_parsed","not_yet_tested","not_yet_tested","2439042","unclassified"
"moc_fild20","data/moc_fild20.rsw","data/moc_fild20.gnd","data/moc_fild20.gat","200","200","400","400","27","not_yet_parsed","not_yet_tested","not_yet_tested","6990978","unclassified"
"moc_fild21","data/moc_fild21.rsw","data/moc_fild21.gnd","data/moc_fild21.gat","200","200","400","400","17","not_yet_parsed","not_yet_tested","not_yet_tested","7345234","unclassified"
"moc_fild22","data/moc_fild22.rsw","data/moc_fild22.gnd","data/moc_fild22.gat","200","200","400","400","16","not_yet_parsed","not_yet_tested","not_yet_tested","7640486","unclassified"
"moc_fild22b","data/moc_fild22b.rsw","data/moc_fild22b.gnd","data/moc_fild22b.gat","200","200","400","400","16","not_yet_parsed","not_yet_tested","not_yet_tested","7772762","unclassified"
"moc_para01","data/moc_para01.rsw","data/moc_para01.gnd","data/moc_para01.gat","100","100","200","200","26","not_yet_parsed","not_yet_tested","not_yet_tested","2091210","unclassified"
"moc_pryd01","data/moc_pryd01.rsw","data/moc_pryd01.gnd","data/moc_pryd01.gat","100","100","200","200","5","not_yet_parsed","not_yet_tested","not_yet_tested","3183830","unclassified"
"moc_pryd02","data/moc_pryd02.rsw","data/moc_pryd02.gnd","data/moc_pryd02.gat","100","100","200","200","5","not_yet_parsed","not_yet_tested","not_yet_tested","3466422","unclassified"
"moc_pryd03","data/moc_pryd03.rsw","data/moc_pryd03.gnd","data/moc_pryd03.gat","100","100","200","200","5","not_yet_parsed","not_yet_tested","not_yet_tested","2493762","unclassified"
"moc_pryd04","data/moc_pryd04.rsw","data/moc_pryd04.gnd","data/moc_pryd04.gat","100","100","200","200","5","not_yet_parsed","not_yet_tested","not_yet_tested","4750674","unclassified"
"moc_pryd05","data/moc_pryd05.rsw","data/moc_pryd05.gnd","data/moc_pryd05.gat","116","116","232","232","6","not_yet_parsed","not_yet_tested","not_yet_tested","6273950","unclassified"
"moc_pryd06","data/moc_pryd06.rsw","data/moc_pryd06.gnd","data/moc_pryd06.gat","102","102","204","204","8","not_yet_parsed","not_yet_tested","not_yet_tested","5197826","unclassified"
"moc_prydb1","data/moc_prydb1.rsw","data/moc_prydb1.gnd","data/moc_prydb1.gat","100","100","200","200","6","not_yet_parsed","not_yet_tested","not_yet_tested","1546250","unclassified"
"moc_prydn1","data/moc_prydn1.rsw","data/moc_prydn1.gnd","data/moc_prydn1.gat","116","116","232","232","6","not_yet_parsed","not_yet_tested","not_yet_tested","6273950","unclassified"
"moc_prydn2","data/moc_prydn2.rsw","data/moc_prydn2.gnd","data/moc_prydn2.gat","102","102","204","204","8","not_yet_parsed","not_yet_tested","not_yet_tested","5197826","unclassified"
"moc_ruins","data/moc_ruins.rsw","data/moc_ruins.gnd","data/moc_ruins.gat","100","100","200","200","13","not_yet_parsed","not_yet_tested","not_yet_tested","2346674","unclassified"
"monk_in","data/monk_in.rsw","data/monk_in.gnd","data/monk_in.gat","100","100","200","200","12","not_yet_parsed","not_yet_tested","not_yet_tested","2008186","unclassified"
"monk_test","data/monk_test.rsw","data/monk_test.gnd","data/monk_test.gat","200","200","400","400","12","not_yet_parsed","not_yet_tested","not_yet_tested","6265274","unclassified"
"mora","data/mora.rsw","data/mora.gnd","data/mora.gat","120","120","240","240","17","not_yet_parsed","not_yet_tested","not_yet_tested","3770046","unclassified"
"moro_cav","data/moro_cav.rsw","data/moro_cav.gnd","data/moro_cav.gat","50","50","100","100","5","not_yet_parsed","not_yet_tested","not_yet_tested","670586","unclassified"
"moro_vol","data/moro_vol.rsw","data/moro_vol.gnd","data/moro_vol.gat","200","200","400","400","10","not_yet_parsed","not_yet_tested","not_yet_tested","9234098","unclassified"
"morocc_in","data/morocc_in.rsw","data/morocc_in.gnd","data/morocc_in.gat","100","100","200","200","19","not_yet_parsed","not_yet_tested","not_yet_tested","1818934","unclassified"
"morocc","data/morocc.rsw","data/morocc.gnd","data/morocc.gat","160","160","320","320","12","not_yet_parsed","not_yet_tested","not_yet_tested","5295806","unclassified"
"moscovia","data/moscovia.rsw","data/moscovia.gnd","data/moscovia.gat","200","200","400","400","38","not_yet_parsed","not_yet_tested","not_yet_tested","8010802","unclassified"
"mosk_dun01","data/mosk_dun01.rsw","data/mosk_dun01.gnd","data/mosk_dun01.gat","150","150","300","300","24","not_yet_parsed","not_yet_tested","not_yet_tested","5804010","unclassified"
"mosk_dun02","data/mosk_dun02.rsw","data/mosk_dun02.gnd","data/mosk_dun02.gat","150","150","300","300","21","not_yet_parsed","not_yet_tested","not_yet_tested","6338706","unclassified"
"mosk_dun03","data/mosk_dun03.rsw","data/mosk_dun03.gnd","data/mosk_dun03.gat","150","150","300","300","17","not_yet_parsed","not_yet_tested","not_yet_tested","6774866","unclassified"
"mosk_fild01","data/mosk_fild01.rsw","data/mosk_fild01.gnd","data/mosk_fild01.gat","100","100","200","200","2","not_yet_parsed","not_yet_tested","not_yet_tested","1642518","unclassified"
"mosk_fild02","data/mosk_fild02.rsw","data/mosk_fild02.gnd","data/mosk_fild02.gat","150","150","300","300","25","not_yet_parsed","not_yet_tested","not_yet_tested","5339334","unclassified"
"mosk_in","data/mosk_in.rsw","data/mosk_in.gnd","data/mosk_in.gat","150","150","300","300","33","not_yet_parsed","not_yet_tested","not_yet_tested","3535126","unclassified"
"mosk_que","data/mosk_que.rsw","data/mosk_que.gnd","data/mosk_que.gat","50","120","100","240","7","not_yet_parsed","not_yet_tested","not_yet_tested","1293670","unclassified"
"mosk_ship","data/mosk_ship.rsw","data/mosk_ship.gnd","data/mosk_ship.gat","100","100","200","200","3","not_yet_parsed","not_yet_tested","not_yet_tested","1644938","unclassified"
"mu_dun01","data/mu_dun01.rsw","data/mu_dun01.gnd","data/mu_dun01.gat","150","150","300","300","5","not_yet_parsed","not_yet_tested","not_yet_tested","5376602","unclassified"
"mu_dun02","data/mu_dun02.rsw","data/mu_dun02.gnd","data/mu_dun02.gat","150","150","300","300","6","not_yet_parsed","not_yet_tested","not_yet_tested","6579945","unclassified"
"mu_fild01","data/mu_fild01.rsw","data/mu_fild01.gnd","data/mu_fild01.gat","200","200","400","400","26","not_yet_parsed","not_yet_tested","not_yet_tested","14001032","unclassified"
"mu_fild02","data/mu_fild02.rsw","data/mu_fild02.gnd","data/mu_fild02.gat","200","200","400","400","41","not_yet_parsed","not_yet_tested","not_yet_tested","11060160","unclassified"
"mu_fild03","data/mu_fild03.rsw","data/mu_fild03.gnd","data/mu_fild03.gat","200","200","400","400","33","not_yet_parsed","not_yet_tested","not_yet_tested","10423128","unclassified"
"n_castle","data/n_castle.rsw","data/n_castle.gnd","data/n_castle.gat","100","100","200","200","16","not_yet_parsed","not_yet_tested","not_yet_tested","2669738","unclassified"
"nakhyang","data/nakhyang.rsw","data/nakhyang.gnd","data/nakhyang.gat","34","32","68","64","9","not_yet_parsed","not_yet_tested","not_yet_tested","371042","unclassified"
"nameless_i","data/nameless_i.rsw","data/nameless_i.gnd","data/nameless_i.gat","170","170","340","340","38","not_yet_parsed","not_yet_tested","not_yet_tested","6614422","unclassified"
"nameless_in","data/nameless_in.rsw","data/nameless_in.gnd","data/nameless_in.gat","100","100","200","200","13","not_yet_parsed","not_yet_tested","not_yet_tested","1557290","unclassified"
"nameless_n","data/nameless_n.rsw","data/nameless_n.gnd","data/nameless_n.gat","170","170","340","340","38","not_yet_parsed","not_yet_tested","not_yet_tested","7899566","unclassified"
"new_event","data/new_event.rsw","data/new_event.gnd","data/new_event.gat","100","100","200","200","10","not_yet_parsed","not_yet_tested","not_yet_tested","2113810","unclassified"
"new_zone01","data/new_zone01.rsw","data/new_zone01.gnd","data/new_zone01.gat","100","100","200","200","10","not_yet_parsed","not_yet_tested","not_yet_tested","2113810","unclassified"
"new_zone02","data/new_zone02.rsw","data/new_zone02.gnd","data/new_zone02.gat","100","100","200","200","4","not_yet_parsed","not_yet_tested","not_yet_tested","1746558","unclassified"
"new_zone03","data/new_zone03.rsw","data/new_zone03.gnd","data/new_zone03.gat","100","100","200","200","9","not_yet_parsed","not_yet_tested","not_yet_tested","2047194","unclassified"
"new_zone04","data/new_zone04.rsw","data/new_zone04.gnd","data/new_zone04.gat","100","100","200","200","4","not_yet_parsed","not_yet_tested","not_yet_tested","2492590","unclassified"
"nif_dun01","data/nif_dun01.rsw","data/nif_dun01.gnd","data/nif_dun01.gat","150","150","300","300","10","not_yet_parsed","not_yet_tested","not_yet_tested","5879823","unclassified"
"nif_dun02","data/nif_dun02.rsw","data/nif_dun02.gnd","data/nif_dun02.gat","150","150","300","300","18","not_yet_parsed","not_yet_tested","not_yet_tested","6891995","unclassified"
"nif_fild01","data/nif_fild01.rsw","data/nif_fild01.gnd","data/nif_fild01.gat","200","200","400","400","8","not_yet_parsed","not_yet_tested","not_yet_tested","11364962","unclassified"
"nif_fild02","data/nif_fild02.rsw","data/nif_fild02.gnd","data/nif_fild02.gat","200","200","400","400","16","not_yet_parsed","not_yet_tested","not_yet_tested","9826490","unclassified"
"nif_fild03","data/nif_fild03.rsw","data/nif_fild03.gnd","data/nif_fild03.gat","200","200","400","400","17","not_yet_parsed","not_yet_tested","not_yet_tested","10088056","unclassified"
"nif_in","data/nif_in.rsw","data/nif_in.gnd","data/nif_in.gat","100","100","200","200","11","not_yet_parsed","not_yet_tested","not_yet_tested","2346354","unclassified"
"niflheim","data/niflheim.rsw","data/niflheim.gnd","data/niflheim.gat","200","150","400","300","26","not_yet_parsed","not_yet_tested","not_yet_tested","9822202","unclassified"
"niflxmas","data/niflxmas.rsw","data/niflxmas.gnd","data/niflxmas.gat","200","150","400","300","26","not_yet_parsed","not_yet_tested","not_yet_tested","9822458","unclassified"
"nyd_dun01","data/nyd_dun01.rsw","data/nyd_dun01.gnd","data/nyd_dun01.gat","150","150","300","300","12","not_yet_parsed","not_yet_tested","not_yet_tested","6852794","unclassified"
"nyd_dun02","data/nyd_dun02.rsw","data/nyd_dun02.gnd","data/nyd_dun02.gat","130","200","260","400","11","not_yet_parsed","not_yet_tested","not_yet_tested","6713682","unclassified"
"odin_past","data/odin_past.rsw","data/odin_past.gnd","data/odin_past.gat","200","200","400","400","21","not_yet_parsed","not_yet_tested","not_yet_tested","8072606","unclassified"
"odin_tem01","data/odin_tem01.rsw","data/odin_tem01.gnd","data/odin_tem01.gat","200","200","400","400","11","not_yet_parsed","not_yet_tested","not_yet_tested","7881294","unclassified"
"odin_tem02","data/odin_tem02.rsw","data/odin_tem02.gnd","data/odin_tem02.gat","200","200","400","400","11","not_yet_parsed","not_yet_tested","not_yet_tested","9317174","unclassified"
"odin_tem03","data/odin_tem03.rsw","data/odin_tem03.gnd","data/odin_tem03.gat","200","200","400","400","15","not_yet_parsed","not_yet_tested","not_yet_tested","9151942","unclassified"
"orcsdun01","data/orcsdun01.rsw","data/orcsdun01.gnd","data/orcsdun01.gat","100","100","200","200","5","not_yet_parsed","not_yet_tested","not_yet_tested","3019182","unclassified"
"orcsdun02","data/orcsdun02.rsw","data/orcsdun02.gnd","data/orcsdun02.gat","100","100","200","200","5","not_yet_parsed","not_yet_tested","not_yet_tested","3031350","unclassified"
"ordeal_a00","data/ordeal_a00.rsw","data/ordeal_a00.gnd","data/ordeal_a00.gat","150","150","300","300","6","not_yet_parsed","not_yet_tested","not_yet_tested","5536450","unclassified"
"ordeal_a02","data/ordeal_a02.rsw","data/ordeal_a02.gnd","data/ordeal_a02.gat","154","154","308","308","9","not_yet_parsed","not_yet_tested","not_yet_tested","8797806","unclassified"
"oz_dun01","data/oz_dun01.rsw","data/oz_dun01.gnd","data/oz_dun01.gat","150","150","300","300","13","not_yet_parsed","not_yet_tested","not_yet_tested","5402003","unclassified"
"oz_dun02","data/oz_dun02.rsw","data/oz_dun02.gnd","data/oz_dun02.gat","150","150","300","300","10","not_yet_parsed","not_yet_tested","not_yet_tested","7372775","unclassified"
"p_track01","data/p_track01.rsw","data/p_track01.gnd","data/p_track01.gat","50","40","100","80","5","not_yet_parsed","not_yet_tested","not_yet_tested","627238","unclassified"
"paramk","data/paramk.rsw","data/paramk.gnd","data/paramk.gat","100","100","200","200","36","not_yet_parsed","not_yet_tested","not_yet_tested","2602775","unclassified"
"pay_arche","data/pay_arche.rsw","data/pay_arche.gnd","data/pay_arche.gat","100","100","200","200","12","not_yet_parsed","not_yet_tested","not_yet_tested","2622174","unclassified"
"pay_d03_i","data/pay_d03_i.rsw","data/pay_d03_i.gnd","data/pay_d03_i.gat","150","150","300","300","5","not_yet_parsed","not_yet_tested","not_yet_tested","6960354","unclassified"
"pay_dun00","data/pay_dun00.rsw","data/pay_dun00.gnd","data/pay_dun00.gat","100","100","200","200","4","not_yet_parsed","not_yet_tested","not_yet_tested","3209770","unclassified"
"pay_dun01","data/pay_dun01.rsw","data/pay_dun01.gnd","data/pay_dun01.gat","150","150","300","300","4","not_yet_parsed","not_yet_tested","not_yet_tested","6735474","unclassified"
"pay_dun02","data/pay_dun02.rsw","data/pay_dun02.gnd","data/pay_dun02.gat","150","150","300","300","4","not_yet_parsed","not_yet_tested","not_yet_tested","6465906","unclassified"
"pay_dun03","data/pay_dun03.rsw","data/pay_dun03.gnd","data/pay_dun03.gat","150","150","300","300","5","not_yet_parsed","not_yet_tested","not_yet_tested","6949622","unclassified"
"pay_dun04","data/pay_dun04.rsw","data/pay_dun04.gnd","data/pay_dun04.gat","120","120","240","240","6","not_yet_parsed","not_yet_tested","not_yet_tested","4879914","unclassified"
"pay_fild01","data/pay_fild01.rsw","data/pay_fild01.gnd","data/pay_fild01.gat","200","200","400","400","21","not_yet_parsed","not_yet_tested","not_yet_tested","10335630","unclassified"
"pay_fild02","data/pay_fild02.rsw","data/pay_fild02.gnd","data/pay_fild02.gat","150","202","300","404","13","not_yet_parsed","not_yet_tested","not_yet_tested","6832446","unclassified"
"pay_fild03","data/pay_fild03.rsw","data/pay_fild03.gnd","data/pay_fild03.gat","208","150","416","300","18","not_yet_parsed","not_yet_tested","not_yet_tested","7313218","unclassified"
"pay_fild04","data/pay_fild04.rsw","data/pay_fild04.gnd","data/pay_fild04.gat","200","200","400","400","59","not_yet_parsed","not_yet_tested","not_yet_tested","9505142","unclassified"
"pay_fild05","data/pay_fild05.rsw","data/pay_fild05.gnd","data/pay_fild05.gat","150","200","300","400","22","not_yet_parsed","not_yet_tested","not_yet_tested","6506306","unclassified"
"pay_fild06","data/pay_fild06.rsw","data/pay_fild06.gnd","data/pay_fild06.gat","200","200","400","400","23","not_yet_parsed","not_yet_tested","not_yet_tested","9003398","unclassified"
"pay_fild07","data/pay_fild07.rsw","data/pay_fild07.gnd","data/pay_fild07.gat","200","200","400","400","22","not_yet_parsed","not_yet_tested","not_yet_tested","9808290","unclassified"
"pay_fild08","data/pay_fild08.rsw","data/pay_fild08.gnd","data/pay_fild08.gat","140","200","280","400","14","not_yet_parsed","not_yet_tested","not_yet_tested","7235010","unclassified"
"pay_fild09","data/pay_fild09.rsw","data/pay_fild09.gnd","data/pay_fild09.gat","200","200","400","400","23","not_yet_parsed","not_yet_tested","not_yet_tested","10502910","unclassified"
"pay_fild10","data/pay_fild10.rsw","data/pay_fild10.gnd","data/pay_fild10.gat","200","200","400","400","20","not_yet_parsed","not_yet_tested","not_yet_tested","10865966","unclassified"
"pay_fild11","data/pay_fild11.rsw","data/pay_fild11.gnd","data/pay_fild11.gat","160","180","320","360","17","not_yet_parsed","not_yet_tested","not_yet_tested","6305162","unclassified"
"pay_gld","data/pay_gld.rsw","data/pay_gld.gnd","data/pay_gld.gat","200","200","400","400","13","not_yet_parsed","not_yet_tested","not_yet_tested","9745850","unclassified"
"payg_cas01","data/payg_cas01.rsw","data/payg_cas01.gnd","data/payg_cas01.gat","150","80","300","160","24","not_yet_parsed","not_yet_tested","not_yet_tested","2841726","unclassified"
"payg_cas02","data/payg_cas02.rsw","data/payg_cas02.gnd","data/payg_cas02.gat","150","150","300","300","28","not_yet_parsed","not_yet_tested","not_yet_tested","3578134","unclassified"
"payg_cas03","data/payg_cas03.rsw","data/payg_cas03.gnd","data/payg_cas03.gat","150","150","300","300","17","not_yet_parsed","not_yet_tested","not_yet_tested","4035650","unclassified"
"payg_cas04","data/payg_cas04.rsw","data/payg_cas04.gnd","data/payg_cas04.gat","150","150","300","300","20","not_yet_parsed","not_yet_tested","not_yet_tested","4283582","unclassified"
"payg_cas05","data/payg_cas05.rsw","data/payg_cas05.gnd","data/payg_cas05.gat","150","150","300","300","29","not_yet_parsed","not_yet_tested","not_yet_tested","3962510","unclassified"
"payon_in01","data/payon_in01.rsw","data/payon_in01.gnd","data/payon_in01.gat","100","100","200","200","15","not_yet_parsed","not_yet_tested","not_yet_tested","2060538","unclassified"
"payon_in02","data/payon_in02.rsw","data/payon_in02.gnd","data/payon_in02.gat","50","50","100","100","9","not_yet_parsed","not_yet_tested","not_yet_tested","578914","unclassified"
"payon_in03","data/payon_in03.rsw","data/payon_in03.gnd","data/payon_in03.gat","100","100","200","200","19","not_yet_parsed","not_yet_tested","not_yet_tested","2610794","unclassified"
"payon","data/payon.rsw","data/payon.gnd","data/payon.gat","150","180","300","360","26","not_yet_parsed","not_yet_tested","not_yet_tested","7612929","unclassified"
"poring_w01","data/poring_w01.rsw","data/poring_w01.gnd","data/poring_w01.gat","100","100","200","200","3","not_yet_parsed","not_yet_tested","not_yet_tested","2071166","unclassified"
"poring_w02","data/poring_w02.rsw","data/poring_w02.gnd","data/poring_w02.gat","100","120","200","240","14","not_yet_parsed","not_yet_tested","not_yet_tested","3005178","unclassified"
"pprontera","data/pprontera.rsw","data/pprontera.gnd","data/pprontera.gat","156","196","312","392","12","not_yet_parsed","not_yet_tested","not_yet_tested","6197506","unclassified"
"prontera","data/prontera.rsw","data/prontera.gnd","data/prontera.gat","156","196","312","392","12","not_yet_parsed","not_yet_tested","not_yet_tested","6199398","pilot_city"
"prt_are_in","data/prt_are_in.rsw","data/prt_are_in.gnd","data/prt_are_in.gat","100","100","200","200","11","not_yet_parsed","not_yet_tested","not_yet_tested","1836122","unclassified"
"prt_are01","data/prt_are01.rsw","data/prt_are01.gnd","data/prt_are01.gat","150","150","300","300","11","not_yet_parsed","not_yet_tested","not_yet_tested","4958610","unclassified"
"prt_cas_q","data/prt_cas_q.rsw","data/prt_cas_q.gnd","data/prt_cas_q.gat","90","100","180","200","9","not_yet_parsed","not_yet_tested","not_yet_tested","1748886","unclassified"
"prt_cas","data/prt_cas.rsw","data/prt_cas.gnd","data/prt_cas.gat","200","178","400","356","21","not_yet_parsed","not_yet_tested","not_yet_tested","6983474","unclassified"
"prt_castle","data/prt_castle.rsw","data/prt_castle.gnd","data/prt_castle.gat","200","200","400","400","11","not_yet_parsed","not_yet_tested","not_yet_tested","5877874","unclassified"
"prt_church","data/prt_church.rsw","data/prt_church.gnd","data/prt_church.gat","100","100","200","200","7","not_yet_parsed","not_yet_tested","not_yet_tested","1653754","unclassified"
"prt_elib","data/prt_elib.rsw","data/prt_elib.gnd","data/prt_elib.gat","60","58","120","116","5","not_yet_parsed","not_yet_tested","not_yet_tested","936909","unclassified"
"prt_evt_in","data/prt_evt_in.rsw","data/prt_evt_in.gnd","data/prt_evt_in.gat","30","30","60","60","7","not_yet_parsed","not_yet_tested","not_yet_tested","236038","unclassified"
"prt_fild00","data/prt_fild00.rsw","data/prt_fild00.gnd","data/prt_fild00.gat","200","200","400","400","15","not_yet_parsed","not_yet_tested","not_yet_tested","8215482","unclassified"
"prt_fild01","data/prt_fild01.rsw","data/prt_fild01.gnd","data/prt_fild01.gat","200","200","400","400","15","not_yet_parsed","not_yet_tested","not_yet_tested","10566050","unclassified"
"prt_fild02","data/prt_fild02.rsw","data/prt_fild02.gnd","data/prt_fild02.gat","200","200","400","400","16","not_yet_parsed","not_yet_tested","not_yet_tested","11423538","unclassified"
"prt_fild03","data/prt_fild03.rsw","data/prt_fild03.gnd","data/prt_fild03.gat","200","150","400","300","21","not_yet_parsed","not_yet_tested","not_yet_tested","7882862","unclassified"
"prt_fild04","data/prt_fild04.rsw","data/prt_fild04.gnd","data/prt_fild04.gat","200","200","400","400","13","not_yet_parsed","not_yet_tested","not_yet_tested","7125674","unclassified"
"prt_fild05","data/prt_fild05.rsw","data/prt_fild05.gnd","data/prt_fild05.gat","200","200","400","400","18","not_yet_parsed","not_yet_tested","not_yet_tested","9006306","unclassified"
"prt_fild06","data/prt_fild06.rsw","data/prt_fild06.gnd","data/prt_fild06.gat","190","170","380","340","25","not_yet_parsed","not_yet_tested","not_yet_tested","7784658","unclassified"
"prt_fild07","data/prt_fild07.rsw","data/prt_fild07.gnd","data/prt_fild07.gat","200","200","400","400","11","not_yet_parsed","not_yet_tested","not_yet_tested","8397574","unclassified"
"prt_fild08","data/prt_fild08.rsw","data/prt_fild08.gnd","data/prt_fild08.gat","200","200","400","400","21","not_yet_parsed","not_yet_tested","not_yet_tested","8692150","unclassified"
"prt_fild08a","data/prt_fild08a.rsw","data/prt_fild08a.gnd","data/prt_fild08a.gat","200","200","400","400","21","not_yet_parsed","not_yet_tested","not_yet_tested","8692150","unclassified"
"prt_fild08b","data/prt_fild08b.rsw","data/prt_fild08b.gnd","data/prt_fild08b.gat","200","200","400","400","21","not_yet_parsed","not_yet_tested","not_yet_tested","8692150","unclassified"
"prt_fild08c","data/prt_fild08c.rsw","data/prt_fild08c.gnd","data/prt_fild08c.gat","200","200","400","400","21","not_yet_parsed","not_yet_tested","not_yet_tested","8692150","unclassified"
"prt_fild08d","data/prt_fild08d.rsw","data/prt_fild08d.gnd","data/prt_fild08d.gat","200","200","400","400","21","not_yet_parsed","not_yet_tested","not_yet_tested","8692150","unclassified"
"prt_fild09","data/prt_fild09.rsw","data/prt_fild09.gnd","data/prt_fild09.gat","200","200","400","400","30","not_yet_parsed","not_yet_tested","not_yet_tested","7910122","unclassified"
"prt_fild10","data/prt_fild10.rsw","data/prt_fild10.gnd","data/prt_fild10.gat","180","160","360","320","34","not_yet_parsed","not_yet_tested","not_yet_tested","7578326","unclassified"
"prt_fild11","data/prt_fild11.rsw","data/prt_fild11.gnd","data/prt_fild11.gat","190","160","380","320","20","not_yet_parsed","not_yet_tested","not_yet_tested","7616282","unclassified"
"prt_gld","data/prt_gld.rsw","data/prt_gld.gnd","data/prt_gld.gat","160","160","320","320","21","not_yet_parsed","not_yet_tested","not_yet_tested","5378014","unclassified"
"prt_in","data/prt_in.rsw","data/prt_in.gnd","data/prt_in.gat","150","100","300","200","29","not_yet_parsed","not_yet_tested","not_yet_tested","3040462","unclassified"
"prt_lib_q","data/prt_lib_q.rsw","data/prt_lib_q.gnd","data/prt_lib_q.gat","80","60","160","120","5","not_yet_parsed","not_yet_tested","not_yet_tested","1043186","unclassified"
"prt_lib","data/prt_lib.rsw","data/prt_lib.gnd","data/prt_lib.gat","80","60","160","120","5","not_yet_parsed","not_yet_tested","not_yet_tested","1030770","unclassified"
"prt_maze01","data/prt_maze01.rsw","data/prt_maze01.gnd","data/prt_maze01.gat","100","100","200","200","9","not_yet_parsed","not_yet_tested","not_yet_tested","2591142","unclassified"
"prt_maze02","data/prt_maze02.rsw","data/prt_maze02.gnd","data/prt_maze02.gat","100","100","200","200","8","not_yet_parsed","not_yet_tested","not_yet_tested","2225154","unclassified"
"prt_maze03","data/prt_maze03.rsw","data/prt_maze03.gnd","data/prt_maze03.gat","100","100","200","200","9","not_yet_parsed","not_yet_tested","not_yet_tested","2603318","unclassified"
"prt_mk","data/prt_mk.rsw","data/prt_mk.gnd","data/prt_mk.gat","160","160","320","320","8","not_yet_parsed","not_yet_tested","not_yet_tested","4542533","unclassified"
"prt_monk","data/prt_monk.rsw","data/prt_monk.gnd","data/prt_monk.gat","200","150","400","300","29","not_yet_parsed","not_yet_tested","not_yet_tested","6062470","unclassified"
"prt_mz03_i","data/prt_mz03_i.rsw","data/prt_mz03_i.gnd","data/prt_mz03_i.gat","100","100","200","200","10","not_yet_parsed","not_yet_tested","not_yet_tested","4163892","unclassified"
"prt_pri00","data/prt_pri00.rsw","data/prt_pri00.gnd","data/prt_pri00.gat","100","100","200","200","10","not_yet_parsed","not_yet_tested","not_yet_tested","1881626","unclassified"
"prt_prison","data/prt_prison.rsw","data/prt_prison.gnd","data/prt_prison.gat","150","150","300","300","5","not_yet_parsed","not_yet_tested","not_yet_tested","6646726","unclassified"
"prt_q","data/prt_q.rsw","data/prt_q.gnd","data/prt_q.gat","156","196","312","392","14","not_yet_parsed","not_yet_tested","not_yet_tested","7474054","unclassified"
"prt_sewb1","data/prt_sewb1.rsw","data/prt_sewb1.gnd","data/prt_sewb1.gat","160","160","320","320","5","not_yet_parsed","not_yet_tested","not_yet_tested","9539306","unclassified"
"prt_sewb2","data/prt_sewb2.rsw","data/prt_sewb2.gnd","data/prt_sewb2.gat","100","100","200","200","2","not_yet_parsed","not_yet_tested","not_yet_tested","1392110","unclassified"
"prt_sewb3","data/prt_sewb3.rsw","data/prt_sewb3.gnd","data/prt_sewb3.gat","100","100","200","200","2","not_yet_parsed","not_yet_tested","not_yet_tested","1468722","unclassified"
"prt_sewb4","data/prt_sewb4.rsw","data/prt_sewb4.gnd","data/prt_sewb4.gat","100","100","200","200","4","not_yet_parsed","not_yet_tested","not_yet_tested","3262162","unclassified"
"prtg_cas01","data/prtg_cas01.rsw","data/prtg_cas01.gnd","data/prtg_cas01.gat","110","110","220","220","20","not_yet_parsed","not_yet_tested","not_yet_tested","2970726","unclassified"
"prtg_cas02","data/prtg_cas02.rsw","data/prtg_cas02.gnd","data/prtg_cas02.gat","112","120","224","240","22","not_yet_parsed","not_yet_tested","not_yet_tested","3156506","unclassified"
"prtg_cas03","data/prtg_cas03.rsw","data/prtg_cas03.gnd","data/prtg_cas03.gat","110","120","220","240","17","not_yet_parsed","not_yet_tested","not_yet_tested","3435474","unclassified"
"prtg_cas04","data/prtg_cas04.rsw","data/prtg_cas04.gnd","data/prtg_cas04.gat","150","150","300","300","21","not_yet_parsed","not_yet_tested","not_yet_tested","3919610","unclassified"
"prtg_cas05","data/prtg_cas05.rsw","data/prtg_cas05.gnd","data/prtg_cas05.gat","150","150","300","300","22","not_yet_parsed","not_yet_tested","not_yet_tested","4884238","unclassified"
"pub_cat","data/pub_cat.rsw","data/pub_cat.gnd","data/pub_cat.gat","100","80","200","160","12","not_yet_parsed","not_yet_tested","not_yet_tested","1595738","unclassified"
"pvp_2vs2","data/pvp_2vs2.rsw","data/pvp_2vs2.gnd","data/pvp_2vs2.gat","40","40","80","80","3","not_yet_parsed","not_yet_tested","not_yet_tested","626714","unclassified"
"pvp_room","data/pvp_room.rsw","data/pvp_room.gnd","data/pvp_room.gat","50","50","100","100","10","not_yet_parsed","not_yet_tested","not_yet_tested","916998","unclassified"
"pvp_y_1-2","data/pvp_y_1-2.rsw","data/pvp_y_1-2.gnd","data/pvp_y_1-2.gat","134","150","268","300","21","not_yet_parsed","not_yet_tested","not_yet_tested","4167098","unclassified"
"pvp_y_2-2","data/pvp_y_2-2.rsw","data/pvp_y_2-2.gnd","data/pvp_y_2-2.gat","134","150","268","300","21","not_yet_parsed","not_yet_tested","not_yet_tested","4167098","unclassified"
"pvp_y_3-2","data/pvp_y_3-2.rsw","data/pvp_y_3-2.gnd","data/pvp_y_3-2.gat","134","150","268","300","21","not_yet_parsed","not_yet_tested","not_yet_tested","4167098","unclassified"
"pvp_y_4-2","data/pvp_y_4-2.rsw","data/pvp_y_4-2.gnd","data/pvp_y_4-2.gat","134","150","268","300","21","not_yet_parsed","not_yet_tested","not_yet_tested","4167098","unclassified"
"pvp_y_5-2","data/pvp_y_5-2.rsw","data/pvp_y_5-2.gnd","data/pvp_y_5-2.gat","134","150","268","300","21","not_yet_parsed","not_yet_tested","not_yet_tested","4167098","unclassified"
"pvp_y_6-2","data/pvp_y_6-2.rsw","data/pvp_y_6-2.gnd","data/pvp_y_6-2.gat","134","150","268","300","21","not_yet_parsed","not_yet_tested","not_yet_tested","4167098","unclassified"
"pvp_y_7-2","data/pvp_y_7-2.rsw","data/pvp_y_7-2.gnd","data/pvp_y_7-2.gat","134","150","268","300","21","not_yet_parsed","not_yet_tested","not_yet_tested","4167098","unclassified"
"pvp_y_8-2","data/pvp_y_8-2.rsw","data/pvp_y_8-2.gnd","data/pvp_y_8-2.gat","134","150","268","300","21","not_yet_parsed","not_yet_tested","not_yet_tested","4167098","unclassified"
"que_avan01","data/que_avan01.rsw","data/que_avan01.gnd","data/que_avan01.gat","26","26","52","52","4","not_yet_parsed","not_yet_tested","not_yet_tested","316486","unclassified"
"que_ba","data/que_ba.rsw","data/que_ba.gnd","data/que_ba.gat","150","150","300","300","32","not_yet_parsed","not_yet_tested","not_yet_tested","4197434","unclassified"
"que_bingo","data/que_bingo.rsw","data/que_bingo.gnd","data/que_bingo.gat","50","100","100","200","8","not_yet_parsed","not_yet_tested","not_yet_tested","933102","unclassified"
"que_dan01","data/que_dan01.rsw","data/que_dan01.gnd","data/que_dan01.gat","40","40","80","80","19","not_yet_parsed","not_yet_tested","not_yet_tested","559034","unclassified"
"que_dan02","data/que_dan02.rsw","data/que_dan02.gnd","data/que_dan02.gat","60","30","120","60","11","not_yet_parsed","not_yet_tested","not_yet_tested","500378","unclassified"
"que_god01","data/que_god01.rsw","data/que_god01.gnd","data/que_god01.gat","150","70","300","140","19","not_yet_parsed","not_yet_tested","not_yet_tested","2096422","unclassified"
"que_god02","data/que_god02.rsw","data/que_god02.gnd","data/que_god02.gat","100","70","200","140","9","not_yet_parsed","not_yet_tested","not_yet_tested","1382034","unclassified"
"que_house_s","data/que_house_s.rsw","data/que_house_s.gnd","data/que_house_s.gat","48","30","96","60","13","not_yet_parsed","not_yet_tested","not_yet_tested","363730","unclassified"
"que_hugel","data/que_hugel.rsw","data/que_hugel.gnd","data/que_hugel.gat","100","100","200","200","9","not_yet_parsed","not_yet_tested","not_yet_tested","1433142","unclassified"
"que_job01","data/que_job01.rsw","data/que_job01.gnd","data/que_job01.gat","80","50","160","100","12","not_yet_parsed","not_yet_tested","not_yet_tested","805638","unclassified"
"que_job02","data/que_job02.rsw","data/que_job02.gnd","data/que_job02.gat","100","100","200","200","6","not_yet_parsed","not_yet_tested","not_yet_tested","2004558","unclassified"
"que_lhz","data/que_lhz.rsw","data/que_lhz.gnd","data/que_lhz.gat","150","150","300","300","26","not_yet_parsed","not_yet_tested","not_yet_tested","4613882","unclassified"
"que_ng","data/que_ng.rsw","data/que_ng.gnd","data/que_ng.gat","100","100","200","200","18","not_yet_parsed","not_yet_tested","not_yet_tested","1725622","unclassified"
"que_qsch01","data/que_qsch01.rsw","data/que_qsch01.gnd","data/que_qsch01.gat","200","200","400","400","29","not_yet_parsed","not_yet_tested","not_yet_tested","6723642","unclassified"
"que_rachel","data/que_rachel.rsw","data/que_rachel.gnd","data/que_rachel.gat","170","170","340","340","26","not_yet_parsed","not_yet_tested","not_yet_tested","6479278","unclassified"
"que_sign01","data/que_sign01.rsw","data/que_sign01.gnd","data/que_sign01.gat","120","120","240","240","16","not_yet_parsed","not_yet_tested","not_yet_tested","3096602","unclassified"
"que_swat","data/que_swat.rsw","data/que_swat.gnd","data/que_swat.gat","180","180","360","360","19","not_yet_parsed","not_yet_tested","not_yet_tested","8476962","unclassified"
"que_thor","data/que_thor.rsw","data/que_thor.gnd","data/que_thor.gat","100","50","200","100","6","not_yet_parsed","not_yet_tested","not_yet_tested","1462822","unclassified"
"que_thr","data/que_thr.rsw","data/que_thr.gnd","data/que_thr.gat","100","50","200","100","6","not_yet_parsed","not_yet_tested","not_yet_tested","1462827","unclassified"
"quiz_00","data/quiz_00.rsw","data/quiz_00.gnd","data/quiz_00.gat","80","80","160","160","14","not_yet_parsed","not_yet_tested","not_yet_tested","1166118","unclassified"
"quiz_01","data/quiz_01.rsw","data/quiz_01.gnd","data/quiz_01.gat","200","200","400","400","15","not_yet_parsed","not_yet_tested","not_yet_tested","10474866","unclassified"
"quiz_02","data/quiz_02.rsw","data/quiz_02.gnd","data/quiz_02.gat","200","200","400","400","44","not_yet_parsed","not_yet_tested","not_yet_tested","7050218","unclassified"
"ra_fild01","data/ra_fild01.rsw","data/ra_fild01.gnd","data/ra_fild01.gat","200","200","400","400","14","not_yet_parsed","not_yet_tested","not_yet_tested","8102030","unclassified"
"ra_fild02","data/ra_fild02.rsw","data/ra_fild02.gnd","data/ra_fild02.gat","200","200","400","400","13","not_yet_parsed","not_yet_tested","not_yet_tested","7908530","unclassified"
"ra_fild03","data/ra_fild03.rsw","data/ra_fild03.gnd","data/ra_fild03.gat","200","200","400","400","11","not_yet_parsed","not_yet_tested","not_yet_tested","8153130","unclassified"
"ra_fild04","data/ra_fild04.rsw","data/ra_fild04.gnd","data/ra_fild04.gat","200","200","400","400","14","not_yet_parsed","not_yet_tested","not_yet_tested","7215530","unclassified"
"ra_fild05","data/ra_fild05.rsw","data/ra_fild05.gnd","data/ra_fild05.gat","200","200","400","400","26","not_yet_parsed","not_yet_tested","not_yet_tested","7718010","unclassified"
"ra_fild06","data/ra_fild06.rsw","data/ra_fild06.gnd","data/ra_fild06.gat","200","200","400","400","41","not_yet_parsed","not_yet_tested","not_yet_tested","8294454","unclassified"
"ra_fild07","data/ra_fild07.rsw","data/ra_fild07.gnd","data/ra_fild07.gat","200","200","400","400","14","not_yet_parsed","not_yet_tested","not_yet_tested","7593070","unclassified"
"ra_fild08","data/ra_fild08.rsw","data/ra_fild08.gnd","data/ra_fild08.gat","200","200","400","400","19","not_yet_parsed","not_yet_tested","not_yet_tested","8121026","unclassified"
"ra_fild09","data/ra_fild09.rsw","data/ra_fild09.gnd","data/ra_fild09.gat","200","200","400","400","28","not_yet_parsed","not_yet_tested","not_yet_tested","8418174","unclassified"
"ra_fild10","data/ra_fild10.rsw","data/ra_fild10.gnd","data/ra_fild10.gat","200","200","400","400","14","not_yet_parsed","not_yet_tested","not_yet_tested","8152650","unclassified"
"ra_fild11","data/ra_fild11.rsw","data/ra_fild11.gnd","data/ra_fild11.gat","200","200","400","400","21","not_yet_parsed","not_yet_tested","not_yet_tested","8171318","unclassified"
"ra_fild12","data/ra_fild12.rsw","data/ra_fild12.gnd","data/ra_fild12.gat","200","200","400","400","30","not_yet_parsed","not_yet_tested","not_yet_tested","7875790","unclassified"
"ra_fild13","data/ra_fild13.rsw","data/ra_fild13.gnd","data/ra_fild13.gat","200","200","400","400","10","not_yet_parsed","not_yet_tested","not_yet_tested","8170594","unclassified"
"ra_in01","data/ra_in01.rsw","data/ra_in01.gnd","data/ra_in01.gat","200","200","400","400","36","not_yet_parsed","not_yet_tested","not_yet_tested","6338718","unclassified"
"ra_pol01","data/ra_pol01.rsw","data/ra_pol01.gnd","data/ra_pol01.gat","200","200","400","400","9","not_yet_parsed","not_yet_tested","not_yet_tested","7353971","unclassified"
"ra_san01","data/ra_san01.rsw","data/ra_san01.gnd","data/ra_san01.gat","140","140","280","280","17","not_yet_parsed","not_yet_tested","not_yet_tested","5623274","unclassified"
"ra_san02","data/ra_san02.rsw","data/ra_san02.gnd","data/ra_san02.gat","150","150","300","300","12","not_yet_parsed","not_yet_tested","not_yet_tested","8250194","unclassified"
"ra_san03","data/ra_san03.rsw","data/ra_san03.gnd","data/ra_san03.gat","150","150","300","300","24","not_yet_parsed","not_yet_tested","not_yet_tested","9681474","unclassified"
"ra_san04","data/ra_san04.rsw","data/ra_san04.gnd","data/ra_san04.gat","120","120","240","240","17","not_yet_parsed","not_yet_tested","not_yet_tested","5677746","unclassified"
"ra_san05","data/ra_san05.rsw","data/ra_san05.gnd","data/ra_san05.gat","150","150","300","300","13","not_yet_parsed","not_yet_tested","not_yet_tested","8795278","unclassified"
"ra_temin","data/ra_temin.rsw","data/ra_temin.gnd","data/ra_temin.gat","170","170","340","340","26","not_yet_parsed","not_yet_tested","not_yet_tested","6521882","unclassified"
"ra_temple","data/ra_temple.rsw","data/ra_temple.gnd","data/ra_temple.gat","120","120","240","240","22","not_yet_parsed","not_yet_tested","not_yet_tested","4509938","unclassified"
"ra_temsky","data/ra_temsky.rsw","data/ra_temsky.gnd","data/ra_temsky.gat","100","100","200","200","10","not_yet_parsed","not_yet_tested","not_yet_tested","1739094","unclassified"
"rachel","data/rachel.rsw","data/rachel.gnd","data/rachel.gat","150","150","300","300","48","not_yet_parsed","not_yet_tested","not_yet_tested","5806038","unclassified"
"rag_fes_a","data/rag_fes_a.rsw","data/rag_fes_a.gnd","data/rag_fes_a.gat","200","200","400","400","59","not_yet_parsed","not_yet_tested","not_yet_tested","11280873","unclassified"
"rag_fes","data/rag_fes.rsw","data/rag_fes.gnd","data/rag_fes.gat","200","200","400","400","59","not_yet_parsed","not_yet_tested","not_yet_tested","11271951","unclassified"
"ragsruth","data/ragsruth.rsw","data/ragsruth.gnd","data/ragsruth.gat","100","100","200","200","1","not_yet_parsed","not_yet_tested","not_yet_tested","1232928","unclassified"
"rebel_in","data/rebel_in.rsw","data/rebel_in.gnd","data/rebel_in.gat","110","50","220","100","18","not_yet_parsed","not_yet_tested","not_yet_tested","1436442","unclassified"
"rgs_dun1","data/rgs_dun1.rsw","data/rgs_dun1.gnd","data/rgs_dun1.gat","150","150","300","300","0","not_yet_parsed","not_yet_tested","not_yet_tested","2643867","unclassified"
"rgsr_in","data/rgsr_in.rsw","data/rgsr_in.gnd","data/rgsr_in.gat","130","130","260","260","14","not_yet_parsed","not_yet_tested","not_yet_tested","4797010","unclassified"
"rockmi1","data/rockmi1.rsw","data/rockmi1.gnd","data/rockmi1.gat","200","200","400","400","5","not_yet_parsed","not_yet_tested","not_yet_tested","9828850","unclassified"
"rockmi2","data/rockmi2.rsw","data/rockmi2.gnd","data/rockmi2.gat","70","70","140","140","5","not_yet_parsed","not_yet_tested","not_yet_tested","1154590","unclassified"
"rockrdg1","data/rockrdg1.rsw","data/rockrdg1.gnd","data/rockrdg1.gat","200","200","400","400","17","not_yet_parsed","not_yet_tested","not_yet_tested","8814318","unclassified"
"rockrdg2","data/rockrdg2.rsw","data/rockrdg2.gnd","data/rockrdg2.gat","200","200","400","400","5","not_yet_parsed","not_yet_tested","not_yet_tested","8538198","unclassified"
"s_atelier","data/s_atelier.rsw","data/s_atelier.gnd","data/s_atelier.gat","100","70","200","140","29","not_yet_parsed","not_yet_tested","not_yet_tested","1308410","unclassified"
"sch_gld","data/sch_gld.rsw","data/sch_gld.gnd","data/sch_gld.gat","200","200","400","400","29","not_yet_parsed","not_yet_tested","not_yet_tested","7854222","unclassified"
"schg_cas01","data/schg_cas01.rsw","data/schg_cas01.gnd","data/schg_cas01.gat","200","200","400","400","25","not_yet_parsed","not_yet_tested","not_yet_tested","9775870","unclassified"
"schg_cas02","data/schg_cas02.rsw","data/schg_cas02.gnd","data/schg_cas02.gat","200","200","400","400","21","not_yet_parsed","not_yet_tested","not_yet_tested","9261482","unclassified"
"schg_cas03","data/schg_cas03.rsw","data/schg_cas03.gnd","data/schg_cas03.gat","200","200","400","400","18","not_yet_parsed","not_yet_tested","not_yet_tested","6865706","unclassified"
"schg_dun01","data/schg_dun01.rsw","data/schg_dun01.gnd","data/schg_dun01.gat","200","200","400","400","11","not_yet_parsed","not_yet_tested","not_yet_tested","24788958","unclassified"
"sec_in01","data/sec_in01.rsw","data/sec_in01.gnd","data/sec_in01.gat","100","100","200","200","25","not_yet_parsed","not_yet_tested","not_yet_tested","2009890","unclassified"
"sec_in02","data/sec_in02.rsw","data/sec_in02.gnd","data/sec_in02.gat","100","100","200","200","15","not_yet_parsed","not_yet_tested","not_yet_tested","2624038","unclassified"
"sec_pri","data/sec_pri.rsw","data/sec_pri.gnd","data/sec_pri.gat","50","50","100","100","4","not_yet_parsed","not_yet_tested","not_yet_tested","962622","unclassified"
"siege_test","data/siege_test.rsw","data/siege_test.gnd","data/siege_test.gat","110","110","220","220","20","not_yet_parsed","not_yet_tested","not_yet_tested","2970726","unclassified"
"silk_lair","data/silk_lair.rsw","data/silk_lair.gnd","data/silk_lair.gat","200","120","400","240","7","not_yet_parsed","not_yet_tested","not_yet_tested","5565258","unclassified"
"slabw01","data/slabw01.rsw","data/slabw01.gnd","data/slabw01.gat","150","90","300","180","16","not_yet_parsed","not_yet_tested","not_yet_tested","3545886","unclassified"
"sp_cor","data/sp_cor.rsw","data/sp_cor.gnd","data/sp_cor.gat","150","160","300","320","15","not_yet_parsed","not_yet_tested","not_yet_tested","6479082","unclassified"
"sp_os","data/sp_os.rsw","data/sp_os.gnd","data/sp_os.gat","200","200","400","400","19","not_yet_parsed","not_yet_tested","not_yet_tested","10124794","unclassified"
"sp_rudus","data/sp_rudus.rsw","data/sp_rudus.gnd","data/sp_rudus.gat","200","200","400","400","12","not_yet_parsed","not_yet_tested","not_yet_tested","11860362","unclassified"
"sp_rudus2","data/sp_rudus2.rsw","data/sp_rudus2.gnd","data/sp_rudus2.gat","200","200","400","400","12","not_yet_parsed","not_yet_tested","not_yet_tested","12079594","unclassified"
"sp_rudus3","data/sp_rudus3.rsw","data/sp_rudus3.gnd","data/sp_rudus3.gat","200","200","400","400","13","not_yet_parsed","not_yet_tested","not_yet_tested","11940034","unclassified"
"sp_rudus4","data/sp_rudus4.rsw","data/sp_rudus4.gnd","data/sp_rudus4.gat","200","200","400","400","18","not_yet_parsed","not_yet_tested","not_yet_tested","9022427","unclassified"
"spl_fild01","data/spl_fild01.rsw","data/spl_fild01.gnd","data/spl_fild01.gat","200","200","400","400","20","not_yet_parsed","not_yet_tested","not_yet_tested","10261099","unclassified"
"spl_fild02","data/spl_fild02.rsw","data/spl_fild02.gnd","data/spl_fild02.gat","200","200","400","400","16","not_yet_parsed","not_yet_tested","not_yet_tested","8939662","unclassified"
"spl_fild03","data/spl_fild03.rsw","data/spl_fild03.gnd","data/spl_fild03.gat","200","200","400","400","16","not_yet_parsed","not_yet_tested","not_yet_tested","9760950","unclassified"
"spl_in01","data/spl_in01.rsw","data/spl_in01.gnd","data/spl_in01.gat","200","200","400","400","12","not_yet_parsed","not_yet_tested","not_yet_tested","5935462","unclassified"
"spl_in02","data/spl_in02.rsw","data/spl_in02.gnd","data/spl_in02.gat","150","150","300","300","1","not_yet_parsed","not_yet_tested","not_yet_tested","5374950","unclassified"
"splendide","data/splendide.rsw","data/splendide.gnd","data/splendide.gat","200","200","400","400","22","not_yet_parsed","not_yet_tested","not_yet_tested","9714610","unclassified"
"star_frst","data/star_frst.rsw","data/star_frst.gnd","data/star_frst.gat","100","100","200","200","12","not_yet_parsed","not_yet_tested","not_yet_tested","2316798","unclassified"
"star_in","data/star_in.rsw","data/star_in.gnd","data/star_in.gat","100","100","200","200","15","not_yet_parsed","not_yet_tested","not_yet_tested","2059282","unclassified"
"starhall","data/starhall.rsw","data/starhall.gnd","data/starhall.gat","80","80","160","160","16","not_yet_parsed","not_yet_tested","not_yet_tested","1285180","unclassified"
"t_garden","data/t_garden.rsw","data/t_garden.gnd","data/t_garden.gat","130","148","260","296","8","not_yet_parsed","not_yet_tested","not_yet_tested","4872020","unclassified"
"te_alde_gld","data/te_alde_gld.rsw","data/te_alde_gld.gnd","data/te_alde_gld.gat","160","160","320","320","17","not_yet_parsed","not_yet_tested","not_yet_tested","6386426","unclassified"
"te_aldecas1","data/te_aldecas1.rsw","data/te_aldecas1.gnd","data/te_aldecas1.gat","120","132","240","264","18","not_yet_parsed","not_yet_tested","not_yet_tested","3919322","unclassified"
"te_aldecas2","data/te_aldecas2.rsw","data/te_aldecas2.gnd","data/te_aldecas2.gat","120","120","240","240","19","not_yet_parsed","not_yet_tested","not_yet_tested","3742462","unclassified"
"te_aldecas3","data/te_aldecas3.rsw","data/te_aldecas3.gnd","data/te_aldecas3.gat","120","150","240","300","19","not_yet_parsed","not_yet_tested","not_yet_tested","3872230","unclassified"
"te_aldecas4","data/te_aldecas4.rsw","data/te_aldecas4.gnd","data/te_aldecas4.gat","120","120","240","240","18","not_yet_parsed","not_yet_tested","not_yet_tested","3476414","unclassified"
"te_aldecas5","data/te_aldecas5.rsw","data/te_aldecas5.gnd","data/te_aldecas5.gat","120","120","240","240","15","not_yet_parsed","not_yet_tested","not_yet_tested","3412530","unclassified"
"te_prt_gld","data/te_prt_gld.rsw","data/te_prt_gld.gnd","data/te_prt_gld.gat","160","160","320","320","21","not_yet_parsed","not_yet_tested","not_yet_tested","5344218","unclassified"
"te_prtcas01","data/te_prtcas01.rsw","data/te_prtcas01.gnd","data/te_prtcas01.gat","110","110","220","220","20","not_yet_parsed","not_yet_tested","not_yet_tested","2970726","unclassified"
"te_prtcas02","data/te_prtcas02.rsw","data/te_prtcas02.gnd","data/te_prtcas02.gat","112","120","224","240","22","not_yet_parsed","not_yet_tested","not_yet_tested","3156506","unclassified"
"te_prtcas03","data/te_prtcas03.rsw","data/te_prtcas03.gnd","data/te_prtcas03.gat","110","120","220","240","17","not_yet_parsed","not_yet_tested","not_yet_tested","3435474","unclassified"
"te_prtcas04","data/te_prtcas04.rsw","data/te_prtcas04.gnd","data/te_prtcas04.gat","150","150","300","300","21","not_yet_parsed","not_yet_tested","not_yet_tested","3919610","unclassified"
"te_prtcas05","data/te_prtcas05.rsw","data/te_prtcas05.gnd","data/te_prtcas05.gat","150","150","300","300","22","not_yet_parsed","not_yet_tested","not_yet_tested","4884238","unclassified"
"teg_dun01","data/teg_dun01.rsw","data/teg_dun01.gnd","data/teg_dun01.gat","150","150","300","300","8","not_yet_parsed","not_yet_tested","not_yet_tested","7135718","unclassified"
"teg_dun02","data/teg_dun02.rsw","data/teg_dun02.gnd","data/teg_dun02.gat","100","100","200","200","7","not_yet_parsed","not_yet_tested","not_yet_tested","2764774","unclassified"
"tha_scene01","data/tha_scene01.rsw","data/tha_scene01.gnd","data/tha_scene01.gat","200","200","400","400","9","not_yet_parsed","not_yet_tested","not_yet_tested","6941422","unclassified"
"tha_t01","data/tha_t01.rsw","data/tha_t01.gnd","data/tha_t01.gat","150","150","300","300","33","not_yet_parsed","not_yet_tested","not_yet_tested","9615746","unclassified"
"tha_t02","data/tha_t02.rsw","data/tha_t02.gnd","data/tha_t02.gat","150","150","300","300","27","not_yet_parsed","not_yet_tested","not_yet_tested","9667550","unclassified"
"tha_t03","data/tha_t03.rsw","data/tha_t03.gnd","data/tha_t03.gat","140","140","280","280","13","not_yet_parsed","not_yet_tested","not_yet_tested","7672182","unclassified"
"tha_t04","data/tha_t04.rsw","data/tha_t04.gnd","data/tha_t04.gat","140","140","280","280","13","not_yet_parsed","not_yet_tested","not_yet_tested","6741606","unclassified"
"tha_t05","data/tha_t05.rsw","data/Tha_t05.gnd","data/Tha_t05.gat","120","120","240","240","25","not_yet_parsed","not_yet_tested","not_yet_tested","7072870","unclassified"
"tha_t06","data/tha_t06.rsw","data/tha_t06.gnd","data/tha_t06.gat","120","120","240","240","9","not_yet_parsed","not_yet_tested","not_yet_tested","7045910","unclassified"
"tha_t07","data/tha_t07.rsw","data/tha_t07.gnd","data/tha_t07.gat","70","100","140","200","10","not_yet_parsed","not_yet_tested","not_yet_tested","2400562","unclassified"
"tha_t08","data/tha_t08.rsw","data/tha_t08.gnd","data/tha_t08.gat","70","100","140","200","6","not_yet_parsed","not_yet_tested","not_yet_tested","2153854","unclassified"
"tha_t09","data/tha_t09.rsw","data/tha_t09.gnd","data/tha_t09.gat","90","90","180","180","7","not_yet_parsed","not_yet_tested","not_yet_tested","1792490","unclassified"
"tha_t10","data/tha_t10.rsw","data/tha_t10.gnd","data/tha_t10.gat","90","90","180","180","5","not_yet_parsed","not_yet_tested","not_yet_tested","1740966","unclassified"
"tha_t11","data/tha_t11.rsw","data/tha_t11.gnd","data/tha_t11.gat","90","90","180","180","7","not_yet_parsed","not_yet_tested","not_yet_tested","1586814","unclassified"
"tha_t12","data/tha_t12.rsw","data/tha_t12.gnd","data/tha_t12.gat","90","90","180","180","4","not_yet_parsed","not_yet_tested","not_yet_tested","1710158","unclassified"
"thana_boss","data/thana_boss.rsw","data/thana_boss.gnd","data/thana_boss.gat","140","140","280","280","8","not_yet_parsed","not_yet_tested","not_yet_tested","2539962","unclassified"
"thana_step","data/thana_step.rsw","data/thana_step.gnd","data/thana_step.gat","120","200","240","400","7","not_yet_parsed","not_yet_tested","not_yet_tested","4200586","unclassified"
"thor_camp","data/thor_camp.rsw","data/thor_camp.gnd","data/thor_camp.gat","150","180","300","360","36","not_yet_parsed","not_yet_tested","not_yet_tested","8975010","unclassified"
"thor_v01","data/thor_v01.rsw","data/thor_v01.gnd","data/thor_v01.gat","150","150","300","300","6","not_yet_parsed","not_yet_tested","not_yet_tested","7134742","unclassified"
"thor_v02","data/thor_v02.rsw","data/thor_v02.gnd","data/thor_v02.gat","120","120","240","240","6","not_yet_parsed","not_yet_tested","not_yet_tested","4736834","unclassified"
"thor_v03","data/thor_v03.rsw","data/thor_v03.gnd","data/thor_v03.gat","150","150","300","300","6","not_yet_parsed","not_yet_tested","not_yet_tested","8113658","unclassified"
"tra_fild","data/tra_fild.rsw","data/tra_fild.gnd","data/tra_fild.gat","100","100","200","200","11","not_yet_parsed","not_yet_tested","not_yet_tested","2415415","unclassified"
"tra_fild01","data/tra_fild01.rsw","data/tra_fild02.gnd","data/tra_fild02.gat","110","110","220","220","15","not_yet_parsed","not_yet_tested","not_yet_tested","2479351","unclassified"
"tra_fild02","data/tra_fild02.rsw","data/tra_fild02.gnd","data/tra_fild02.gat","110","110","220","220","15","not_yet_parsed","not_yet_tested","not_yet_tested","2479351","unclassified"
"tra_fild03","data/tra_fild03.rsw","data/tra_fild02.gnd","data/tra_fild02.gat","110","110","220","220","15","not_yet_parsed","not_yet_tested","not_yet_tested","2479351","unclassified"
"treasure_n1","data/treasure_n1.rsw","data/treasure_n1.gnd","data/treasure_n1.gat","100","100","200","200","11","not_yet_parsed","not_yet_tested","not_yet_tested","2152438","unclassified"
"treasure_n2","data/treasure_n2.rsw","data/treasure_n2.gnd","data/treasure_n2.gat","100","100","200","200","9","not_yet_parsed","not_yet_tested","not_yet_tested","2212174","unclassified"
"treasure01","data/treasure01.rsw","data/treasure01.gnd","data/treasure01.gat","100","100","200","200","11","not_yet_parsed","not_yet_tested","not_yet_tested","2152438","unclassified"
"treasure02","data/treasure02.rsw","data/treasure02.gnd","data/treasure02.gat","100","100","200","200","9","not_yet_parsed","not_yet_tested","not_yet_tested","2212174","unclassified"
"tur_d03_i","data/tur_d03_i.rsw","data/tur_d03_i.gnd","data/tur_d03_i.gat","124","124","248","248","8","not_yet_parsed","not_yet_tested","not_yet_tested","4968143","unclassified"
"tur_d04_i","data/tur_d04_i.rsw","data/tur_d04_i.gnd","data/tur_d04_i.gat","100","100","200","200","12","not_yet_parsed","not_yet_tested","not_yet_tested","4045407","unclassified"
"tur_d04ia","data/tur_d04ia.rsw","data/tur_d04ia.gnd","data/tur_d04ia.gat","100","100","200","200","12","not_yet_parsed","not_yet_tested","not_yet_tested","4045407","unclassified"
"tur_d04ib","data/tur_d04ib.rsw","data/tur_d04ib.gnd","data/tur_d04ib.gat","100","100","200","200","12","not_yet_parsed","not_yet_tested","not_yet_tested","4045407","unclassified"
"tur_dun01","data/tur_dun01.rsw","data/tur_dun01.gnd","data/tur_dun01.gat","150","150","300","300","10","not_yet_parsed","not_yet_tested","not_yet_tested","4778198","unclassified"
"tur_dun02","data/tur_dun02.rsw","data/tur_dun02.gnd","data/tur_dun02.gat","150","150","300","300","8","not_yet_parsed","not_yet_tested","not_yet_tested","7421394","unclassified"
"tur_dun03","data/tur_dun03.rsw","data/tur_dun03.gnd","data/tur_dun03.gat","124","124","248","248","8","not_yet_parsed","not_yet_tested","not_yet_tested","4917798","unclassified"
"tur_dun04","data/tur_dun04.rsw","data/tur_dun04.gnd","data/tur_dun04.gat","100","100","200","200","12","not_yet_parsed","not_yet_tested","not_yet_tested","3949894","unclassified"
"tur_dun05","data/tur_dun05.rsw","data/tur_dun05.gnd","data/tur_dun05.gat","50","50","100","100","8","not_yet_parsed","not_yet_tested","not_yet_tested","968586","unclassified"
"tur_dun06","data/tur_dun06.rsw","data/tur_dun06.gnd","data/tur_dun06.gat","50","50","100","100","8","not_yet_parsed","not_yet_tested","not_yet_tested","954938","unclassified"
"turbo_room","data/turbo_room.rsw","data/turbo_room.gnd","data/turbo_room.gat","100","100","200","200","3","not_yet_parsed","not_yet_tested","not_yet_tested","1941830","unclassified"
"uknw_ruin","data/uknw_ruin.rsw","data/uknw_ruin.gnd","data/uknw_ruin.gat","150","150","300","300","13","not_yet_parsed","not_yet_tested","not_yet_tested","2897667","unclassified"
"uknw_ruin2","data/uknw_ruin2.rsw","data/uknw_ruin2.gnd","data/uknw_ruin2.gat","150","150","300","300","13","not_yet_parsed","not_yet_tested","not_yet_tested","2897787","unclassified"
"um_dun01","data/um_dun01.rsw","data/um_dun01.gnd","data/um_dun01.gat","150","150","300","300","9","not_yet_parsed","not_yet_tested","not_yet_tested","7157494","unclassified"
"um_dun02","data/um_dun02.rsw","data/um_dun02.gnd","data/um_dun02.gat","150","150","300","300","9","not_yet_parsed","not_yet_tested","not_yet_tested","7869858","unclassified"
"um_fild01","data/um_fild01.rsw","data/um_fild01.gnd","data/um_fild01.gat","200","200","400","400","12","not_yet_parsed","not_yet_tested","not_yet_tested","9413774","unclassified"
"um_fild02","data/um_fild02.rsw","data/um_fild02.gnd","data/um_fild02.gat","200","200","400","400","10","not_yet_parsed","not_yet_tested","not_yet_tested","11938306","unclassified"
"um_fild03","data/um_fild03.rsw","data/um_fild03.gnd","data/um_fild03.gat","200","200","400","400","13","not_yet_parsed","not_yet_tested","not_yet_tested","10132938","unclassified"
"um_fild04","data/um_fild04.rsw","data/um_fild04.gnd","data/um_fild04.gat","200","200","400","400","12","not_yet_parsed","not_yet_tested","not_yet_tested","10592994","unclassified"
"um_in","data/um_in.rsw","data/um_in.gnd","data/um_in.gat","100","70","200","140","9","not_yet_parsed","not_yet_tested","not_yet_tested","1303698","unclassified"
"umbala","data/umbala.rsw","data/umbala.gnd","data/umbala.gat","140","172","280","344","8","not_yet_parsed","not_yet_tested","not_yet_tested","6369730","unclassified"
"un_bk_q","data/un_bk_q.rsw","data/un_bk_q.gnd","data/un_bk_q.gat","200","200","400","400","22","not_yet_parsed","not_yet_tested","not_yet_tested","9284254","unclassified"
"un_bunker","data/un_bunker.rsw","data/un_bunker.gnd","data/un_bunker.gat","200","200","400","400","22","not_yet_parsed","not_yet_tested","not_yet_tested","9284254","unclassified"
"un_myst","data/un_myst.rsw","data/un_myst.gnd","data/un_myst.gat","200","110","400","220","18","not_yet_parsed","not_yet_tested","not_yet_tested","4312138","unclassified"
"valkyrie","data/valkyrie.rsw","data/valkyrie.gnd","data/valkyrie.gat","50","50","100","100","12","not_yet_parsed","not_yet_tested","not_yet_tested","487926","unclassified"
"ve_fild01","data/ve_fild01.rsw","data/ve_fild01.gnd","data/ve_fild01.gat","200","200","400","400","44","not_yet_parsed","not_yet_tested","not_yet_tested","7870138","unclassified"
"ve_fild02","data/ve_fild02.rsw","data/ve_fild02.gnd","data/ve_fild02.gat","200","200","400","400","39","not_yet_parsed","not_yet_tested","not_yet_tested","8158666","unclassified"
"ve_fild03","data/ve_fild03.rsw","data/ve_fild03.gnd","data/ve_fild03.gat","200","200","400","400","29","not_yet_parsed","not_yet_tested","not_yet_tested","8040474","unclassified"
"ve_fild04","data/ve_fild04.rsw","data/ve_fild04.gnd","data/ve_fild04.gat","200","200","400","400","30","not_yet_parsed","not_yet_tested","not_yet_tested","8326414","unclassified"
"ve_fild05","data/ve_fild05.rsw","data/ve_fild05.gnd","data/ve_fild05.gat","200","200","400","400","19","not_yet_parsed","not_yet_tested","not_yet_tested","7901406","unclassified"
"ve_fild06","data/ve_fild06.rsw","data/ve_fild06.gnd","data/ve_fild06.gat","200","200","400","400","19","not_yet_parsed","not_yet_tested","not_yet_tested","7127322","unclassified"
"ve_fild07","data/ve_fild07.rsw","data/ve_fild07.gnd","data/ve_fild07.gat","200","200","400","400","14","not_yet_parsed","not_yet_tested","not_yet_tested","7664262","unclassified"
"ve_in","data/ve_in.rsw","data/ve_in.gnd","data/ve_in.gat","200","200","400","400","30","not_yet_parsed","not_yet_tested","not_yet_tested","6050154","unclassified"
"ve_in02","data/ve_in02.rsw","data/ve_in02.gnd","data/ve_in02.gat","50","50","100","100","8","not_yet_parsed","not_yet_tested","not_yet_tested","771666","unclassified"
"veins","data/veins.rsw","data/veins.gnd","data/veins.gat","200","200","400","400","23","not_yet_parsed","not_yet_tested","not_yet_tested","8227518","unclassified"
"veledor","data/veledor.rsw","data/veledor.gnd","data/veledor.gat","156","194","312","388","4","not_yet_parsed","not_yet_tested","not_yet_tested","8339554","unclassified"
"ver_eju","data/ver_eju.rsw","data/ver_eju.gnd","data/ver_eju.gat","150","150","300","300","9","not_yet_parsed","not_yet_tested","not_yet_tested","10458162","unclassified"
"ver_tunn","data/ver_tunn.rsw","data/ver_tunn.gnd","data/ver_tunn.gat","60","50","120","100","6","not_yet_parsed","not_yet_tested","not_yet_tested","675586","unclassified"
"verus01","data/verus01.rsw","data/verus01.gnd","data/verus01.gat","150","150","300","300","14","not_yet_parsed","not_yet_tested","not_yet_tested","6798366","unclassified"
"verus02_a","data/verus02_a.rsw","data/verus02_a.gnd","data/verus02_a.gat","150","150","300","300","15","not_yet_parsed","not_yet_tested","not_yet_tested","7336883","unclassified"
"verus02_b","data/verus02_b.rsw","data/verus02_b.gnd","data/verus02_b.gat","150","150","300","300","15","not_yet_parsed","not_yet_tested","not_yet_tested","7336115","unclassified"
"verus02","data/verus02.rsw","data/verus02.gnd","data/verus02.gat","150","150","300","300","15","not_yet_parsed","not_yet_tested","not_yet_tested","7335779","unclassified"
"verus03","data/verus03.rsw","data/verus03.gnd","data/verus03.gat","140","140","280","280","14","not_yet_parsed","not_yet_tested","not_yet_tested","7828082","unclassified"
"verus04","data/verus04.rsw","data/verus04.gnd","data/verus04.gat","140","140","280","280","14","not_yet_parsed","not_yet_tested","not_yet_tested","5441886","unclassified"
"vis_h01","data/vis_h01.rsw","data/vis_h01.gnd","data/vis_h01.gat","120","120","240","240","7","not_yet_parsed","not_yet_tested","not_yet_tested","4115654","unclassified"
"vis_h02","data/vis_h02.rsw","data/vis_h02.gnd","data/vis_h02.gat","120","120","240","240","7","not_yet_parsed","not_yet_tested","not_yet_tested","4115398","unclassified"
"vis_h03","data/vis_h03.rsw","data/vis_h03.gnd","data/vis_h03.gat","120","120","240","240","7","not_yet_parsed","not_yet_tested","not_yet_tested","4115398","unclassified"
"vis_h04","data/vis_h04.rsw","data/vis_h04.gnd","data/vis_h04.gat","120","120","240","240","7","not_yet_parsed","not_yet_tested","not_yet_tested","4115398","unclassified"
"vr_bob","data/vr_bob.rsw","data/vr_bob.gnd","data/vr_bob.gat","180","200","360","400","19","not_yet_parsed","not_yet_tested","not_yet_tested","6409900","unclassified"
"vr_cas","data/vr_cas.rsw","data/1@vrcas.gnd","data/1@vrcas.gat","200","178","400","356","21","not_yet_parsed","not_yet_tested","not_yet_tested","6984983","unclassified"
"vr_clo1","data/vr_clo1.rsw","data/1@vrclo.gnd","data/1@vrclo.gat","200","150","400","300","29","not_yet_parsed","not_yet_tested","not_yet_tested","6076582","unclassified"
"vr_clo2","data/vr_clo2.rsw","data/2@vrclo.gnd","data/2@vrclo.gat","150","100","300","200","29","not_yet_parsed","not_yet_tested","not_yet_tested","3044767","unclassified"
"vr_gen","data/vr_gen.rsw","data/1@vrgen.gnd","data/1@vrgen.gat","50","50","100","100","8","not_yet_parsed","not_yet_tested","not_yet_tested","741400","unclassified"
"vr_po","data/vr_po.rsw","data/1@vrpo.gnd","data/1@vrpo.gat","120","170","240","340","32","not_yet_parsed","not_yet_tested","not_yet_tested","4132331","unclassified"
"vr_pop1","data/vr_pop1.rsw","data/1@vrpop.gnd","data/1@vrpop.gat","200","200","400","400","31","not_yet_parsed","not_yet_tested","not_yet_tested","7103115","unclassified"
"vr_pop2","data/vr_pop2.rsw","data/2@vrpop.gnd","data/2@vrpop.gat","126","116","252","232","8","not_yet_parsed","not_yet_tested","not_yet_tested","4574514","unclassified"
"vr_pop3","data/vr_pop3.rsw","data/3@vrpop.gnd","data/3@vrpop.gat","126","123","252","246","5","not_yet_parsed","not_yet_tested","not_yet_tested","4831879","unclassified"
"wolfvill","data/wolfvill.rsw","data/wolfvill.gnd","data/wolfvill.gat","150","150","300","300","29","not_yet_parsed","not_yet_tested","not_yet_tested","6385159","unclassified"
"x_lhz","data/x_lhz.rsw","data/x_lhz.gnd","data/x_lhz.gat","70","70","140","140","16","not_yet_parsed","not_yet_tested","not_yet_tested","1233382","unclassified"
"x_prt_evt","data/x_prt_evt.rsw","data/x_prt_evt.gnd","data/x_prt_evt.gat","70","70","140","140","8","not_yet_parsed","not_yet_tested","not_yet_tested","2194159","unclassified"
"x_prt_in","data/x_prt_in.rsw","data/x_prt_in.gnd","data/x_prt_in.gat","30","50","60","100","8","not_yet_parsed","not_yet_tested","not_yet_tested","360493","unclassified"
"x_prt","data/x_prt.rsw","data/x_prt.gnd","data/x_prt.gat","70","70","140","140","5","not_yet_parsed","not_yet_tested","not_yet_tested","1225354","unclassified"
"x_ra","data/x_ra.rsw","data/x_ra.gnd","data/x_ra.gat","70","70","140","140","26","not_yet_parsed","not_yet_tested","not_yet_tested","1428934","unclassified"
"xmas_dun01","data/xmas_dun01.rsw","data/xmas_dun01.gnd","data/xmas_dun01.gat","130","130","260","260","12","not_yet_parsed","not_yet_tested","not_yet_tested","8317970","unclassified"
"xmas_dun02","data/xmas_dun02.rsw","data/xmas_dun02.gnd","data/xmas_dun02.gat","130","130","260","260","14","not_yet_parsed","not_yet_tested","not_yet_tested","8313858","unclassified"
"xmas_fild01","data/xmas_fild01.rsw","data/xmas_fild01.gnd","data/xmas_fild01.gat","140","140","280","280","7","not_yet_parsed","not_yet_tested","not_yet_tested","5053034","unclassified"
"xmas_in","data/xmas_in.rsw","data/xmas_in.gnd","data/xmas_in.gat","100","100","200","200","8","not_yet_parsed","not_yet_tested","not_yet_tested","1697978","unclassified"
"xmas","data/xmas.rsw","data/xmas.gnd","data/xmas.gat","150","180","300","360","25","not_yet_parsed","not_yet_tested","not_yet_tested","7993054","unclassified"
"ygg_edge","data/ygg_edge.rsw","data/ygg_edge.gnd","data/ygg_edge.gat","150","150","300","300","0","not_yet_parsed","not_yet_tested","not_yet_tested","2847141","unclassified"
"ygg_fruit","data/ygg_fruit.rsw","data/ygg_fruit.gnd","data/ygg_fruit.gat","120","120","240","240","2","not_yet_parsed","not_yet_tested","not_yet_tested","2607857","unclassified"
"ygg_roots","data/ygg_roots.rsw","data/ygg_roots.gnd","data/ygg_roots.gat","200","200","400","400","12","not_yet_parsed","not_yet_tested","not_yet_tested","11011185","unclassified"
"yggdrasil01","data/yggdrasil01.rsw","data/yggdrasil01.gnd","data/yggdrasil01.gat","150","150","300","300","5","not_yet_parsed","not_yet_tested","not_yet_tested","5485878","unclassified"
"yuno_fild01","data/yuno_fild01.rsw","data/yuno_fild01.gnd","data/yuno_fild01.gat","200","200","400","400","28","not_yet_parsed","not_yet_tested","not_yet_tested","7605090","unclassified"
"yuno_fild02","data/yuno_fild02.rsw","data/yuno_fild02.gnd","data/yuno_fild02.gat","200","200","400","400","12","not_yet_parsed","not_yet_tested","not_yet_tested","9348974","unclassified"
"yuno_fild03","data/yuno_fild03.rsw","data/yuno_fild03.gnd","data/yuno_fild03.gat","200","200","400","400","17","not_yet_parsed","not_yet_tested","not_yet_tested","9373402","unclassified"
"yuno_fild04","data/yuno_fild04.rsw","data/yuno_fild04.gnd","data/yuno_fild04.gat","200","200","400","400","28","not_yet_parsed","not_yet_tested","not_yet_tested","9167566","unclassified"
"yuno_fild05","data/yuno_fild05.rsw","data/yuno_fild05.gnd","data/yuno_fild05.gat","200","200","400","400","18","not_yet_parsed","not_yet_tested","not_yet_tested","9232306","unclassified"
"yuno_fild06","data/yuno_fild06.rsw","data/yuno_fild06.gnd","data/yuno_fild06.gat","200","200","400","400","15","not_yet_parsed","not_yet_tested","not_yet_tested","9112930","unclassified"
"yuno_fild07","data/yuno_fild07.rsw","data/yuno_fild07.gnd","data/yuno_fild07.gat","200","200","400","400","18","not_yet_parsed","not_yet_tested","not_yet_tested","8330122","unclassified"
"yuno_fild08","data/yuno_fild08.rsw","data/yuno_fild08.gnd","data/yuno_fild08.gat","200","200","400","400","26","not_yet_parsed","not_yet_tested","not_yet_tested","9059030","unclassified"
"yuno_fild09","data/yuno_fild09.rsw","data/yuno_fild09.gnd","data/yuno_fild09.gat","200","200","400","400","17","not_yet_parsed","not_yet_tested","not_yet_tested","10935714","unclassified"
"yuno_fild10","data/yuno_fild10.rsw","data/yuno_fild10.gnd","data/yuno_fild10.gat","200","200","400","400","15","not_yet_parsed","not_yet_tested","not_yet_tested","9886454","unclassified"
"yuno_fild11","data/yuno_fild11.rsw","data/yuno_fild11.gnd","data/yuno_fild11.gat","200","200","400","400","15","not_yet_parsed","not_yet_tested","not_yet_tested","8388318","unclassified"
"yuno_fild12","data/yuno_fild12.rsw","data/yuno_fild12.gnd","data/yuno_fild12.gat","200","200","400","400","27","not_yet_parsed","not_yet_tested","not_yet_tested","8104510","unclassified"
"yuno_in01","data/yuno_in01.rsw","data/yuno_in01.gnd","data/yuno_in01.gat","100","100","200","200","12","not_yet_parsed","not_yet_tested","not_yet_tested","1779546","unclassified"
"yuno_in02","data/yuno_in02.rsw","data/yuno_in02.gnd","data/yuno_in02.gat","100","120","200","240","14","not_yet_parsed","not_yet_tested","not_yet_tested","2444822","unclassified"
"yuno_in03","data/yuno_in03.rsw","data/yuno_in03.gnd","data/yuno_in03.gat","130","108","260","216","17","not_yet_parsed","not_yet_tested","not_yet_tested","3370394","unclassified"
"yuno_in04","data/yuno_in04.rsw","data/yuno_in04.gnd","data/yuno_in04.gat","100","70","200","140","15","not_yet_parsed","not_yet_tested","not_yet_tested","1494154","unclassified"
"yuno_in05","data/yuno_in05.rsw","data/yuno_in05.gnd","data/yuno_in05.gat","100","100","200","200","12","not_yet_parsed","not_yet_tested","not_yet_tested","2667286","unclassified"
"yuno_pre","data/yuno_pre.rsw","data/yuno_pre.gnd","data/yuno_pre.gat","70","70","140","140","12","not_yet_parsed","not_yet_tested","not_yet_tested","997462","unclassified"
"yuno","data/yuno.rsw","data/yuno.gnd","data/yuno.gat","200","200","400","400","43","not_yet_parsed","not_yet_tested","not_yet_tested","9779630","unclassified"
